id,title,date,article_url,place_of_accident,district,number_of_deaths,number_of_injured,vehicle_type,cause_of_accident,country,report_type,type_of_accident,accident_date,accident_time,month,month_num,condition,accident_hour,month_name,cause_of_accident_normalized
6,"Road accident in Cox’s Bazar leaves 3 dead, 7 injured",2025-06-16 11:43:58,https://en.prothomalo.com/bangladesh/accident/3q4jf6sork,chattogram-cox’s bazar highway in ramu upazila,Cox's Bazar,3,7,"Bus, Covered Van",head-on collision,Bangladesh,event,road accident,2025-06-16,11:43:58,Jun,6,,11,Jun,head-on collision
8,"Two killed, four injured in Khulna road accident",2025-06-09 12:29:25,https://en.prothomalo.com/bangladesh/accident/u3nfbf5ycw,darogar bhita area near rupsha bridge,Khulna,2,4,"Truck, Easy Bike",head-on collision,Bangladesh,event,road accident,2025-06-09,12:29:25,Jun,6,,12,Jun,head-on collision
12,Marma girl's accident injury being propagated as communal murder,2025-01-18 17:15:50,https://en.prothomalo.com/bangladesh/ij8ukl3niq,chattogram,Chattogram,0,1,Motorcycle,bike accident,Bangladesh,event,road accident,2025-01-18,17:15:50,Jan,1,Clear sky,17,Jan,motorcycle accident
15,Four killed in two separate accidents on expressway,2025-01-03 11:19:06,https://en.prothomalo.com/bangladesh/accident/5akfsiu8uf,nimtala area in sirajdikhan upazila,Munshiganj,2,5,"Bus, Covered Van",bus rammed into a parked covered van,Bangladesh,event,road accident,2025-01-03,11:19:06,Jan,1,Mainly clear,11,Jan,bus rammed into a parked covered van
16,"Cause of accident, whereabouts of driver still unknown after 24 hrs",2024-12-28 14:09:42,https://en.prothomalo.com/bangladesh/local-news/d95k7greo0,dhaleshwari toll plaza on dhaka-mawa expressway,Dhaka,6,0,"Bus, Cars",,Bangladesh,event,road accident,2024-12-28,14:09:42,Dec,12,Partly cloudy,14,Dec,
17,One killed as 10 vehicles collide in 4 accidents on Mawa expressway,2024-12-22 11:51:02,https://en.prothomalo.com/bangladesh/local-news/em33yk509m,dhaka-mawa expressway,Munshiganj,1,15,"Cars, Trucks, Motorcycles",low visibility amid dense fog,Bangladesh,event,road accident,2024-12-22,11:51:02,Dec,12,Partly cloudy,11,Dec,low visibility amid dense fog
18,Disinformation spreads in India about Shyamoli bus accident in Brahmanbaria,2024-12-04 11:48:35,https://en.prothomalo.com/bangladesh/mi7u26jp9c,dhaka-agartala-dhaka route,Brahmanbaria,0,0,"Bus, Truck",deliberate collision,Bangladesh,event,road accident,2024-12-04,11:48:35,Dec,12,Overcast,11,Dec,deliberate collision
20,JU student dies in battery run rickshaw accident on campus,2024-11-19 22:51:52,https://en.prothomalo.com/bangladesh/accident/cdqgoni80b,"jahangirnagar university, near the shaheed minar, adjacent to the new arts building",Dhaka,1,0,Battery-Run Rickshaw,,Bangladesh,event,road accident,2024-11-19,22:51:52,Nov,11,Clear sky,22,Nov,
21,Compliance to traffic rules can prevent road accidents,2024-11-18 23:11:08,https://en.prothomalo.com/bangladesh/accident/cacgtffvp5,brac learning centre in faridpur,Faridpur,0,0,,not adhering to traffic rules,Bangladesh,event,road accident,2024-11-18,23:11:08,Nov,11,Clear sky,23,Nov,not adhering to traffic rules
24,Four of same family killed in Sirajganj road accident,2024-08-19 13:06:58,https://en.prothomalo.com/bangladesh/accident/o3r3r11xjp,hatikumrul-banpara highway near the hatikumrul area,Sirajganj,4,1,Truck And Private Car,head-on collision,Bangladesh,event,road accident,2024-08-19,13:06:58,Aug,8,Moderate rain,13,Aug,head-on collision
34,Poor people left out of road accident compensation,2024-05-06 14:08:09,https://en.prothomalo.com/bangladesh/accident/i17ct6bkqx,kanchan of rupganj,Narayanganj,1,3,Bhatbhati,,Bangladesh,event,road accident,2024-05-06,14:08:09,May,5,Heavy rain,14,May,
35,Road accidents: Killing on the highways continues unabated,2024-04-26 15:54:27,https://en.prothomalo.com/bangladesh/accident/a3uemohepq,faridpur,Faridpur,15,0,Bus And Small Truck,"excessive speed, driver's drowsiness, an easy-bike in front of the bus, no fitness certificate for the bus, illegal passenger carrying by the truck, ruts and potholes on the road",Bangladesh,event,road accident,2024-04-26,15:54:27,Apr,4,Mainly clear,15,Apr,excessive speed drivers drowsiness an easybike in front of the bus no fitness certificate for the bus illegal passenger carrying by the truck ruts and potholes on the road
36,17 killed in separate road accidents including 9 in Sajek,2024-04-25 10:30:57,https://en.prothomalo.com/bangladesh/accident/v9yuz4e527,daripara area of baghaichari,Rangamati,9,6,Minitruck,driver lost control over its steering,Bangladesh,event,road accident,2024-04-25,10:30:57,Apr,4,,10,Apr,driver lost control over its steering
38,Motorbike accidents: 125 under treatment in same hospital in two days,2024-04-13 10:04:30,https://en.prothomalo.com/bangladesh/accident/j3fjw6ujz8,"shyamoli, dhaka",Faridpur,0,1,"Motorbike, Nasimon","nasimon suddenly loomed before him, lost control",Bangladesh,event,road accident,2024-04-13,10:04:30,Apr,4,Partly cloudy,10,Apr,nasimon suddenly loomed before him lost control
39,5 including 4 women killed in Gopalganj road accident,2024-03-20 18:00:32,https://en.prothomalo.com/bangladesh/accident/p7zoa7y3hk,chagalchira-domarkandi road,Gopalganj,5,0,"Microbus, Bus",collision between bus and microbus,Bangladesh,event,road accident,2024-03-20,18:00:32,Mar,3,Moderate rain,18,Mar,collision between bus and microbus
42,Road accident kills 7 in Pirojpur,2024-03-08 14:58:22,https://en.prothomalo.com/bangladesh/accident/odn5hyn644,beltala area of pirojpur sadar upazila,Pirojpur,7,0,"Bus, Easy Bike, Motorcycle",bus ran over an easy bike and a motorcycle,Bangladesh,event,road accident,2024-03-08,14:58:22,Mar,3,Clear sky,14,Mar,bus ran over an easy bike and a motorcycle
43,"Father, daughter killed in motorbike accident on Bangabandhu Expressway",2024-02-21 19:03:06,https://en.prothomalo.com/bangladesh/local-news/l8wttn5g3y,bangabandhu sheikh mujibur rahman expressway near hasara fish market,Munshiganj,2,0,Motorcycle,,Bangladesh,event,road accident,2024-02-21,19:03:06,Feb,2,Partly cloudy,19,Feb,
44,NISCHA decides stop providing information on accidents,2024-01-29 17:48:18,https://en.prothomalo.com/bangladesh/accident/304qo59kw5,national press club,Dhaka,0,0,,inconsistent data from various agencies,Bangladesh,event,road accident,2024-01-29,17:48:18,Jan,1,Precipitation not reaching ground,17,Jan,inconsistent data from various agencies
54,Compensation for victims of road accidents from 22 October,2023-10-02 09:09:38,https://en.prothomalo.com/bangladesh/2z4ex90y8k,maligram area on bangabandhu sheikh mujibur rahman highway (dhaka-bhanga expressway),Faridpur,8,0,Ambulance,hit the guardrail of the highway and caught fire,Bangladesh,event,road accident,2023-10-02,09:09:38,Oct,10,Moderate rain,9,Oct,hit the guardrail of the highway and caught fire
57,4 killed in Brahmanbaria road accident,2023-08-21 20:58:13,https://en.prothomalo.com/bangladesh/accident/obnq6z6rly,dhaka-sylhet highway in sohagpur bus stand area,Brahmanbaria,4,3,Covered Van And Cng-Run Auto-Rickshaw,covered van hit a cng-run auto-rickshaw,Bangladesh,event,road accident,2023-08-21,20:58:13,Aug,8,Partly cloudy,20,Aug,covered van hit a cngrun autorickshaw
60,"Road accidents: Why is the law not implemented?

",2023-08-07 09:39:20,https://en.prothomalo.com/opinion/editorial/x5us9wakow,jhalakathi,Jhalokati,17,0,Bus,"driver's rashness, unprofessional behaviour, driving heavy vehicles with light vehicle driving license, and deteriorated road condition.",Bangladesh,event,road accident,2023-08-07,09:39:20,Aug,8,Heavy rain,9,Aug,drivers rashness unprofessional behaviour driving heavy vehicles with light vehicle driving license and deteriorated road condition
63,Two killed in Tangail road accident,2023-08-05 20:44:08,https://en.prothomalo.com/bangladesh/accident/5lppc2ia60,kalihati upazila,Tangail,2,0,"Car, Motorcycle",collision,Bangladesh,event,road accident,2023-08-05,20:44:08,Aug,8,Heavy rain,20,Aug,collision
64,Two killed in Gazipur road accident,2023-08-04 14:26:18,https://en.prothomalo.com/bangladesh/accident/pszobbrvkz,dhaka-tangail highway,Gazipur,2,8,Microbus,,Bangladesh,event,road accident,2023-08-04,14:26:18,Aug,8,Moderate rain,14,Aug,
65,ASI killed in Cumilla road accident,2023-08-03 10:07:25,https://en.prothomalo.com/bangladesh/accident/6uz33z1545,chapitala union,Cumilla,1,1,"Motorcycle, Auto Rickshaw",collision between motorcycle and auto rickshaw,Bangladesh,event,road accident,2023-08-03,10:07:25,Aug,8,Light rain,10,Aug,collision between motorcycle and auto rickshaw
66,3 killed in Rajshahi road accident,2023-08-02 15:41:11,https://en.prothomalo.com/bangladesh/accident/yx9im5af9f,mohanpur area,Rajshahi,3,5,"Cattle-Laden Human Hauler, A Truck And A Battery-Run Auto Rickshaw",collision,Bangladesh,event,road accident,2023-08-02,15:41:11,Aug,8,,15,Aug,collision
67,Road accident kills three in Kurigram,2023-07-29 09:57:51,https://en.prothomalo.com/bangladesh/accident/5lhag15dma,kurigram-bhurungamari regional highway,Kurigram,3,0,Motorcycle,,Bangladesh,event,road accident,2023-07-29,09:57:51,Jul,7,Light rain,9,Jul,
69,University student among 2 killed in Dhaka road accidents,2023-07-14 09:26:24,https://en.prothomalo.com/bangladesh/accident/3n9bqir0ye,rampura and hatirjheel,Dhaka,2,0,,,Bangladesh,event,road accident,2023-07-14,09:26:24,Jul,7,Light rain,9,Jul,
72,3 die in Nilphamari road accidents,2023-07-08 21:02:37,https://en.prothomalo.com/bangladesh/accident/jkwqpguiw2,jaldhaka and kishoreganj upazilas of nilphamari,Nilphamari,3,0,,,Bangladesh,event,road accident,2023-07-08,21:02:37,Jul,7,Moderate rain,21,Jul,
76,7 victims of Faridpur road accident identified,2023-06-24 19:14:50,https://en.prothomalo.com/bangladesh/accident/8b32ggknca,dhaka-bhanga expressway near the maligram flyover,Faridpur,7,0,Ambulance,hitting the railing of a road and catching fire,Bangladesh,event,road accident,2023-06-24,19:14:50,Jun,6,Light rain,19,Jun,hitting the railing of a road and catching fire
79,3 killed in Lalmonirhat road accident,2023-06-03 11:44:10,https://en.prothomalo.com/bangladesh/accident/ghrigz3nw4,lalmonirhat-burimari highway in kaliganj upazila,Lalmonirhat,3,6,Truck And Cng-Run Auto-Rickshaw,truck rammed into a cng-run auto-rickshaw,Bangladesh,event,road accident,2023-06-03,11:44:10,Jun,6,Light rain,11,Jun,truck rammed into a cngrun autorickshaw
80,2 killed in separate city accidents,2023-06-02 15:00:15,https://en.prothomalo.com/bangladesh/accident/yzn70z5qyf,jatrabari chourasta mor,Dhaka,2,0,Bus,bus hit miraz and fled the scene,Bangladesh,event,road accident,2023-06-02,15:00:15,Jun,6,Light rain,15,Jun,bus hit miraz and fled the scene
83,Two college students killed in Kushtia road accident,2023-05-25 20:30:04,https://en.prothomalo.com/bangladesh/accident/9xly1owkch,paikpara mirzapur village,Kushtia,2,0,Motorbike And Bus,head-on collision,Bangladesh,event,road accident,2023-05-25,20:30:04,May,5,Heavy rain,20,May,head-on collision
84,Three killed in Jhenaidah road accident,2023-05-05 11:25:00,https://en.prothomalo.com/bangladesh/accident/wt082mzzrn,kotchandpur upazila,Jhenaidah,3,7,Battery-Run Van And Pick-Up Van,collision,Bangladesh,event,road accident,2023-05-05,11:25:00,May,5,Light rain,11,May,collision
86,"Police SI, ACC official killed in Barishal road accident",2023-04-23 10:13:47,https://en.prothomalo.com/bangladesh/accident/n8aa9tej5l,barishal-jhalokathi highway,Barishal,2,0,"Bus, Motorcycle",speeding bus rammed into motorcycle,Bangladesh,event,road accident,2023-04-23,10:13:47,Apr,4,Light rain,10,Apr,speeding bus rammed into motorcycle
89,Motorcyclist killed in Bhola road accident,2023-04-10 15:31:05,https://en.prothomalo.com/bangladesh/accident/bekkqkkzqp,howladar market area,Bhola,1,1,"Motorcycle, Road Roller",lost control over the bike and hit a standing road roller,Bangladesh,event,road accident,2023-04-10,15:31:05,Apr,4,Smoke,15,Apr,lost control over the bike and hit a standing road roller
92,Four reasons behind Madaripur road accident,2023-03-23 22:17:00,https://en.prothomalo.com/bangladesh/accident/eucfsdzmlg,padma bridge expressway,Munshiganj,0,0,Bus,"lacking in professionalism, reckless driving, driver's inefficiency to drive the heavy vehicle",Bangladesh,event,road accident,2023-03-23,22:17:00,Mar,3,Light rain,22,Mar,lacking in professionalism reckless driving drivers inefficiency to drive the heavy vehicle
93,"Transport minister should step down over Madaripur accident: BNP

",2023-03-21 15:54:06,https://en.prothomalo.com/bangladesh/politics/nbt5usiy21,padma bridge expressway,Madaripur,21,0,Bus,fitness certificate and route permit issues,Bangladesh,event,road accident,2023-03-21,15:54:06,Mar,3,Heavy rain,15,Mar,fitness certificate and route permit issues
95,Three killed in Dinajpur road accident,2023-03-21 09:47:11,https://en.prothomalo.com/bangladesh/accident/66q77hg4w7,"dinajpur-rangpur highway, in front of the darbarpur jame masjid",Dinajpur,3,8,"Pickup Van, Bus",crash,Bangladesh,event,road accident,2023-03-21,09:47:11,Mar,3,Light rain,9,Mar,crash
96,Driver's exhaustion lead to accident,2023-03-20 20:00:44,https://en.prothomalo.com/bangladesh/accident/2a0cqmc7kn,padma bridge expressway in kutubpur under shibpur upazila of madaripur,Madaripur,19,0,Bus,speeding and exhaustion,Bangladesh,event,road accident,2023-03-20,20:00:44,Mar,3,Moderate rain,20,Mar,speeding and exhaustion
97,Bus conductor killed in city road accident,2023-03-20 15:54:22,https://en.prothomalo.com/bangladesh/accident/n07mfq5eqa,azimpur bus stand,Dhaka,1,0,Bus,knocked down by an unidentified vehicle,Bangladesh,event,road accident,2023-03-20,15:54:22,Mar,3,Heavy rain,15,Mar,knocked down by an unidentified vehicle
99,"Emad Paribahan bus: Route permit was suspended, involved in accident earlier",2023-03-19 20:11:36,https://en.prothomalo.com/bangladesh/fumgm71qkk,padma bridge expressway at shibchar,Madaripur,19,25,Bus,driver lost control,Bangladesh,event,road accident,2023-03-19,20:11:36,Mar,3,Moderate rain,20,Mar,driver lost control
100,"Shibchar bus accident: Two die at Dhaka Medical, death toll rises to 19",2023-03-19 15:24:53,https://en.prothomalo.com/bangladesh/accident/pjq80wq6fj,shibchar,Madaripur,19,2,,,Bangladesh,event,road accident,2023-03-19,15:24:53,Mar,3,Moderate rain,15,Mar,
101,Two killed in separate accidents in Sylhet,2023-03-14 09:15:48,https://en.prothomalo.com/bangladesh/accident/xfm3omxiik,goalabazar,Sylhet,1,0,Local Bus,fell from a moving bus,Bangladesh,event,road accident,2023-03-14,09:15:48,Mar,3,Partly cloudy,9,Mar,fell from a moving bus
102,4 dead as microbus catches fire after accident in Mymensingh,2023-03-13 11:48:49,https://en.prothomalo.com/bangladesh/accident/dawjry8qtu,dhaka-mymensingh highway in trishal upazila,Mymensingh,4,7,Microbus,overturned and caught fire,Bangladesh,event,road accident,2023-03-13,11:48:49,Mar,3,Mainly clear,11,Mar,overturned and caught fire
103,"2 women killed in separate road accidents in Dinajpur

",2023-03-10 22:56:51,https://en.prothomalo.com/bangladesh/accident/urw6qun2ar,chirirbandar upazila and nawabganj upazila,Dinajpur,2,0,,,Bangladesh,event,road accident,2023-03-10,22:56:51,Mar,3,Partly cloudy,22,Mar,
105,"Five killed in road accidents in Tangail, Lalmonirhat",2023-03-02 09:14:34,https://en.prothomalo.com/bangladesh/accident/qh8h0ip1xd,analiabari area of bangabandu bridge link road under kalihati upazila,Tangail,3,15,Pick-Up Van,lost control and fell into a roadside ditch,Bangladesh,event,road accident,2023-03-02,09:14:34,Mar,3,Clear sky,9,Mar,lost control and fell into a roadside ditch
108,Five killed in Narsingdi road accident,2023-02-26 16:54:30,https://en.prothomalo.com/bangladesh/accident/i8ddjv1sx2,bhatpara shakurar intersection,Narsingdi,5,9,,,Bangladesh,event,road accident,2023-02-26,16:54:30,Feb,2,Clear sky,16,Feb,
109,Road accident kills five Bangladeshi nationals in South Africa,2023-02-24 19:05:09,https://en.prothomalo.com/bangladesh/ic1ls2t9ny,south africa,Feni,5,2,,,Bangladesh,event,road accident,2023-02-24,19:05:09,Feb,2,Partly cloudy,19,Feb,
110,"Road accidents leave 3, including 2 siblings, dead",2023-02-05 15:53:11,https://en.prothomalo.com/bangladesh/accident/lti0brylkr,mokamtala and kalibala areas,,3,20,,,Bangladesh,event,road accident,2023-02-05,15:53:11,Feb,2,,15,Feb,
118,Road accidents kill 2 in Sirajganj,2023-01-07 20:49:04,https://en.prothomalo.com/bangladesh/accident/rbltn31q7z,mulibari railgate area,Sirajganj,2,4,Truck,hit by a truck,Bangladesh,event,road accident,2023-01-07,20:49:04,Jan,1,Clear sky,20,Jan,hit by a truck
119,Magura road accident leaves one dead,2023-01-02 15:54:48,https://en.prothomalo.com/bangladesh/accident/w2zzcen74q,mohammadpur upazila,Dhaka,1,1,"Motorcycle, Three-Wheeler, Auto-Rickshaw",collision,Bangladesh,event,road accident,2023-01-02,15:54:48,Jan,1,Clear sky,15,Jan,collision
123,Two killed in Kushtia road accident,2022-12-25 11:20:50,https://en.prothomalo.com/bangladesh/accident/dod4w3hr4c,shyamnagar market area,Kushtia,2,0,"Motorcycle, Trolley",motorcycle collided with a trolley,Bangladesh,event,road accident,2022-12-25,11:20:50,Dec,12,Clear sky,11,Dec,motorcycle collided with a trolley
124,"Road accidents in Kurigram, Savar kill five",2022-12-24 19:04:01,https://en.prothomalo.com/bangladesh/accident/fcppmtvwqr,trimohini area of the kurigram-rangpur road and on phulbari-dharla road in phulbari upazila,Kurigram,5,5,"Bus, Auto-Rickshaw",vehicle lost control and rammed into another vehicle and a grocery store,Bangladesh,event,road accident,2022-12-24,19:04:01,Dec,12,Partly cloudy,19,Dec,vehicle lost control and rammed into another vehicle and a grocery store
127,Three of a family killed in Madaripur accident,2022-12-04 09:34:32,https://en.prothomalo.com/bangladesh/accident/k24j74j6xa,madaripur,Madaripur,3,0,Tractor,tractor overturned and fell into a canal,Bangladesh,event,road accident,2022-12-04,09:34:32,Dec,12,Clear sky,9,Dec,tractor overturned and fell into a canal
128,Accident on DU campus: Driver sued under road transport act,2022-12-03 11:07:35,https://en.prothomalo.com/bangladesh/city/sx58w2j5ph,dhaka university campus,Dhaka,1,0,Car,reckless driving,Bangladesh,event,road accident,2022-12-03,11:07:35,Dec,12,Clear sky,11,Dec,reckless driving
129,Three killed in Chandpur road accident,2022-11-27 12:44:54,https://en.prothomalo.com/bangladesh/accident/g96orf0y45,beribadh road in bagan bari union,Chandpur,3,0,Bike And Trolley Truck,head-on collision,Bangladesh,event,road accident,2022-11-27,12:44:54,Nov,11,Clear sky,12,Nov,head-on collision
131,Four killed in road accident in Cumilla,2022-10-31 20:15:38,https://en.prothomalo.com/bangladesh/accident/a18fsxnc96,katerpool area,Cumilla,4,2,"Pick-Up Van, Cng-Run Auto Rickshaw, Bus","reckless bus hit pick-up van from behind, causing it to run over an auto rickshaw",Bangladesh,event,road accident,2022-10-31,20:15:38,Oct,10,Dust or sand whirls,20,Oct,reckless bus hit pickup van from behind causing it to run over an auto rickshaw
132,Four killed in Gazipur road accident,2022-10-15 11:48:53,https://en.prothomalo.com/bangladesh/accident/ni38r7x7im,dhaka-mymensingh highway in telipara,Gazipur,4,0,"Rickshaw Van, Buses",vehicle was pressed in between two buses,Bangladesh,event,road accident,2022-10-15,11:48:53,Oct,10,Mainly clear,11,Oct,vehicle was pressed in between two buses
135,"3 killed, 9 injured in Sirajganj microbus accident",2022-10-04 14:17:59,https://en.prothomalo.com/bangladesh/accident/9ogz0539cc,sirajganj flyover,Sirajganj,3,9,"Microbus, Bus","speeding bus hit microbus, crashed into railing",Bangladesh,event,road accident,2022-10-04,14:17:59,Oct,10,Moderate rain,14,Oct,speeding bus hit microbus crashed into railing
139,"Zebra crossing, speed breaker on road after CU teacher’s death in accident",2022-09-03 21:38:07,https://en.prothomalo.com/bangladesh/accident/v4nwnlpxa8,university's gate no. 1 area,Chattogram,1,0,Microbus,,Bangladesh,event,road accident,2022-09-03,21:38:07,Sep,9,Moderate rain,21,Sep,
142,Female college student killed in road accident on Hanif flyover   ,2022-08-30 20:30:40,https://en.prothomalo.com/bangladesh/accident/wutt7skjp9,"mayor hanif flyover, sayedabad area",Dhaka,1,0,Motorcycle,vehicle hit motorbike,Bangladesh,event,road accident,2022-08-30,20:30:40,Aug,8,Partly cloudy,20,Aug,vehicle hit motorbike
143,School girl killed in city road accident,2022-08-24 13:57:39,https://en.prothomalo.com/bangladesh/accident/hnela78bm6,jurain area,Dhaka,1,1,Auto Rickshaw,speeding,Bangladesh,event,road accident,2022-08-24,13:57:39,Aug,8,Light rain,13,Aug,speeding
145,"Five deaths: It’s murder, not accident",2022-08-17 20:55:17,https://en.prothomalo.com/bangladesh/gi1lc3v7th,"brt project, dhaka’s hazrat shahjalal international airport to gazipur",Gazipur,5,0,Car,"indiscipline, negligence and carelessness",Bangladesh,event,road accident,2022-08-17,20:55:17,Aug,8,Light rain,20,Aug,indiscipline negligence and carelessness
146,"Project plagued with negligence, cost overrun and accidents ",2022-08-16 16:22:41,https://en.prothomalo.com/bangladesh/city/ws3g50ngxd,"jasimuddin road area in uttara, airport road",Dhaka,5,0,"Car, Flyover Girders",collapse of brt flyover girders,Bangladesh,event,road accident,2022-08-16,16:22:41,Aug,8,Moderate rain,16,Aug,collapse of brt flyover girders
147,2 bikers killed in Pabna accident,2022-08-14 10:55:32,https://en.prothomalo.com/bangladesh/accident/pvykx4zcd6,pabna-pakshi highway,Pabna,2,0,"Truck, Motorcycle",speeding truck hit their motorcycle,Bangladesh,event,road accident,2022-08-14,10:55:32,Aug,8,Moderate rain,10,Aug,speeding truck hit their motorcycle
148,75-yr-old killed in road accident in Dhaka,2022-08-10 13:30:04,https://en.prothomalo.com/bangladesh/accident/wa3qhqgjrs,shyampur in the city’s jurain area,Dhaka,1,0,Truck,hit by a truck,Bangladesh,event,road accident,2022-08-10,13:30:04,Aug,8,Moderate rain,13,Aug,hit by a truck
153,Couple among three killed in Cumilla road accident,2022-07-24 14:09:51,https://en.prothomalo.com/bangladesh/accident/qeg2bik9ln,dhaka-chattogram highway in illiotganj area,Dhaka,3,0,Car,hit a roadside tree,Bangladesh,event,road accident,2022-07-24,14:09:51,Jul,7,Moderate rain,14,Jul,hit a roadside tree
155,Worker killed in Kurigram road accident,2022-07-22 13:00:35,https://en.prothomalo.com/bangladesh/accident/qvyz83oyrr,chandipur bridge,Kurigram,1,0,Truck,driver lost control of the vehicle,Bangladesh,event,road accident,2022-07-22,13:00:35,Jul,7,Moderate rain,13,Jul,driver lost control of the vehicle
159,Road accident kills three in Tangail ,2022-07-16 11:40:48,https://en.prothomalo.com/bangladesh/local-news/1nwvs8zhyn,mirzapur,Tangail,3,20,Passenger Bus And Parked Truck,passenger bus rammed into a parked truck,Bangladesh,event,road accident,2022-07-16,11:40:48,Jul,7,Light rain,11,Jul,passenger bus rammed into a parked truck
160,"Three killed in Gazipur flyover road accident
",2022-07-15 15:50:06,https://en.prothomalo.com/bangladesh/accident/1w560y6b4j,konabari flyover,Gazipur,3,1,"Car, Motorcycle",collision,Bangladesh,event,road accident,2022-07-15,15:50:06,Jul,7,Heavy rain,15,Jul,collision
161,Three youths killed in Dinajpur road accident,2022-07-13 18:38:07,https://en.prothomalo.com/bangladesh/accident/60tm6706yp,dinajpur sadar upazila,Dinajpur,3,2,Car,fell into a roadside ditch,Bangladesh,event,road accident,2022-07-13,18:38:07,Jul,7,Light rain,18,Jul,fell into a roadside ditch
162,Three killed in Keraniganj road accident,2022-07-10 14:28:31,https://en.prothomalo.com/bangladesh/city/three-killed-in-keraniganj-road-accident,dhaka-mawa highway,Dhaka,3,0,"Pickup Van, Truck",truck hit their vehicle,Bangladesh,event,road accident,2022-07-10,14:28:31,Jul,7,Light rain,14,Jul,truck hit their vehicle
164,Road accident kills four in Tangail,2022-07-09 13:16:20,https://en.prothomalo.com/bangladesh/local-news/road-accident-kills-four-in-tangail,dhanbari,Tangail,4,0,"Bus, Van",bus hit their van,Bangladesh,event,road accident,2022-07-09,13:16:20,Jul,7,Light rain,13,Jul,bus hit their van
165,Two killed in Faridpur road accident,2022-07-08 10:43:24,https://en.prothomalo.com/bangladesh/accident/two-killed-in-faridpur-road-accident,"dhaka-khulna highway, arkandi area, madhukhali upazila",Faridpur,2,0,"Auto-Rickshaw, Truck",speeding truck hit auto-rickshaw,Bangladesh,event,road accident,2022-07-08,10:43:24,Jul,7,Moderate rain,10,Jul,speeding truck hit autorickshaw
167,Man killed in Chapainawabganj road accident,2022-07-04 13:02:02,https://en.prothomalo.com/bangladesh/accident/man-killed-in-chapainawabganj-road-accident,moharajpur chowdhurypara intersection,Nawabganj,1,0,,,Bangladesh,event,road accident,2022-07-04,13:02:02,Jul,7,Moderate rain,13,Jul,
168,2 motorcyclists die in first accident on Padma Bridge,2022-06-27 11:23:35,https://en.prothomalo.com/bangladesh/accident/2-motorcyclists-die-in-first-accident-on-padma-bridge,padma bridge,,2,0,Motorcycle,,Bangladesh,event,road accident,2022-06-27,11:23:35,Jun,6,,11,Jun,
169,Bangladesh counts highest death rates from bike accidents ,2022-06-18 00:04:08,https://en.prothomalo.com/bangladesh/accident/bangladesh-counts-highest-death-rates-from-bike-accidents,amtali bridge,Sherpur,1,0,Motorcycle,lost control and fell,Bangladesh,event,road accident,2022-06-18,00:04:08,Jun,6,Heavy rain,0,Jun,lost control and fell
172,Seven killed in road accidents in three districts,2022-06-04 08:39:33,https://en.prothomalo.com/bangladesh/accident/seven-killed-in-road-accidents-in-three-districts,teghoria,Dhaka,5,1,"Cng-Run Auto-Rickshaw, Lorry",collision,Bangladesh,event,road accident,2022-06-04,08:39:33,Jun,6,Light rain,8,Jun,collision
174,"Two killed, 11 injured in Khulna road accident",2022-06-01 13:07:08,https://en.prothomalo.com/bangladesh/accident/two-killed-11-injured-in-khulna-road-accident,gutudia area of dumuria upazila,Khulna,2,11,"Bus, Bike",speeding bus hit a bike before plunging into a roadside ditch,Bangladesh,event,road accident,2022-06-01,13:07:08,Jun,6,Heavy rain,13,Jun,speeding bus hit a bike before plunging into a roadside ditch
175,Policeman killed in city road accident,2022-05-31 16:18:44,https://en.prothomalo.com/bangladesh/accident/policeman-killed-in-city-road-accident,kakrail crossing,Dhaka,1,0,"Motorcycle, Covered Van",covered van hit his motorcycle,Bangladesh,event,road accident,2022-05-31,16:18:44,May,5,Moderate rain,16,May,covered van hit his motorcycle
177,ASI killed in road accident in Chattogram,2022-05-20 22:41:27,https://en.prothomalo.com/bangladesh/accident/asi-killed-in-road-accident-in-chattogram,cement crossing area,Chattogram,1,0,,on duty,Bangladesh,event,road accident,2022-05-20,22:41:27,May,5,Moderate rain,22,May,on duty
179,7 killed in Gopalganj road accident,2022-05-14 13:00:22,https://en.prothomalo.com/bangladesh/accident/7-killed-in-gopalganj-road-accident,south fukra area,Gopalganj,7,0,"Bus, Private Car, Motorcycle",collision,Bangladesh,event,road accident,2022-05-14,13:00:22,May,5,Light rain,13,May,collision
180,Two teens killed in Munshiganj car accident,2022-05-14 11:48:28,https://en.prothomalo.com/bangladesh/accident/two-teens-killed-in-munshiganj-car-accident,tongibari upazila,Munshiganj,2,1,Car,plunged into a canal,Bangladesh,event,road accident,2022-05-14,11:48:28,May,5,Light rain,11,May,plunged into a canal
181,830 killed in motorcycle accidents in four months,2022-05-09 13:39:58,https://en.prothomalo.com/bangladesh/accident/830-killed-in-motorcycle-accidents-in-four-months,national institute of traumatology and orthopaedic rehabilitation (nitor),Dhaka,0,16,Motorcycle,,Bangladesh,event,road accident,2022-05-09,13:39:58,May,5,Light rain,13,May,
183,Two killed in Jhalakathi road accident,2022-05-04 12:21:23,https://en.prothomalo.com/bangladesh/accident/two-killed-in-jhalakathi-road-accident,barisal-patuakhali highway,Jhalokati,2,1,"Bike, Battery-Run Three-Wheeler",collision,Bangladesh,event,road accident,2022-05-04,12:21:23,May,5,Moderate rain,12,May,collision
184,2 killed in road accident on Khilgaon flyover,2022-04-29 10:57:19,https://en.prothomalo.com/bangladesh/accident/2-killed-in-road-accident-on-khilgaon-flyover,khilgaon flyover,Dhaka,2,0,"Motorcycle, Lorry",lorry hit motorcyclists,Bangladesh,event,road accident,2022-04-29,10:57:19,Apr,4,Light rain,10,Apr,lorry hit motorcyclists
185,Biker killed in Chattogram road accident,2022-04-13 13:20:39,https://en.prothomalo.com/bangladesh/accident/biker-killed-in-chattogram-road-accident,near the bgb office in the bazalia area of satkania upazila,Chattogram,1,1,"Bus, Motorcycle",speeding bus,Bangladesh,event,road accident,2022-04-13,13:20:39,Apr,4,Moderate rain,13,Apr,speeding bus
187,Child death in road accidents on the rise: Road Safety Foundation,2022-04-05 17:40:42,https://en.prothomalo.com/bangladesh/accident/child-death-in-road-accidents-on-the-rise-road-safety-foundation,dhaka,Dhaka,3,0,"Truck, Motorcycle",truck accident,Bangladesh,event,road accident,2022-04-05,17:40:42,Apr,4,Partly cloudy,17,Apr,truck accident
190,"NSU student killed in ‘road accident’ on Khilkhet flyover

",2022-04-01 16:37:51,https://en.prothomalo.com/bangladesh/city/nsu-student-killed-in-road-accident-on-khilkhet-flyover,khilkhet flyover,Dhaka,1,0,,suspected road accident,Bangladesh,event,road accident,2022-04-01,16:37:51,Apr,4,Dense rain,16,Apr,suspected road accident
191,Death of a mother: Murder or accident?,2022-03-31 19:51:57,https://en.prothomalo.com/opinion/op-ed/death-of-a-mother-murder-or-accident,navy market in mirpur 14,Dhaka,1,2,"Passenger Bus, Rickshaw",reckless driving by both drivers,Bangladesh,event,road accident,2022-03-31,19:51:57,Mar,3,Dense rain,19,Mar,reckless driving by both drivers
192,Pori Moni injured in ‘accident’,2022-03-28 10:01:29,https://en.prothomalo.com/entertainment/movies/pori-moni-injured-in-accident,evercare hospital,Dhaka,0,1,,accident,Bangladesh,event,road accident,2022-03-28,10:01:29,Mar,3,Partly cloudy,10,Mar,accident
194,Road accident on Dhaka-Sylhet highway kills 3,2022-03-17 12:38:07,https://en.prothomalo.com/bangladesh/accident/road-accident-on-dhaka-sylhet-highway-kills-3,dhaka-sylhet highway,Narsingdi,3,0,"Bus, Microbus",head-on collision,Bangladesh,event,road accident,2022-03-17,12:38:07,Mar,3,Partly cloudy,12,Mar,head-on collision
195,Couple killed in Nilphamari road accident,2022-03-13 16:53:40,https://en.prothomalo.com/bangladesh/accident/couple-killed-in-nilphamari-road-accident,kazirhat,Nilphamari,2,0,Road Crash,,Bangladesh,event,road accident,2022-03-13,16:53:40,Mar,3,Clear sky,16,Mar,
196,Two killed in bike accidents in Dhaka,2022-03-11 16:42:54,https://en.prothomalo.com/bangladesh/accident/two-killed-in-bike-accidents-in-dhaka,mirpur area,Dhaka,2,2,Motorcycle,,Bangladesh,event,road accident,2022-03-11,16:42:54,Mar,3,Partly cloudy,16,Mar,
198,"Road accident kills biker in Dhaka, motorcycle missing ",2022-02-22 21:08:07,https://en.prothomalo.com/bangladesh/accident/road-accident-kills-biker-in-dhaka-motorcycle-missing,kasaibari railgate area,Dhaka,1,0,"Bus, Motorcycle",bus ran over a man riding a motorcycle,Bangladesh,event,road accident,2022-02-22,21:08:07,Feb,2,Partly cloudy,21,Feb,bus ran over a man riding a motorcycle
199,Cox's Bazar road accident: Raktim finally loses battle for life,2022-02-22 12:17:39,https://en.prothomalo.com/bangladesh/accident/coxs-bazar-road-accident-raktim-finally-loses-battle-for-life,chittagong medical college hospital,Chattogram,1,0,Pickup Van,hit by a pickup van,Bangladesh,event,road accident,2022-02-22,12:17:39,Feb,2,Clear sky,12,Feb,hit by a pickup van
200,"Woman, grandchild killed in Gazipur road accident",2022-02-12 15:58:41,https://en.prothomalo.com/bangladesh/accident/woman-grandchild-killed-in-gazipur-road-accident,mc bazar,Gazipur,2,0,"Auto-Rickshaw, Bike","collision between auto-rickshaws and a bike, leading to overturning",Bangladesh,event,road accident,2022-02-12,15:58:41,Feb,2,Clear sky,15,Feb,collision between autorickshaws and a bike leading to overturning
201,"2 killed, 10 injured in Dinajpur bus accident",2022-02-12 12:12:22,https://en.prothomalo.com/bangladesh/accident/2-killed-10-injured-in-dinajpur-bus-accident,chirirbandar,Dinajpur,2,10,Bus,fell into a roadside ditch,Bangladesh,event,road accident,2022-02-12,12:12:22,Feb,2,Clear sky,12,Feb,fell into a roadside ditch
202,Four brothers die in road accident,2022-02-08 14:06:22,https://en.prothomalo.com/bangladesh/accident/four-brothers-die-in-road-accident,malumghat area of chakaria upazila,Cox's Bazar,4,4,Pick-Up Van,the pick-up van hit them while crossing the highway.,Bangladesh,event,road accident,2022-02-08,14:06:22,Feb,2,Partly cloudy,14,Feb,the pickup van hit them while crossing the highway
203,"2 killed in Cumilla road accident

",2022-02-04 17:16:32,https://en.prothomalo.com/bangladesh/accident/2-killed-in-cumilla-road-accident,nazira bazar area of cumilla's burichang upazila,Cumilla,2,0,Motorcycle,,Bangladesh,event,road accident,2022-02-04,17:16:32,Feb,2,Moderate rain,17,Feb,
204,Gulshan restaurant manager killed in road accident,2022-02-04 13:48:47,https://en.prothomalo.com/bangladesh/accident/gulshan-restaurant-manager-killed-in-road-accident,rampura,Dhaka,1,0,"Motorcycle, Oil Tanker",oil tanker hit motorcycle,Bangladesh,event,road accident,2022-02-04,13:48:47,Feb,2,Moderate rain,13,Feb,oil tanker hit motorcycle
206,Three killed in Manikganj road accident ,2022-01-29 17:28:29,https://en.prothomalo.com/bangladesh/accident/three-killed-in-manikganj-road-accident,mahadevpur bus stand on the dhaka-aricha highway,Dhaka,3,0,"Bus, Auto-Rickshaw",bus hit an auto-rickshaw,Bangladesh,event,road accident,2022-01-29,17:28:29,Jan,1,Clear sky,17,Jan,bus hit an autorickshaw
207,Two killed in road accident in Joypurhat ,2022-01-22 16:20:57,https://en.prothomalo.com/bangladesh/accident/two-killed-in-road-accident-in-joypurhat,"joypurhat-bogura road, shalbon area",Joypurhat,2,0,"Passenger Bus, Pickup Van",collision due to dense fog,Bangladesh,event,road accident,2022-01-22,16:20:57,Jan,1,Partly cloudy,16,Jan,collision due to dense fog
209,Journalist killed in Hatirjheel road accident,2022-01-19 10:15:24,https://en.prothomalo.com/bangladesh/accident/journalist-killed-in-hatirjheel-road-accident,begunbari area of hatirjheel,Dhaka,1,0,Vehicle,run over by a speeding vehicle,Bangladesh,event,road accident,2022-01-19,10:15:24,Jan,1,Light rain,10,Jan,run over by a speeding vehicle
211,Four killed in separate bike accidents,2022-01-14 21:30:43,https://en.prothomalo.com/bangladesh/accident/four-killed-in-separate-bike-accidents,china intersection in shambhuganj,Mymensingh,3,1,"Truck, Motorcycle",truck hit motorcycle,Bangladesh,event,road accident,2022-01-14,21:30:43,Jan,1,Partly cloudy,21,Jan,truck hit motorcycle accident
213,"2 killed, 5 injured in Natore road accident",2022-01-12 11:15:28,https://en.prothomalo.com/bangladesh/accident/2-killed-5-injured-in-natore-road-accident,takia area of natore sadar upazila,Natore,2,5,"Bus, Truck, Rickshaw Van",collision,Bangladesh,event,road accident,2022-01-12,11:15:28,Jan,1,Light rain,11,Jan,collision
216,"Four killed, 10 injured in Sirajganj road accident",2021-12-31 14:01:17,https://en.prothomalo.com/bangladesh/accident/four-killed-10-injured-in-sirajganj-road-accident,hatikumrul-bonpara highway near goja bridge area,Sirajganj,4,10,"Bus, Van",bus overturned and fell on a van,Bangladesh,event,road accident,2021-12-31,14:01:17,Dec,12,Clear sky,14,Dec,bus overturned and fell on a van
220,"2 killed, 3 injured in road accident in Dinajpur",2021-12-11 12:56:25,https://en.prothomalo.com/bangladesh/accident/2-killed-3-injured-in-road-accident-in-dinajpur,dinajpur-panchagarh highway,Dinajpur,2,3,"Truck, Cycle Van",truck hit a cycle van,Bangladesh,event,road accident,2021-12-11,12:56:25,Dec,12,Clear sky,12,Dec,truck hit a cycle van
224,College student dies in Panchagarh road accident,2021-12-07 08:59:21,https://en.prothomalo.com/bangladesh/accident/college-student-dies-in-panchagarh-road-accident,panchagarh sadar upazila,Panchagarh,1,0,Motorcycle And A Three-Wheeler,head-on collision,Bangladesh,event,road accident,2021-12-07,08:59:21,Dec,12,,8,Dec,head-on collision
226,University student killed in city road accident,2021-12-04 14:12:54,https://en.prothomalo.com/bangladesh/accident/university-student-killed-in-city-road-accident,kaola area near hazrat shahjalal international airport,Dhaka,1,0,Truck,run over by a truck,Bangladesh,event,road accident,2021-12-04,14:12:54,Dec,12,Dense rain,14,Dec,run over by a truck
227,Student’s death in Rampura not merely an accident: Obaidul Quader,2021-12-02 09:03:04,https://en.prothomalo.com/bangladesh/government/students-death-in-rampura-not-merely-an-accident-obaidul-quader,"rampura, city",Dhaka,1,0,Bus,"accident news spreading, leading to arson",Bangladesh,event,road accident,2021-12-02,09:03:04,Dec,12,Partly cloudy,9,Dec,accident news spreading leading to arson
229,Two of a family killed in Keraniganj road accident,2021-11-27 22:07:40,https://en.prothomalo.com/bangladesh/accident/two-of-a-family-killed-in-keraniganj-road-accident,postogola bridge,Dhaka,2,1,Pickup Van,hit them,Bangladesh,event,road accident,2021-11-27,22:07:40,Nov,11,Clear sky,22,Nov,hit them
231,"2 killed, 8 injured in separate road accidents in Dinajpur",2021-11-19 15:46:13,https://en.prothomalo.com/bangladesh/accident/2-killed-8-injured-in-separate-road-accidents-in-dinajpur,chakarampur village,Dinajpur,2,8,,,Bangladesh,event,road accident,2021-11-19,15:46:13,Nov,11,Partly cloudy,15,Nov,
233,"Five killed, one injured in Gaibandha road accident",2021-11-19 11:35:58,https://en.prothomalo.com/bangladesh/accident/five-killed-one-injured-in-gaibandha-road-accident,bakchar area on the bogura-rangpur highway,Gaibandha,5,1,,,Bangladesh,event,road accident,2021-11-19,11:35:58,Nov,11,Partly cloudy,11,Nov,
234,Two sisters killed in Lakshmipur road accident,2021-11-13 15:14:18,https://en.prothomalo.com/bangladesh/accident/two-sisters-killed-in-lakshmipur-road-accident,palerhat area of the lakshmipur-ramganj highway,Lakshmipur,2,0,Truck,speeding truck run over,Bangladesh,event,road accident,2021-11-13,15:14:18,Nov,11,Light rain,15,Nov,speeding truck run over
235,4 including 3 of a family killed in Kurigram road accident,2021-11-12 15:47:59,https://en.prothomalo.com/bangladesh/accident/4-including-3-of-a-family-killed-in-kurigram-road-accident,nageshwari area,Kurigram,4,1,"Bus, Auto-Rickshaw",head-on collision,Bangladesh,event,road accident,2021-11-12,15:47:59,Nov,11,Partly cloudy,15,Nov,head-on collision
237,3 killed in Gazipur road accident,2021-11-05 11:32:35,https://en.prothomalo.com/bangladesh/accident/3-killed-in-gazipur-road-accident,mc bazar area,Gazipur,3,1,Pick-Up Van,ploughed into them,Bangladesh,event,road accident,2021-11-05,11:32:35,Nov,11,Partly cloudy,11,Nov,ploughed into them
238,"Mother, son killed in Gaibandha road accident",2021-11-05 09:05:41,https://en.prothomalo.com/bangladesh/accident/mother-son-killed-in-gaibandha-road-accident,gobindaganj,Gaibandha,2,0,"Truck, Motorcycle",truck hit a motorcycle,Bangladesh,event,road accident,2021-11-05,09:05:41,Nov,11,Partly cloudy,9,Nov,truck hit a motorcycle
239,School student killed in Patuakhali bike accident,2021-11-02 11:51:26,https://en.prothomalo.com/bangladesh/accident/school-student-killed-in-patuakhali-bike-accident,payra bridge in lebukhali,Patuakhali,1,3,Motorbikes,head-on collision,Bangladesh,event,road accident,2021-11-02,11:51:26,Nov,11,Partly cloudy,11,Nov,head-on collision
240,"Two killed in Sylhet road accident

",2021-10-29 20:15:38,https://en.prothomalo.com/bangladesh/accident/two-killed-in-sylhet-road-accident-2,sylhet-tamabil highway at jaintapur,Sylhet,2,0,Private Car And Cng-Run Auto Rickshaw,head-on collision,Bangladesh,event,road accident,2021-10-29,20:15:38,Oct,10,Duststorm or sandstorm,20,Oct,head-on collision
242,2 killed in Mymensingh road crash,2025-09-13 14:02:46,https://en.prothomalo.com/bangladesh/accident/xmi9mzllmi,dhaka-mymensingh highway,Mymensingh,2,15,Bus,head-on collision,Bangladesh,event,road accident,2025-09-13,14:02:46,Sep,9,,14,Sep,head-on collision
243,2 killed in Mymensingh road crash,2025-09-13 14:02:46,https://en.prothomalo.com/bangladesh/2-killed-in-Mymensingh-road-crash-3,dhaka-mymensingh highway,Mymensingh,2,15,Bus,head-on-collision,Bangladesh,event,road accident,2025-09-13,14:02:46,Sep,9,,14,Sep,headoncollision
244,2 killed in Mymensingh road crash,2025-09-13 14:02:46,https://en.prothomalo.com/bangladesh/2-killed-in-Mymensingh-road-crash,dhaka-mymensingh highway,Mymensingh,2,15,Bus,head-on collision,Bangladesh,event,road accident,2025-09-13,14:02:46,Sep,9,,14,Sep,head-on collision
245,Five killed as passenger bus plunges into Rehmatkhali canal in Lakshmipur,2025-09-06 14:45:40,https://en.prothomalo.com/bangladesh/accident/6dflb8jcub,rehmatkhali canal in the chandraganj area of lakshmipur sadar upazila,Lakshmipur,5,0,Bus,lost control and fell into the canal,Bangladesh,event,road accident,2025-09-06,14:45:40,Sep,9,,14,Sep,lost control and fell into the canal
246,Parents and two sons die together on their way home,2025-08-23 11:53:26,https://en.prothomalo.com/bangladesh/accident/wrea5pewdr,dhaka to cumilla road,Cumilla,4,0,Car,road accident,Bangladesh,event,road accident,2025-08-23,11:53:26,Aug,8,,11,Aug,road accident
247,3 killed as car crashes into motorcycle carrying 4,2025-08-22 12:42:25,https://en.prothomalo.com/bangladesh/accident/vly9kyzg80,"dhaka-bhanga expressway, nimtala area",Dhaka,3,1,"Motorcycle, Car",car crashed into motorcycle,Bangladesh,event,road accident,2025-08-22,12:42:25,Aug,8,,12,Aug,car crashed into motorcycle
248,Five killed as pickup crashes into stationary covered van in Chattogram,2025-08-18 10:03:30,https://en.prothomalo.com/bangladesh/accident/65b44w5ry2,city gate area of chattogram,Chattogram,5,0,"Pickup Van, Covered Van",pickup van lost control and rammed into the back of a stationary covered van,Bangladesh,event,road accident,2025-08-18,10:03:30,Aug,8,,10,Aug,pickup van lost control and rammed into the back of a stationary covered van
249,Tangail road crash kills 3,2025-08-07 12:52:07,https://en.prothomalo.com/bangladesh/accident/efcrowfo5t,bilaspur bot tala area,Tangail,3,1,Pickup Van And A Motorcycle,collision,Bangladesh,event,road accident,2025-08-07,12:52:07,Aug,8,,12,Aug,collision
250,7 die as microbus plunges into canal in Noakhali,2025-08-06 09:54:37,https://en.prothomalo.com/bangladesh/accident/iqomr1ds4s,alaiyapur union,Noakhali,7,0,Microbus,plunged into a roadside canal,Bangladesh,event,road accident,2025-08-06,09:54:37,Aug,8,,9,Aug,plunged into a roadside canal
252,"One dead, six injured as truck rams into bus on expressway",2025-08-01 13:58:54,https://en.prothomalo.com/bangladesh/accident/gk81rr1cwx,dhaka–mawa expressway near the kamarkhola bridge,Munshiganj,1,6,"Freight Truck, Passenger Bus",freight truck crashed into a stationary passenger bus,Bangladesh,event,road accident,2025-08-01,13:58:54,Aug,8,,13,Aug,freight truck crashed into a stationary passenger bus
256,6 killed in truck-microbus head-on collision in Natore,2025-07-23 12:31:33,https://en.prothomalo.com/bangladesh/accident/uadfdte32x,baraigram,Natore,6,2,"Truck, Microbus",head-on collision,Bangladesh,event,road accident,2025-07-23,12:31:33,Jul,7,,12,Jul,head-on collision
261,4 dead in Gazipur road crash,2025-07-19 11:11:47,https://en.prothomalo.com/bangladesh/accident/8uk6u76l8a,barachala on the mawna-kaliakoir regional road,Gazipur,4,0,Covered Van And Cng-Run Auto Rickshaw,collision between covered van and cng-run auto rickshaw,Bangladesh,event,road accident,2025-07-19,11:11:47,Jul,7,,11,Jul,collision between covered van and cngrun auto rickshaw
262,Two DNCC cleaners killed by covered van in Khilkhet,2025-07-06 12:14:49,https://en.prothomalo.com/bangladesh/accident/2k7jh7phsb,in front of the le meridian hotel,Dhaka,2,0,Covered Van,run over by a covered van,Bangladesh,event,road accident,2025-07-06,12:14:49,Jul,7,,12,Jul,run over by a covered van
263,"Bus-truck collision leaves 3 dead, 10 injured in Pabna",2025-07-04 11:17:48,https://en.prothomalo.com/bangladesh/accident/pqwc6ur0c2,dhaka-pabna highway in santhia upazila,Pabna,3,10,"Bus, Truck",head-on collision,Bangladesh,event,road accident,2025-07-04,11:17:48,Jul,7,,11,Jul,head-on collision
264,Truck runs over 3 pedestrians in Uttara,2025-06-29 12:15:51,https://en.prothomalo.com/bangladesh/accident/kflqq9523u,azampur area,Dhaka,3,0,Stone-Laden Truck,run over by a truck,Bangladesh,event,road accident,2025-06-29,12:15:51,Jun,6,,12,Jun,run over by a truck
265,4 killed as bus rams into truck on Munshiganj Expressway,2025-06-28 09:38:06,https://en.prothomalo.com/bangladesh/accident/mh87qva50k,dhaka–mawa expressway in srinagar upazila of munshiganj,Munshiganj,4,15,Passenger Bus And Truck,passenger bus slammed into the rear of a truck,Bangladesh,event,road accident,2025-06-28,09:38:06,Jun,6,,9,Jun,passenger bus slammed into the rear of a truck
266,10 killed in Mymensingh road crashes,2025-06-21 08:40:37,https://en.prothomalo.com/bangladesh/accident/wf1jxrcdkp,kodaldar area on the mymensingh-phulpur road,Mymensingh,10,8,"Cng Auto-Rickshaw, Ambulance",head-on collision,Bangladesh,event,road accident,2025-06-21,08:40:37,Jun,6,,8,Jun,head-on collision
267,"5 dead, 15 injured in Dinajpur road crash",2025-06-14 09:32:40,https://en.prothomalo.com/bangladesh/accident/v1ae546ux7,nurjahanpur area of ghoraghat upazila,Dinajpur,5,15,"Bus, Truck",bus crashed into a parked truck,Bangladesh,event,road accident,2025-06-14,09:32:40,Jun,6,,9,Jun,bus crashed into a parked truck
268,Road crash kills 2 in Chandpur,2025-06-09 09:25:36,https://en.prothomalo.com/bangladesh/accident/ju40itab2g,matlab upazila,Chandpur,2,5,"Bus, Cng-Run Auto-Rickshaw",head-on collision,Bangladesh,event,road accident,2025-06-09,09:25:36,Jun,6,,9,Jun,head-on collision
269,Father and son hit and killed by car on the way to Eid congregation,2025-06-07 13:38:26,https://en.prothomalo.com/bangladesh/accident/0ush16ixzz,"bamunia, along the dhaka-rangpur highway",Dhaka,2,0,Car,hit and killed by a car,Bangladesh,event,road accident,2025-06-07,13:38:26,Jun,6,,13,Jun,hit and killed by a car
270,Man rescued alive 2hrs after being trapped between bus and tree,2025-06-06 15:59:52,https://en.prothomalo.com/bangladesh/accident/bf6wklny52,mesordia intersection,Faridpur,0,1,Bus,trapped between a bus and a tree,Bangladesh,event,road accident,2025-06-06,15:59:52,Jun,6,,15,Jun,trapped between a bus and a tree
271,3 pedestrians killed as truck hits easy bike in Sherpur,2025-06-05 11:57:04,https://en.prothomalo.com/bangladesh/accident/zse9nzaivh,mobarakpur mahishaband area of sreebardi-longaorpara road,Sherpur,3,0,"Truck, Easy Bike",truck struck their easy bike,Bangladesh,event,road accident,2025-06-05,11:57:04,Jun,6,,11,Jun,truck struck their easy bike
272,"5 killed, 4 injured in Faridpur bus-Mahindra collision",2025-06-04 09:51:46,https://en.prothomalo.com/bangladesh/accident/v7ud23a09i,bablatala area of chumurdi union,Faridpur,5,4,Bus And Mahindra,head-on collision,Bangladesh,event,road accident,2025-06-04,09:51:46,Jun,6,,9,Jun,head-on collision
273,4 of a family killed in Sylhet landslide,2025-06-01 09:41:17,https://en.prothomalo.com/bangladesh/accident/rjjr6svn20,golapganj upazila,Sylhet,4,0,,landslide,Bangladesh,event,road accident,2025-06-01,09:41:17,Jun,6,,9,Jun,landslide
275,"3 killed, 30 injured in Gopalganj road crash",2025-05-16 09:06:22,https://en.prothomalo.com/bangladesh/accident/zvzjh402cp,dhaka-khulna highway in gopalganj,Gopalganj,3,30,Passenger Bus And A Truck,speeding truck coming from the opposite direction,Bangladesh,event,road accident,2025-05-16,09:06:22,May,5,Light rain,9,May,speeding truck coming from the opposite direction
276,Met Office issues lightning alert in 12 dists,2025-04-30 17:47:13,https://en.prothomalo.com/bangladesh/accident/9k248c4b6s,,Jashore,0,0,,"lightning, gusty/squally winds",Bangladesh,event,road accident,2025-04-30,17:47:13,Apr,4,Moderate rain,17,Apr,lightning gustysqually winds
277,5 killed in Rangamati road crash,2025-04-26 15:44:09,,chattogram-rangamati road in rubber bagan area,Rangamati,5,1,Pickup And Cng-Run Auto-Rickshaw,collision,Bangladesh,event,road accident,2025-04-26,15:44:09,Apr,4,,15,Apr,collision
278,Youth critically injured after being shot in Hatirjheel,2025-04-20 13:24:28,,morol goli area of hatirjheel,Madaripur,0,1,,shot by unidentified assailants,Bangladesh,event,road accident,2025-04-20,13:24:28,Apr,4,Moderate rain,13,Apr,shot by unidentified assailants
279,Two of a family killed in Sylhet road accident  ,2021-09-18 17:14:09,https://en.prothomalo.com/bangladesh/accident/two-of-a-family-killed-in-sylhet-road-accident,ranaping fazilpur on sylhet-jockyganj highway,Sylhet,2,4,Private Car And Pickup Van,collision,Bangladesh,event,road accident,2021-09-18,17:14:09,Sep,9,Moderate rain,17,Sep,collision
281,Three motorcyclists killed in Rangpur road accident,2021-09-08 15:15:05,https://en.prothomalo.com/bangladesh/accident/three-motorcyclists-killed-in-rangpur-road-accident,khiyarpara point on the mithapukur-fulbari regional highway,Rangpur,3,0,Motorcycle,hit a roadside tree,Bangladesh,event,road accident,2021-09-08,15:15:05,Sep,9,Moderate rain,15,Sep,hit a roadside tree
282,"HC rules for creating fund to compensate road accident victims, families",2021-09-06 18:26:22,https://en.prothomalo.com/bangladesh/crime-and-law/hc-rules-for-creating-fund-to-compensate-road-accident-victims-families,high court,Dhaka,0,0,,legal proceedings regarding compensation for victims,Bangladesh,event,road accident,2021-09-06,18:26:22,Sep,9,Moderate rain,18,Sep,legal proceedings regarding compensation for victims
283,"2 killed, 2 injured in Madaripur accident",2021-09-05 08:55:00,https://en.prothomalo.com/bangladesh/accident/2-killed-2-injured-in-madaripur-accident,karnapara,Madaripur,2,2,Bus And Auto-Run Rickshaw-Van,collision,Bangladesh,event,road accident,2021-09-05,08:55:00,Sep,9,Light rain,8,Sep,collision
284,‘Networker Baire’ artistes survive horrific accident,2021-08-27 16:17:04,https://en.prothomalo.com/bangladesh/city/networker-baire-artistes-survive-horrific-accident,gulshan area,Dhaka,0,5,Car,hit an electric pole,Bangladesh,event,road accident,2021-08-27,16:17:04,Aug,8,Moderate rain,16,Aug,hit an electric pole
285,Road accident claims 6 lives in Habiganj,2021-08-16 13:01:02,https://en.prothomalo.com/bangladesh/accident/road-accident-claims-6-lives-in-habiganj,nosrotpur gate area on dhaka-sylhet highway,Habiganj,6,0,"Truck, Cng-Run Auto-Rickshaw",head-on collision,Bangladesh,event,road accident,2021-08-16,13:01:02,Aug,8,Moderate rain,13,Aug,head-on collision
287,"3 killed, 25 injured in Rangpur road accident",2021-07-21 18:05:25,https://en.prothomalo.com/bangladesh/accident/3-killed-25-injured-in-rangpur-road-accident,dhaka-dinajpur highway in taraganj upazila,Rangpur,3,25,Bus,head-on collision,Bangladesh,event,road accident,2021-07-21,18:05:25,Jul,7,Light rain,18,Jul,head-on collision
289,Kushtia road accidents kill 3,2021-07-14 16:04:45,https://en.prothomalo.com/bangladesh/accident/kushtia-road-accidents-kill-3,kushtia-jhenaidah highway near madhupur haat,Kushtia,2,0,Truck And Motorbike,collision,Bangladesh,event,road accident,2021-07-14,16:04:45,Jul,7,Light rain,16,Jul,collision
293,Three killed in  Mymensingh road accident,2021-06-23 14:29:34,https://en.prothomalo.com/bangladesh/accident/three-killed-in-mymensingh-road-accident,mymensingh-tangail highway in rasulpur area,Mymensingh,3,0,Motorcycle,,Bangladesh,event,road accident,2021-06-23,14:29:34,Jun,6,Moderate rain,14,Jun,
294,2 killed in Fatullah road accident,2021-06-19 22:29:35,https://en.prothomalo.com/bangladesh/accident/2-killed-in-fatullah-road-accident,old dhaka-narayanganj highway adjacent to masdair amena garments,Narayanganj,2,0,"Battery-Run Auto-Rickshaw, Covered Van",collision,Bangladesh,event,road accident,2021-06-19,22:29:35,Jun,6,Heavy rain,22,Jun,collision
295,"7 killed in three road accidents in Chattogram, Rangamati

",2021-06-18 22:58:55,https://en.prothomalo.com/bangladesh/accident/7-killed-in-three-road-accidents-in-chattogram-rangamati,epz steel mills bazar and shikalbaha area of karnafuli police station,Chattogram,7,22,Bus,bus overturned,Bangladesh,event,road accident,2021-06-18,22:58:55,Jun,6,Heavy rain,22,Jun,bus overturned
296,ASI killed in Chattogram road accident,2021-06-11 14:41:21,https://en.prothomalo.com/bangladesh/accident/asi-killed-in-chattogram-road-accident,meheraj khan ghata,Chattogram,1,0,,hit by a vehicle,Bangladesh,event,road accident,2021-06-11,14:41:21,Jun,6,Light rain,14,Jun,hit by a vehicle
297,4 sustain burns in Savar factory accident,2021-06-04 11:40:46,https://en.prothomalo.com/bangladesh/accident/4-sustain-burns-in-savar-factory-accident,savar,Dhaka,0,4,Factory Equipment,hot water spill from boiler,Bangladesh,event,road accident,2021-06-04,11:40:46,Jun,6,Light rain,11,Jun,hot water spill from boiler
299,"Mother-son killed in Sylhet road accident

",2021-05-16 20:29:33,https://en.prothomalo.com/bangladesh/accident/mother-son-killed-in-sylhet-road-accident,dhaka-sylhet highway,Sylhet,2,5,Private Car And Bus,head-on collision,Bangladesh,event,road accident,2021-05-16,20:29:33,May,5,Light rain,20,May,head-on collision
300,"RAB member, another killed in Gazipur road accident ",2021-05-12 22:50:23,https://en.prothomalo.com/bangladesh/accident/rab-member-another-killed-in-gazipur-road-accident,dhaka-mymensingh highway,Gazipur,2,4,Microbus And Rab Vehicle,microbus hit a stationary rab vehicle,Bangladesh,event,road accident,2021-05-12,22:50:23,May,5,Heavy rain,22,May,microbus hit a stationary rab vehicle
301,3 killed in Chattogram road accident ,2021-05-10 20:05:10,https://en.prothomalo.com/bangladesh/accident/3-killed-in-chattogram-road-accident,"banshkhali upazila, chattogram",Chattogram,3,2,"Truck, Auto Rickshaw",head-on collision between truck and auto rickshaw,Bangladesh,event,road accident,2021-05-10,20:05:10,May,5,Light rain,20,May,headon collision between truck and auto rickshaw
302,Road accident kills two workers in Noakhali,2021-05-04 19:09:06,https://en.prothomalo.com/bangladesh/accident/road-accident-kills-two-workers-in-noakhali,begumganj-chowmuhani road near eklashpur bazar area,Noakhali,2,0,"Pickup, Rickshaw Van",pickup hit a rickshaw van,Bangladesh,event,road accident,2021-05-04,19:09:06,May,5,Light rain,19,May,pickup hit a rickshaw van
303,Couple killed in Meherpur road accident,2021-05-04 17:57:59,https://en.prothomalo.com/bangladesh/accident/couple-killed-in-meherpur-road-accident,amjhupi-garadove highway,Meherpur,2,5,Car,returning home after receiving chemotherapy,Bangladesh,event,road accident,2021-05-04,17:57:59,May,5,Moderate rain,17,May,returning home after receiving chemotherapy
304,"4 killed, 7 injured in Rangpur road accident",2021-04-30 15:45:26,https://en.prothomalo.com/bangladesh/accident/4-killed-7-injured-in-rangpur-road-accident,rangpur-dhaka highway,Rangpur,4,7,Truck,driver lost control over the steering while overtaking another truck,Bangladesh,event,road accident,2021-04-30,15:45:26,Apr,4,Partly cloudy,15,Apr,driver lost control over the steering while overtaking another truck
306,Shitalakshya sees 50 accidents a year as river narrows,2021-04-15 13:38:43,https://en.prothomalo.com/bangladesh/shitalakshya-sees-50-accidents-a-year-as-river-narrows,"koilaghat area, shitalakshya river",Narayanganj,0,0,Cargo Vessel (Bulkhead),collision with a steel pillar due to swerving to avoid another vessel,Bangladesh,event,road accident,2021-04-15,13:38:43,Apr,4,Light rain,13,Apr,collision with a steel pillar due to swerving to avoid another vessel
307,21 policemen injured in Brahmanbaria accident,2021-04-05 12:24:56,https://en.prothomalo.com/bangladesh/accident/21-policemen-injured-in-brahmanbaria-accident,cumilla-sylhet highway at pirbari in sadar upazila,Cumilla,0,21,"Bus, Police Van",bus hit a police van,Bangladesh,event,road accident,2021-04-05,12:24:56,Apr,4,Mainly clear,12,Apr,bus hit a police van
308,Implement transport act to halt road accident deaths,2021-03-29 14:39:47,https://en.prothomalo.com/opinion/editorial/implement-transport-act-to-halt-road-accident-deaths,katakhali,Rajshahi,17,0,"Microbus, Bus",collision between microbus and bus while giving way to a bamboo-laden van,Bangladesh,event,road accident,2021-03-29,14:39:47,Mar,3,,14,Mar,collision between microbus and bus while giving way to a bambooladen van
311,"Police officer killed in Feni bike accident

",2021-03-17 11:49:23,https://en.prothomalo.com/bangladesh/accident/police-officer-killed-in-feni-bike-accident,chengarpole,Feni,1,1,"Tractor, Bike",speeding tractor crashed into their bike,Bangladesh,event,road accident,2021-03-17,11:49:23,Mar,3,Clear sky,11,Mar,speeding tractor crashed into their bike
312,"One killed, 3 injured in Panchagarh road accident ",2021-03-14 21:51:17,https://en.prothomalo.com/bangladesh/accident/one-killed-3-injured-in-panchagarh-road-accident,bypass intersection on panchagarh-debiganj highway,Panchagarh,1,3,"Three-Wheeler, Sand-Laden Tractor",head-on collision,Bangladesh,event,road accident,2021-03-14,21:51:17,Mar,3,,21,Mar,head-on collision
313,Two musicians killed in Chattogram road accident,2021-03-13 15:15:50,https://en.prothomalo.com/bangladesh/accident/two-leading-musicians-die-in-road-crash-in-chittagong,mirsarai area of chittagong,Chattogram,2,0,,road crash,Bangladesh,event,road accident,2021-03-13,15:15:50,Mar,3,Clear sky,15,Mar,road accident
315,"Road accident kills one in Narail

",2021-02-15 15:24:01,https://en.prothomalo.com/bangladesh/accident/road-accident-kills-one-in-narail,kathadura area in naragati thana of kalia upazila of narail,Narail,1,1,Human Hauler (Nosimon),vehicle overturned,Bangladesh,event,road accident,2021-02-15,15:24:01,Feb,2,,15,Feb,vehicle overturned
317,"Two killed in Sylhet road accident
",2021-02-14 15:14:06,https://en.prothomalo.com/bangladesh/accident/two-killed-in-sylhet-road-accident,"damri bridge, sylhet-tamabil road",Sylhet,2,0,Truck,plunged into a canal from a bridge,Bangladesh,event,road accident,2021-02-14,15:14:06,Feb,2,Clear sky,15,Feb,plunged into a canal from a bridge
318,Two killed in Rangpur road accident ,2021-02-12 22:16:51,https://en.prothomalo.com/bangladesh/accident/two-killed-in-rangpur-road-accident,khalashpeer point on the pirganj-nababganj road,Rangpur,2,0,Motorcycle And Bicycle,head-on collision,Bangladesh,event,road accident,2021-02-12,22:16:51,Feb,2,Partly cloudy,22,Feb,head-on collision
319,"3 killed in Cox’s Bazar road accident

",2021-02-11 09:04:36,https://en.prothomalo.com/bangladesh/accident/3-killed-in-coxs-bazar-road-accident,teknaf-cox’s bazar road,Cox's Bazar,3,5,Passenger Bus And Autorickshaw,head-on collision,Bangladesh,event,road accident,2021-02-11,09:04:36,Feb,2,Clear sky,9,Feb,head-on collision
321,"2 killed, 30 injured in Chandpur road accident ",2021-02-08 21:11:50,https://en.prothomalo.com/bangladesh/accident/2-killed-30-injured-in-chandpur-road-accident,moutabari area,Chandpur,2,30,Bus,driver lost control over steering,Bangladesh,event,road accident,2021-02-08,21:11:50,Feb,2,Clear sky,21,Feb,driver lost control over steering
323,"Two killed in Jashore road accident

",2021-02-03 14:29:42,https://en.prothomalo.com/bangladesh/accident/two-killed-in-jashore-road-accident-2,charavita area on jashore-narail road,Jashore,2,2,Motorbikes,head-on collision,Bangladesh,event,road accident,2021-02-03,14:29:42,Feb,2,Clear sky,14,Feb,head-on collision
324,"Two killed in Jashore road accident

",2021-02-03 14:29:42,https://en.prothomalo.com/bangladesh/local-news/two-killed-in-jashore-road-accident,charavita area on jashore-narail road,Jashore,2,2,Motorbikes,head-on collision,Bangladesh,event,road accident,2021-02-03,14:29:42,Feb,2,Clear sky,14,Feb,head-on collision
325,4 killed in Sherpur road accident,2021-01-31 14:07:45,https://en.prothomalo.com/bangladesh/accident/4-killed-in-sherpur-road-accident,sherpur-jhenaigati road at mirzapur,Sherpur,4,2,"Truck, Auto-Rickshaw",truck hit an auto-rickshaw,Bangladesh,event,road accident,2021-01-31,14:07:45,Jan,1,Clear sky,14,Jan,truck hit an autorickshaw
326,"2 killed in Hili road accident

",2021-01-26 08:34:08,https://en.prothomalo.com/bangladesh/accident/2-killed-in-hili-road-accident,hili,Dinajpur,2,0,"Motorcycle, Pickup Van",head-on collision,Bangladesh,event,road accident,2021-01-26,08:34:08,Jan,1,Clear sky,8,Jan,head-on collision
327,"One killed in Jashore road accident

",2021-01-24 10:59:29,https://en.prothomalo.com/bangladesh/accident/one-killed-in-jashore-road-accident,new khairtola area on the jashore-jhenidah road,Jhenaidah,1,0,"Truck, Motorcycle",truck hit motorbike,Bangladesh,event,road accident,2021-01-24,10:59:29,Jan,1,Clear sky,10,Jan,truck hit motorbike
328,"Woman killed in Meherpur road accident

",2021-01-22 13:23:19,https://en.prothomalo.com/bangladesh/accident/woman-killed-in-meherpur-road-accident,college mor (intersection) area,Meherpur,1,1,"Passenger Bus, Motorbike",bus rammed motorbike from behind,Bangladesh,event,road accident,2021-01-22,13:23:19,Jan,1,Clear sky,13,Jan,bus rammed motorbike from behind
329,"3 killed in Bandarban road accident

",2021-01-22 11:51:42,https://en.prothomalo.com/bangladesh/accident/3-killed-in-bandarban-road-accident,thanchi-likri road,Bandarban,3,5,Jeep,driver lost control over steering,Bangladesh,event,road accident,2021-01-22,11:51:42,Jan,1,Partly cloudy,11,Jan,driver lost control over steering
331,Road accident kills couple in city,2021-01-18 12:21:34,https://en.prothomalo.com/bangladesh/accident/road-accident-kills-couple-in-city,airport road,Dhaka,2,0,,,Bangladesh,event,road accident,2021-01-18,12:21:34,Jan,1,Partly cloudy,12,Jan,
333,7 killed in Mymensingh road accident,2021-01-03 16:04:41,https://en.prothomalo.com/bangladesh/accident/7-killed-in-mymensingh-road-accident,gachtala,Mymensingh,7,0,"Bus, Auto-Rickshaw",,Bangladesh,event,road accident,2021-01-03,16:04:41,Jan,1,Partly cloudy,16,Jan,
334,Four killed in Narsingdi road accident,2021-01-01 19:06:36,https://en.prothomalo.com/bangladesh/accident/four-killed-in-narsingdi-road-accident,dhaka-sylhet highway in belabo upazila in narsingdi,Narsingdi,4,1,"Private Car, Bus",head-on collision,Bangladesh,event,road accident,2021-01-01,19:06:36,Jan,1,Mainly clear,19,Jan,head-on collision
336,"Road accident kills college student

",2020-12-28 12:20:39,https://en.prothomalo.com/bangladesh/accident/road-accident-kills-college-student,nandigram upazila of bogura,,1,0,"Truck, Motorcycle",truck hit motorbike,Bangladesh,event,road accident,2020-12-28,12:20:39,Dec,12,,12,Dec,truck hit motorbike
338,Journalist killed in Barguna road accident,2020-12-20 19:39:51,https://en.prothomalo.com/bangladesh/accident/journalist-killed-in-barguna-road-accident,patharghata,Barguna,1,0,"Motorcycle, Pickup Van",collision between motorcycle and pickup van,Bangladesh,event,road accident,2020-12-20,19:39:51,Dec,12,Clear sky,19,Dec,collision between motorcycle and pickup van
339,"3 killed, 25 injured in Gopalganj road accident",2020-11-28 13:55:29,https://en.prothomalo.com/bangladesh/accident/3-killed-25-injured-in-gopalganj-road-accident,khaleker bazar area,Gopalganj,3,25,Bus,overtaking another vehicle,Bangladesh,event,road accident,2020-11-28,13:55:29,Nov,11,Partly cloudy,13,Nov,overtaking another vehicle
340,Mymensingh road accident kills 2,2020-11-13 17:42:55,https://en.prothomalo.com/bangladesh/accident/mymensingh-road-accident-kills-2,shikarikanda area on the dhaka-mymensingh highway,Mymensingh,2,4,Human Hauler (Mahendra),,Bangladesh,event,road accident,2020-11-13,17:42:55,Nov,11,Clear sky,17,Nov,
341,Mymensingh road accident kills 2,2020-11-13 17:42:55,https://en.prothomalo.com/bangladesh/Mymensingh-road-accident-kills-2,shikarikanda area on the dhaka-mymensingh highway,Mymensingh,2,4,Human Hauler (Mahendra),,Bangladesh,event,road accident,2020-11-13,17:42:55,Nov,11,Clear sky,17,Nov,
343,"Road accident kills two in Sirajganj

",2020-11-03 12:09:41,https://en.prothomalo.com/bangladesh/accident/road-accident-kills-two-in-sirajganj,khalkula,Sirajganj,2,0,Truck,,Bangladesh,event,road accident,2020-11-03,12:09:41,Nov,11,Light rain,12,Nov,
344,"Mother, son among 4 killed in road accidents",2020-10-30 14:01:55,https://en.prothomalo.com/bangladesh/accident/mother-son-among-4-killed-in-road-accidents,jora bottola area in godagari upazila of rajshahi,Rajshahi,4,2,Motorbike And Mini-Truck,collision between motorbike and mini-truck,Bangladesh,event,road accident,2020-10-30,14:01:55,Oct,10,,14,Oct,collision between motorbike and minitruck
345,"Youth, woman killed in separate road accidents

",2020-10-26 09:07:18,https://en.prothomalo.com/bangladesh/accident/youth-woman-killed-in-separate-road-accidents,battail area of kushtia town,Kushtia,1,1,Motor-Cycle And Truck,truck hit motorcycle,Bangladesh,event,road accident,2020-10-26,09:07:18,Oct,10,Smoke,9,Oct,truck hit motorcycle accident
346,Road accidents kill three in Gopalganj,2020-10-23 20:40:58,https://en.prothomalo.com/bangladesh/accident/road-accidents-kill-three-in-gopalganj,kashiani upazila health complex,Gopalganj,3,3,Car,,Bangladesh,event,road accident,2020-10-23,20:40:58,Oct,10,Heavy rain,20,Oct,
348,2 sisters killed in Chapainawabganj road accident,2020-10-18 16:46:16,https://en.prothomalo.com/bangladesh/accident/2-sisters-killed-in-chapainawabganj-road-accident,sonamasjid area,Nawabganj,2,0,"Truck, Motorcycle",truck ran over a motorcycle,Bangladesh,event,road accident,2020-10-18,16:46:16,Oct,10,Clear sky,16,Oct,truck ran over a motorcycle
350,Two motorcyclists killed in road accident,2020-10-09 13:27:30,https://en.prothomalo.com/bangladesh/local-news/two-motorcyclists-killed-in-road-accident,patiadangi road intersection,Thakurgaon,2,1,Motorcycle,hit a roadside tree,Bangladesh,event,road accident,2020-10-09,13:27:30,Oct,10,Light rain,13,Oct,hit a roadside tree
351,Three killed in Brahmanbaria road accident,2020-10-07 21:12:39,https://en.prothomalo.com/bangladesh/accident/three-killed-in-brahmanbaria-road-accident,"islampur area of bijoynagar upazila, brahmanbaria",Brahmanbaria,3,25,"Bus, Motorbike",bus lost control while trying to avoid collision with a motorbike,Bangladesh,event,road accident,2020-10-07,21:12:39,Oct,10,Heavy rain,21,Oct,bus lost control while trying to avoid collision with a motorbike
353,Intern physician killed in Sirajganj road accident,2020-10-02 17:28:03,https://en.prothomalo.com/bangladesh/accident/intern-physician-killed-in-sirajganj-road-accident,saidabad area of bangabandhu bridge west highway,Sirajganj,1,0,,,Bangladesh,event,road accident,2020-10-02,17:28:03,Oct,10,Heavy rain,17,Oct,
354,"Driver killed in Habiganj road accident

",2020-09-28 11:02:41,https://en.prothomalo.com/bangladesh/accident/driver-killed-in-habiganj-road-accident,dhaka-sylhet highway,Habiganj,1,1,"Pickup Van, Passenger Bus",head-on collision,Bangladesh,event,road accident,2020-09-28,11:02:41,Sep,9,Light rain,11,Sep,head-on collision
357,"Four killed in Jashore road accident

",2020-09-08 09:45:26,https://en.prothomalo.com/bangladesh/accident/four-killed-in-jashore-road-accident,madhabpur upazila,Jashore,4,1,Suv And Truck,head-on collision between suv and speeding truck,Bangladesh,event,road accident,2020-09-08,09:45:26,Sep,9,Moderate rain,9,Sep,headon collision between suv and speeding truck
358,"One killed in Habiganj road accident

",2020-09-07 09:55:17,https://en.prothomalo.com/bangladesh/accident/one-killed-in-habiganj-road-accident,habiganj-shayestaganj bypass road,Habiganj,1,0,"Passenger Bus, Bicycle",a passenger bus from the opposite direction hit and ran over his bicycle,Bangladesh,event,road accident,2020-09-07,09:55:17,Sep,9,Dense rain,9,Sep,a passenger bus from the opposite direction hit and ran over his bicycle
361,"Road accident kills one

",2020-08-26 14:10:48,https://en.prothomalo.com/bangladesh/accident/road-accident-kills-one,chapainawabganj-sonamasjid highway,Nawabganj,1,0,Truck And Autorickshaw,head on collision,Bangladesh,event,road accident,2020-08-26,14:10:48,Aug,8,Moderate rain,14,Aug,head-on collision
362,Four of a family killed in Tangail road accident,2020-08-21 23:25:16,https://en.prothomalo.com/bangladesh/accident/four-of-a-family-killed-in-tangail-road-accident,rabna bypass area of tangail district town,Tangail,4,2,"Passenger Bus, Auto-Rickshaw",passenger bus crashed into a cng-run auto-rickshaw,Bangladesh,event,road accident,2020-08-21,23:25:16,Aug,8,Moderate rain,23,Aug,passenger bus crashed into a cngrun autorickshaw
363,Sylhet road accident toll rises to 6,2020-08-14 10:33:52,https://en.prothomalo.com/bangladesh/accident/sylhet-road-accident-toll-rises-to-6,usmaninagar upazila,Sylhet,6,2,Auto Rickshaw (Cng),road accident,Bangladesh,event,road accident,2020-08-14,10:33:52,Aug,8,Moderate rain,10,Aug,road accident
365,Mountaineer Reshma killed in road accident,2020-08-07 16:54:26,https://en.prothomalo.com/bangladesh/accident/mountaineer-reshma-killed-in-road-accident,lake road near chandrima udyan,Dhaka,1,0,Microbus And Bicycle,microbus hit the bicycle,Bangladesh,event,road accident,2020-08-07,16:54:26,Aug,8,Light rain,16,Aug,microbus hit the bicycle
366,"2 killed in road accident in Bhurungamari

",2020-08-07 10:29:05,https://en.prothomalo.com/bangladesh/accident/2-killed-in-road-accident-in-bhurungamari,andharijhar bazar on the bhurungamari-kurigram road,Kurigram,2,0,,,Bangladesh,event,road accident,2020-08-07,10:29:05,Aug,8,Moderate rain,10,Aug,
368,Two killed in Cumilla road accident,2020-08-02 12:46:23,https://en.prothomalo.com/bangladesh/local-news/two-killed-in-cumilla-road-accident,harikhola area of chandina upazila,Cumilla,2,5,Bus,overturned,Bangladesh,event,road accident,2020-08-02,12:46:23,Aug,8,Dense rain,12,Aug,overturned
369,Three killed in Gaibandha road accident,2020-07-31 14:41:11,https://en.prothomalo.com/bangladesh/local-news/three-killed-in-gaibandha-road-accident,dhaka-rangpur highway at nundah bridge point,Gaibandha,3,6,Covered Van And Car,head-on collision,Bangladesh,event,road accident,2020-07-31,14:41:11,Jul,7,Moderate rain,14,Jul,head-on collision
370,Four of a family among five killed in road accident,2020-07-31 11:11:00,https://en.prothomalo.com/bangladesh/local-news/5-killed-in-road-accident-2,dhaka-sylhet highway at boraya chanpur,Sylhet,5,1,"Bus, Car",bus hit a car,Bangladesh,event,road accident,2020-07-31,11:11:00,Jul,7,Moderate rain,11,Jul,bus hit a car
373,"Physician killed in Lalmonirhat road accident

",2020-07-10 13:40:08,https://en.prothomalo.com/bangladesh/accident/physician-killed-in-lalmonirhat-road-accident,burirbazar point on the burimari-lalmonirhat highway,Lalmonirhat,1,0,Auto Bike And Motorcycle,head-on collision,Bangladesh,event,road accident,2020-07-10,13:40:08,Jul,7,Heavy rain,13,Jul,head-on collision
375,Road accident kills 4 in Rangpur,2020-07-01 20:50:16,https://en.prothomalo.com/bangladesh/accident/road-accident-kills-4-in-rangpur,anantapur point on the taraganj-burirhat road,Rangpur,4,1,Truck,iron rod-laden truck overturned and fell down into a roadside ditch,Bangladesh,event,road accident,2020-07-01,20:50:16,Jul,7,Moderate rain,20,Jul,iron rodladen truck overturned and fell down into a roadside ditch
377,"Two killed in Jashore road accident

",2020-06-21 09:34:00,https://en.prothomalo.com/bangladesh/accident/two-killed-in-jashore-road-accident-2,abhaynagar,Jashore,2,1,Truck And Battery-Run Auto-Rickshaw,head on collision,Bangladesh,event,road accident,2020-06-21,09:34:00,Jun,6,Light rain,9,Jun,head-on collision
378,"Two killed in Jashore road accident

",2020-06-21 09:34:00,https://en.prothomalo.com/bangladesh/local-news/two-killed-in-jashore-road-accident,abhaynagar,Jashore,2,1,"Truck, Auto-Rickshaw",head on collision,Bangladesh,event,road accident,2020-06-21,09:34:00,Jun,6,Light rain,9,Jun,head-on collision
380,Two BGB men killed in road accident,2020-06-13 13:19:05,https://en.prothomalo.com/bangladesh/accident/two-bgb-men-killed-in-road-accident,rajshahi-chapainawabganj highway in sarangpur of godagari upazila,Rajshahi,2,10,"Truck, Bgb Vehicle",head-on collision,Bangladesh,event,road accident,2020-06-13,13:19:05,Jun,6,,13,Jun,head-on collision
381,Madaripur road accident kills 2,2020-06-11 13:33:07,https://en.prothomalo.com/bangladesh/accident/madaripur-road-accident-kills-2,shimultola,Madaripur,2,1,"Human Hauler (Nosimon), Truck",driver lost control and hit a stationary truck,Bangladesh,event,road accident,2020-06-11,13:33:07,Jun,6,Moderate rain,13,Jun,driver lost control and hit a stationary truck
382,Two killed in city road accident,2020-06-04 16:09:15,https://en.prothomalo.com/bangladesh/accident/two-killed-in-city-road-accident,banglamotor area,Dhaka,2,1,"Bus, Motorcycle",driver lost control over the steering,Bangladesh,event,road accident,2020-06-04,16:09:15,Jun,6,Heavy rain,16,Jun,driver lost control over the steering
383,Munshiganj road accident kills 3,2020-05-27 14:02:10,https://en.prothomalo.com/bangladesh/accident/munshiganj-road-accident-kills-3,dhaka-chattogram highway in gazaria upazila,Munshiganj,3,8,Microbus,driver lost control over the steering,Bangladesh,event,road accident,2020-05-27,14:02:10,May,5,Moderate rain,14,May,driver lost control over the steering
386,University student killed in road accident,2020-03-26 14:54:55,https://en.prothomalo.com/bangladesh/accident/university-student-killed-in-road-accident,tuniapara of mirpur,Kushtia,1,0,Three-Wheeler,,Bangladesh,event,road accident,2020-03-26,14:54:55,Mar,3,Clear sky,14,Mar,
387,Separate road accidents kill 7 in Bogura,2020-03-25 18:19:58,https://en.prothomalo.com/bangladesh/accident/separate-road-accidents-kill-7-in-bogura,"ghoga bottola area, sherpur upazila",Sherpur,7,13,"Truck, Bus",head on collision,Bangladesh,event,road accident,2020-03-25,18:19:58,Mar,3,Mainly clear,18,Mar,head-on collision
388,3 killed in Cumilla road accident,2020-02-29 16:00:38,https://en.prothomalo.com/bangladesh/accident/3-killed-in-cumilla-road-accident,daudkandi upazila,Cumilla,3,15,Bus,plunged into a roadside ditch,Bangladesh,event,road accident,2020-02-29,16:00:38,Feb,2,Clear sky,16,Feb,plunged into a roadside ditch
390,2 killed in Kushtia road accident,2020-02-22 13:54:44,https://en.prothomalo.com/bangladesh/2-killed-in-Kushtia-road-accident,kushtia-ishwardi highway in 10 mile area of bheramara upazila,Kushtia,2,0,Trolley (Power Tiller With Trailer),road crash,Bangladesh,event,road accident,2020-02-22,13:54:44,Feb,2,Partly cloudy,13,Feb,road accident
392,2 killed in Cumilla road accident,2020-02-08 12:48:42,https://en.prothomalo.com/bangladesh/2-killed-in-Cumilla-road-accident,dhaka-chattogram highway in jagannathdighi area of chauddagram upazila,Cumilla,2,10,"Bus, Covered Van",road accident,Bangladesh,event,road accident,2020-02-08,12:48:42,Feb,2,Partly cloudy,12,Feb,road accident
393,Two schoolboys killed in road accident,2020-02-05 13:41:03,https://en.prothomalo.com/bangladesh/Two-schoolboys-killed-in-road-accident,sadhurmor area in godagari upazila,Rajshahi,2,1,"Microbus, Bicycle",run over by a microbus,Bangladesh,event,road accident,2020-02-05,13:41:03,Feb,2,,13,Feb,run over by a microbus
399,Jashore car accident kills 3 of a family,2020-01-18 11:06:11,https://en.prothomalo.com/bangladesh/Jashore-car-accident-kills-3-of-a-family,jashore town,Jashore,3,3,Car,,Bangladesh,event,road accident,2020-01-18,11:06:11,Jan,1,Clear sky,11,Jan,
400,2 motorcyclists killed in road accident,2020-01-11 12:02:42,https://en.prothomalo.com/bangladesh/2-motorcyclists-killed-in-road-accident-2,fauzdarhat area,Chattogram,2,0,"Covered Van, Motorbike",covered van hit motorbike,Bangladesh,event,road accident,2020-01-11,12:02:42,Jan,1,Mainly clear,12,Jan,covered van hit motorbike
401,2 motorcyclists killed in road accident,2020-01-11 12:02:42,https://en.prothomalo.com/bangladesh/2-motorcyclists-killed-in-road-accident,fauzdarhat area,Chattogram,2,0,"Covered Van, Motorbike",covered van hit their motorbikes,Bangladesh,event,road accident,2020-01-11,12:02:42,Jan,1,Mainly clear,12,Jan,covered van hit their motorbikes
402,3 killed in separate road accidents,2020-01-09 09:25:39,https://en.prothomalo.com/bangladesh/3-killed-in-separate-road-accidents,dhaka-chattogram highway,Dhaka,3,3,,,Bangladesh,event,road accident,2020-01-09,09:25:39,Jan,1,Moderate rain,9,Jan,
404,"Father, daughter killed in road accident",2020-01-06 16:22:08,https://en.prothomalo.com/bangladesh/Father-daughter-killed-in-road-accident,rajarampur,Nawabganj,2,0,"Truck, Motorcycle",truck hit motorcycle,Bangladesh,event,road accident,2020-01-06,16:22:08,Jan,1,Mainly clear,16,Jan,truck hit motorcycle accident
408,6 killed in road accidents,2020-01-02 12:46:29,https://en.prothomalo.com/bangladesh/6-killed-in-road-accidents-2,chattogram-cox’s bazar highway at joarianala in ramu,Cox's Bazar,3,0,Bus And Private Car,bus hit a private car,Bangladesh,event,road accident,2020-01-02,12:46:29,Jan,1,Light rain,12,Jan,bus hit a private car
409,6 killed in road accidents,2020-01-02 12:46:29,https://en.prothomalo.com/bangladesh/6-killed-in-road-accidents,chattogram-cox’s bazar highway at joarianala in ramu,Cox's Bazar,3,0,Bus And Private Car,bus hit a private car,Bangladesh,event,road accident,2020-01-02,12:46:29,Jan,1,Light rain,12,Jan,bus hit a private car
410,3 killed in Cox's Bazar road accident,2020-01-02 10:02:00,https://en.prothomalo.com/bangladesh/3-killed-in-Cox-s-Bazar-road-accident,chattogram-cox’s bazar highway at joarianala,Cox's Bazar,3,0,Bus And Private Car,bus hit a private car,Bangladesh,event,road accident,2020-01-02,10:02:00,Jan,1,Light rain,10,Jan,bus hit a private car
411,"3 road accidents at the same place in 6 hours, 2 killed",2019-12-27 18:31:59,https://en.prothomalo.com/bangladesh/3-road-accidents-at-the-same-place-in-6-hours-2,kamaliarchar area of kishoreganj sadar upazila,Kishoreganj,2,20,"Bus, Truck, Tank Lorry","driver lost control over the steering, dense fog and slippery road",Bangladesh,event,road accident,2019-12-27,18:31:59,Dec,12,Moderate rain,18,Dec,driver lost control over the steering dense fog and slippery road
412,Motorcyclist killed in Chattogram accident,2019-12-27 12:01:43,https://en.prothomalo.com/bangladesh/Motorcyclist-killed-in-Chattogram-accident,tigerpass area,Chattogram,1,0,"Motorcycle, Covered Van",covered van hit shovon’s motorbike,Bangladesh,event,road accident,2019-12-27,12:01:43,Dec,12,Light rain,12,Dec,covered van hit shovons motorbike
413,2 killed in Sirajganj road accident,2019-12-19 13:06:55,https://en.prothomalo.com/bangladesh/2-killed-in-Sirajganj-road-accident-5,hatikumrul-bonpara highway,Sirajganj,2,19,Truck And Bus,head-on collision,Bangladesh,event,road accident,2019-12-19,13:06:55,Dec,12,Shallow fog,13,Dec,head-on collision
414,2 killed in Sirajganj road accident,2019-12-19 13:06:55,https://en.prothomalo.com/bangladesh/2-killed-in-Sirajganj-road-accident-4,hatikumrul-bonpara highway,Sirajganj,2,19,Truck And Bus,head-on collision,Bangladesh,event,road accident,2019-12-19,13:06:55,Dec,12,Shallow fog,13,Dec,head-on collision
415,2 killed in Sirajganj road accident,2019-12-19 13:06:55,https://en.prothomalo.com/bangladesh/2-killed-in-Sirajganj-road-accident-3,hatikumrul-bonpara highway,Sirajganj,2,19,Truck And Bus,head-on collision,Bangladesh,event,road accident,2019-12-19,13:06:55,Dec,12,Shallow fog,13,Dec,head-on collision
416,2 killed in Sirajganj road accident,2019-12-19 13:06:55,https://en.prothomalo.com/bangladesh/2-killed-in-Sirajganj-road-accident-2,hatikumrul-bonpara highway,Sirajganj,2,19,Truck And Bus,head-on collision,Bangladesh,event,road accident,2019-12-19,13:06:55,Dec,12,Shallow fog,13,Dec,head-on collision
417,2 killed in Sirajganj road accident,2019-12-19 13:06:55,https://en.prothomalo.com/bangladesh/2-killed-in-Sirajganj-road-accident,hatikumrul-bonpara highway,Sirajganj,2,19,Truck And Bus,head-on collision,Bangladesh,event,road accident,2019-12-19,13:06:55,Dec,12,Shallow fog,13,Dec,head-on collision
418,Two killed in road accident,2019-12-17 11:35:09,https://en.prothomalo.com/bangladesh/Two-killed-in-road-accident,manikpur in zakiganj upazila,Sylhet,2,0,"Truck, Motorcycle",truck crashed into motorbike,Bangladesh,event,road accident,2019-12-17,11:35:09,Dec,12,Partly cloudy,11,Dec,truck crashed into motorbike
419,Pedestrian killed in road accident,2019-12-09 11:37:59,https://en.prothomalo.com/bangladesh/Pedestrian-killed-in-road-accident,"college road area, dhaka-bogura highway",Dhaka,1,0,Truck,truck hit pedestrian,Bangladesh,event,road accident,2019-12-09,11:37:59,Dec,12,Light rain,11,Dec,truck hit pedestrian
420,Road accidents kill 3,2019-11-24 10:36:01,https://en.prothomalo.com/bangladesh/Road-accidents-kill-3,manikganj and barishal,Barishal,3,20,,,Bangladesh,event,road accident,2019-11-24,10:36:01,Nov,11,Thunderstorm but no precipitation,10,Nov,
426,Policeman killed in Khulna road accident,2019-11-11 13:49:40,https://en.prothomalo.com/bangladesh/Policeman-killed-in-Khulna-road-accident,rupsha-bagerhat purono sarak at debipur area,Khulna,1,1,"Motorcycle, Human Hauler",collision,Bangladesh,event,road accident,2019-11-11,13:49:40,Nov,11,Partly cloudy,13,Nov,collision
428,7 killed in Panchagarh road accident,2019-11-08 17:37:54,https://en.prothomalo.com/bangladesh/7-killed-in-Panchagarh-road-accident,tetulia upazila,Panchagarh,7,0,"Minibus, Battery-Run Easy-Bike",head-on collision,Bangladesh,event,road accident,2019-11-08,17:37:54,Nov,11,,17,Nov,head-on collision
433,Magura road accident kills 2,2019-10-11 23:11:36,https://en.prothomalo.com/bangladesh/Magura-road-accident-kills-2,itkhola bazar area on magura-jhenidah road,Magura,2,0,"Motorcycle, Passenger Bus",hit by a passenger bus,Bangladesh,event,road accident,2019-10-11,23:11:36,Oct,10,Light rain,23,Oct,hit by a passenger bus
434,Road accident kills motorcyclist,2019-09-30 15:57:13,https://en.prothomalo.com/bangladesh/Road-accident-kills-motorcyclist,hajiganj upazila,Chandpur,1,0,Motorbikes,head-on collision,Bangladesh,event,road accident,2019-09-30,15:57:13,Sep,9,Moderate rain,15,Sep,head-on collision
435,Road accidents kill 4 in two dists,2019-09-27 21:36:34,https://en.prothomalo.com/bangladesh/Road-accidents-kill-4-in-two-dists,chikashi of dhunat upazila,,2,0,Motorcycles,head-on collision,Bangladesh,event,road accident,2019-09-27,21:36:34,Sep,9,,21,Sep,head-on collision
436,Road accident laws must not be relaxed,2019-09-27 11:48:53,https://en.prothomalo.com/opinion/Road-accident-laws-must-not-be-relaxed,"airport road, dhaka",Dhaka,2,0,Bus,,Bangladesh,event,road accident,2019-09-27,11:48:53,Sep,9,Dense rain,11,Sep,
439,Mymensingh road accident kills 2,2019-09-09 11:48:31,https://en.prothomalo.com/bangladesh/accident/mymensingh-road-accident-kills-2,bagar bazar signboard area,Mymensingh,2,0,Truck,hit by a truck,Bangladesh,event,road accident,2019-09-09,11:48:31,Sep,9,Moderate rain,11,Sep,hit by a truck
440,Mymensingh road accident kills 2,2019-09-09 11:48:31,https://en.prothomalo.com/bangladesh/Mymensingh-road-accident-kills-2,bagar bazar signboard area,Mymensingh,2,0,Truck,hit by a truck,Bangladesh,event,road accident,2019-09-09,11:48:31,Sep,9,Moderate rain,11,Sep,hit by a truck
441,Cop dies in Rajshahi road accident,2019-09-02 13:05:55,https://en.prothomalo.com/bangladesh/Cop-dies-in-Rajshahi-road-accident,godagari upazila,Rajshahi,1,0,Motorcycle,hit by a motorbike,Bangladesh,event,road accident,2019-09-02,13:05:55,Sep,9,,13,Sep,hit by a motorbike
443,Road accidents kill 3 youths,2019-08-27 13:59:05,https://en.prothomalo.com/bangladesh/Road-accidents-kill-3-youths,"wari, dhaka",Dhaka,1,0,"Bicycle, Vehicle",vehicle hit bicycle,Bangladesh,event,road accident,2019-08-27,13:59:05,Aug,8,Light rain,13,Aug,vehicle hit bicycle
447,Road accident kills 2,2019-08-20 10:07:22,https://en.prothomalo.com/bangladesh/Road-accident-kills-2-3,amjurhat,Chattogram,2,0,"Truck, Motorcycle",truck crashed into a motorcycle,Bangladesh,event,road accident,2019-08-20,10:07:22,Aug,8,Light rain,10,Aug,truck crashed into a motorcycle
448,Road accident kills 2,2019-08-20 10:07:22,https://en.prothomalo.com/bangladesh/Road-accident-kills-2-2,amjurhat,Chattogram,2,0,"Truck, Motorcycle",truck crashed into a motorcycle,Bangladesh,event,road accident,2019-08-20,10:07:22,Aug,8,Light rain,10,Aug,truck crashed into a motorcycle
449,Road accident kills 2,2019-08-20 10:07:22,https://en.prothomalo.com/bangladesh/Road-accident-kills-2,amjurhat,Chattogram,2,0,"Truck, Motorcycle",truck crashed into motorcycle,Bangladesh,event,road accident,2019-08-20,10:07:22,Aug,8,Light rain,10,Aug,truck crashed into motorcycle
453,"Parents, two children die in road accident",2019-08-16 14:46:22,https://en.prothomalo.com/bangladesh/4-of-a-family-killed-in-road-crash,ramgopalpur,Mymensingh,4,2,Private Car And A Bus,collision,Bangladesh,event,road accident,2019-08-16,14:46:22,Aug,8,Heavy rain,14,Aug,collision
457,Two killed in Bagerhat road accident,2019-07-08 18:46:16,https://en.prothomalo.com/bangladesh/Two-killed-in-Bagerhat-road-accident,bishwa road intersection,Bagerhat,2,0,"Easy-Bike, Cyclist, Truck",hit by a truck,Bangladesh,event,road accident,2019-07-08,18:46:16,Jul,7,Moderate rain,18,Jul,hit by a truck
459,Accidents kill 12 people per hour in Bangladesh,2019-07-04 17:28:03,https://en.prothomalo.com/bangladesh/12-people-die-in-accidents-per-hour,national institute of traumatology and orthopaedic rehabilitation,Dhaka,0,1,,,Bangladesh,event,road accident,2019-07-04,17:28:03,Jul,7,Light rain,17,Jul,
462,2 killed in road accident,2019-06-27 11:25:11,https://en.prothomalo.com/bangladesh/2-killed-in-road-accident-3,"shalimun, tongi, gazipur",Gazipur,2,8,"Truck, Human Hauler",truck rammed into a human hauler,Bangladesh,event,road accident,2019-06-27,11:25:11,Jun,6,Moderate rain,11,Jun,truck rammed into a human hauler
463,2 killed in road accident,2019-06-27 11:25:11,https://en.prothomalo.com/bangladesh/2-killed-in-road-accident,"shalimun, tongi, gazipur",Gazipur,2,8,"Truck, Human Hauler",truck rammed into a human hauler,Bangladesh,event,road accident,2019-06-27,11:25:11,Jun,6,Moderate rain,11,Jun,truck rammed into a human hauler
468,Sirajganj road accident kills 4,2019-06-04 11:42:04,https://en.prothomalo.com/bangladesh/Sirajganj-road-accident-kills-4,"tabaripara of chandaikona union of raiganj upazila, sirajganj",Sirajganj,4,23,Bus,plunged into a roadside ditch,Bangladesh,event,road accident,2019-06-04,11:42:04,Jun,6,Moderate rain,11,Jun,plunged into a roadside ditch
469,Compensation in road accidents rare,2019-05-14 14:50:08,https://en.prothomalo.com/bangladesh/Compensation-in-road-accidents-rare,near mouchak market,Dhaka,1,0,Bus,run over,Bangladesh,event,road accident,2019-05-14,14:50:08,May,5,Moderate rain,14,May,run over
470,3 killed in road accident,2019-05-05 09:59:08,https://en.prothomalo.com/bangladesh/3-killed-in-road-accident-2,beribadh area of village char newton,Bhola,3,2,Other,driver lost control over the steering,Bangladesh,event,road accident,2019-05-05,09:59:08,May,5,Light rain,9,May,driver lost control over the steering
471,3 killed in road accident,2019-05-05 09:59:08,https://en.prothomalo.com/bangladesh/3-killed-in-road-accident,beribadh area of village char newton,Bhola,3,2,Other,driver lost control over the steering,Bangladesh,event,road accident,2019-05-05,09:59:08,May,5,Light rain,9,May,driver lost control over the steering
473,Bus driver responsible for Shahbagh accident: Police,2019-04-23 14:12:50,https://en.prothomalo.com/bangladesh/Bus-driver-responsible-for-Shahbagh-accident,matsya bhaban intersection,Dhaka,2,2,Bus,driver's negligence (claimed brake failure),Bangladesh,event,road accident,2019-04-23,14:12:50,Apr,4,Patches of fog,14,Apr,drivers negligence claimed brake failure
474,"Eight of a family killed as microbus plunges into pond 

",2020-08-18 12:09:23,https://en.prothomalo.com/bangladesh/accident/8-killed-in-mymensingh-road-accident,bashati area of phulpur upazila,Mymensingh,8,0,Microbus,driver lost control over the steering,Bangladesh,event,road accident,2020-08-18,12:09:23,Aug,8,Light rain,12,Aug,driver lost control over the steering
477,21 killed in separate road accidents,2019-03-28 20:49:01,https://en.prothomalo.com/bangladesh/21-killed-in-separate-road-accidents,"chattogram, madaripur, jashore and rangamati",Chattogram,21,53,,separate road accidents,Bangladesh,event,road accident,2019-03-28,20:49:01,Mar,3,Clear sky,20,Mar,separate road accidents
478,"Mother, daughter among 8 killed in road accident",2019-03-28 11:09:04,https://en.prothomalo.com/bangladesh/Road-crash-kills-8,chattogram-cox’s bazar highway,Chattogram,8,0,Bus And A Microbus,head-on collision,Bangladesh,event,road accident,2019-03-28,11:09:04,Mar,3,Clear sky,11,Mar,head-on collision
479,The old tale of road accidents: Lives never counted,2019-03-28 10:06:26,https://en.prothomalo.com/opinion/The-old-tale-of-road-accidents-Lives-never,lakshmipur,Lakshmipur,7,0,Truck,crushed under a truck,Bangladesh,event,road accident,2019-03-28,10:06:26,Mar,3,Mainly clear,10,Mar,crushed under a truck
480,Sylhet Agri University sues 3 over student’s death in road accident,2019-03-25 20:11:13,https://en.prothomalo.com/bangladesh/Sylhet-Agri-University-sues-3-over-student’s-death,sherpur,Moulvibazar,1,0,Bus,pushed off the vehicle by helper,Bangladesh,event,road accident,2019-03-25,20:11:13,Mar,3,,20,Mar,pushed off the vehicle by helper
481,Students block road demanding compensation for accident victim,2019-03-23 15:39:27,https://en.prothomalo.com/bangladesh/Students-block-road-demanding-compensation-for,benapole-jashore highway,Jashore,0,0,,,Bangladesh,event,road accident,2019-03-23,15:39:27,Mar,3,Dust in suspension,15,Mar,
482,3 killed in road accident,2019-03-15 15:18:48,https://en.prothomalo.com/bangladesh/3-killed-in-road-accident-2,dhaka-aricha highway in nayadingi of saturia upazila,Manikganj,3,0,"Truck, Pick-Up Van",truck hit pick-up van,Bangladesh,event,road accident,2019-03-15,15:18:48,Mar,3,Partly cloudy,15,Mar,truck hit pickup van
483,3 killed in road accident,2019-03-15 15:18:48,https://en.prothomalo.com/bangladesh/3-killed-in-road-accident,dhaka-aricha highway in nayadingi of saturia upazila,Manikganj,3,1,Truck And Pick-Up Van,truck hit pick-up van,Bangladesh,event,road accident,2019-03-15,15:18:48,Mar,3,Partly cloudy,15,Mar,truck hit pickup van
484,Road accident kills schoolgirl,2019-03-02 10:47:13,https://en.prothomalo.com/bangladesh/Road-accident-kills-schoolgirl,sylhet-fenchuganj road at dharampur village,Sylhet,1,0,Bus,crushed to death by a bus,Bangladesh,event,road accident,2019-03-02,10:47:13,Mar,3,Smoke,10,Mar,crushed to death by a bus
485,Road accident kills 2,2019-02-14 11:33:59,https://en.prothomalo.com/bangladesh/Road-accident-kills-2-3,shialdangi village,Rajbari,2,8,Bus,plunged into a roadside ditch,Bangladesh,event,road accident,2019-02-14,11:33:59,Feb,2,Partly cloudy,11,Feb,plunged into a roadside ditch
486,Road accident kills 2,2019-02-14 11:33:59,https://en.prothomalo.com/bangladesh/Road-accident-kills-2-2,shialdangi village,Rajbari,2,8,Bus,plunged into a roadside ditch,Bangladesh,event,road accident,2019-02-14,11:33:59,Feb,2,Partly cloudy,11,Feb,plunged into a roadside ditch
487,Road accident kills 2,2019-02-14 11:33:59,https://en.prothomalo.com/bangladesh/Road-accident-kills-2,shialdangi village,Rajbari,2,8,Bus,plunged into a roadside ditch,Bangladesh,event,road accident,2019-02-14,11:33:59,Feb,2,Partly cloudy,11,Feb,plunged into a roadside ditch
488,Mentally challenged student killed in road accident,2019-02-09 14:42:41,https://en.prothomalo.com/bangladesh/Mentally-challenged-student-killed-in-road,malek bazar,Gopalganj,1,0,Bus,bus hit him when he was crossing the road,Bangladesh,event,road accident,2019-02-09,14:42:41,Feb,2,Partly cloudy,14,Feb,bus hit him when he was crossing the road
490,Hundreds of people protest at siblings death in road accident,2019-01-31 14:53:37,https://en.prothomalo.com/bangladesh/Hundreds-of-people-protest-siblings-death-in-road,dhaka-mawa highway at rejendrapur,Dhaka,2,0,Truck,truck driver responsible for the death of two siblings,Bangladesh,event,road accident,2019-01-31,14:53:37,Jan,1,Mainly clear,14,Jan,truck driver responsible for the death of two siblings
491,Road accident kills 3,2019-01-31 13:46:06,https://en.prothomalo.com/bangladesh/Road-accident-kills-3,alalpur,Mymensingh,3,2,Ambulance,overturned after crashing into a roadside tree,Bangladesh,event,road accident,2019-01-31,13:46:06,Jan,1,Mainly clear,13,Jan,overturned after crashing into a roadside tree
492,Two sued over Cumilla accident,2019-01-27 18:33:53,https://en.prothomalo.com/bangladesh/Two-sued-over-Cumilla-accident,chouddagram upazila,Cumilla,13,0,Truck,truck flipped on brick kiln workers,Bangladesh,event,road accident,2019-01-27,18:33:53,Jan,1,Partly cloudy,18,Jan,truck flipped on brick kiln workers
493,5 of a bridal party killed in road accident,2019-01-15 22:48:28,https://en.prothomalo.com/bangladesh/5-of-a-bridal-party-killed-in-road-accident,birpasha of bijoynagar upazila,Brahmanbaria,5,3,Microbus,plunged into a roadside ditch,Bangladesh,event,road accident,2019-01-15,22:48:28,Jan,1,Clear sky,22,Jan,plunged into a roadside ditch
495,Launch accident kills one,2019-01-06 12:46:38,https://en.prothomalo.com/bangladesh/Launch-accident-kills-one,river meghna,Barishal,1,3,,hit another anchored one,Bangladesh,event,road accident,2019-01-06,12:46:38,Jan,1,Mainly clear,12,Jan,hit another anchored one
499,Road accidents claim 6 lives in 4 districts,2018-12-15 09:18:12,https://en.prothomalo.com/bangladesh/Road-accidents-claim-6-lives-in-4-districts,chatmohar-tebunia road in neutigachha area of chatmohar upazila,Pabna,2,0,Motorcycle,driver lost control of the motorcycle while trying to save a dog.,Bangladesh,event,road accident,2018-12-15,09:18:12,Dec,12,Partly cloudy,9,Dec,driver lost control of the motorcycle while trying to save a dog
504,Chattogram truck accident kills 2,2018-10-23 15:37:16,https://en.prothomalo.com/bangladesh/Chattogram-truck-accident-kills-2,dhaka-chottagram highway in barotakia,Chattogram,2,1,Truck,truck hit another one,Bangladesh,event,road accident,2018-10-23,15:37:16,Oct,10,Duststorm or sandstorm,15,Oct,truck hit another one
506,"Mother, daughter killed in road accident",2018-10-11 12:07:07,https://en.prothomalo.com/bangladesh/Mother-daughter-killed-in-road-accident-2,bhatiapara,Nilphamari,2,1,Truck And Rickshaw-Van,truck hit rickshaw-van,Bangladesh,event,road accident,2018-10-11,12:07:07,Oct,10,Light rain,12,Oct,truck hit rickshawvan
507,"Mother, daughter killed in road accident",2018-10-11 12:07:07,https://en.prothomalo.com/bangladesh/Mother-daughter-killed-in-road-accident,bhatiapara,Nilphamari,2,1,"Truck, Rickshaw-Van",truck hit a rickshaw-van,Bangladesh,event,road accident,2018-10-11,12:07:07,Oct,10,Light rain,12,Oct,truck hit a rickshawvan
509,Schoolgirl killed in road accident,2018-10-07 14:15:45,https://en.prothomalo.com/bangladesh/Schoolgirl-killed-in-road-accident-2,nachole-amnura road in panditpur,Nawabganj,1,0,Human-Hauler,hit her,Bangladesh,event,road accident,2018-10-07,14:15:45,Oct,10,Light rain,14,Oct,hit her
510,Schoolgirl killed in road accident,2018-10-07 14:15:45,https://en.prothomalo.com/bangladesh/Schoolgirl-killed-in-road-accident,nachole-amnura road in panditpur,Nawabganj,1,0,Human-Hauler,hit her,Bangladesh,event,road accident,2018-10-07,14:15:45,Oct,10,Light rain,14,Oct,hit her
511,Road accident kills one,2018-10-06 10:32:48,https://en.prothomalo.com/bangladesh/Road-accident-kills-one,"bhaina intersection, magura",Magura,1,5,Human-Hauler (Nasimon),driver lost control over the steering,Bangladesh,event,road accident,2018-10-06,10:32:48,Oct,10,Light rain,10,Oct,driver lost control over the steering
514,Woman killed in Bhola launch accident,2018-09-02 13:00:33,https://en.prothomalo.com/bangladesh/Woman-killed-in-Bhola-launch-accident,hakimuddin launch ghat,Bhola,1,3,,collision between two launches,Bangladesh,event,road accident,2018-09-02,13:00:33,Sep,9,Moderate rain,13,Sep,collision between two launches
518,Cabinet to consider capital punishment for road accident deaths,2018-08-06 12:16:29,https://en.prothomalo.com/bangladesh/Cabinet-to-consider-capital-punishment-for-road,dhaka,Dhaka,2,0,Bus,speeding bus ran over a group of students,Bangladesh,event,road accident,2018-08-06,12:16:29,Aug,8,Light rain,12,Aug,speeding bus ran over a group of students
519,2 drivers detained over Airport Road accident,2018-07-30 18:11:25,https://en.prothomalo.com/bangladesh/2-drivers-detained-over-Airport-Road-accident,airport road,Dhaka,2,0,Bus,,Bangladesh,event,road accident,2018-07-30,18:11:25,Jul,7,Light rain,18,Jul,
521,Munshiganj female UP member killed in speedboat accident,2018-07-18 10:26:31,https://en.prothomalo.com/bangladesh/Munshiganj-female-UP-member-killed-in-speedboat,shimulia ghat,Munshiganj,1,10,"Speedboat, Ferry",ferry collision,Bangladesh,event,road accident,2018-07-18,10:26:31,Jul,7,Moderate rain,10,Jul,ferry collision
527,7 killed in separate road accidents,2018-06-02 15:25:42,https://en.prothomalo.com/bangladesh/6-killed-in-separate-road-accidents,"sirajganj, nilphamari and rajshahi districts",Sirajganj,7,25,,,Bangladesh,event,road accident,2018-06-02,15:25:42,Jun,6,Moderate rain,15,Jun,
532,2 killed in Sirajganj road accident,2018-05-08 10:02:00,https://en.prothomalo.com/bangladesh/2-killed-in-Sirajganj-road-accident-5,hatikumrul-banpara highway at ramchar in ullahpara upazila,Sirajganj,2,3,Bus And Battery-Run Van,speeding bus ran over them,Bangladesh,event,road accident,2018-05-08,10:02:00,May,5,Light rain,10,May,speeding bus ran over them
533,2 killed in Sirajganj road accident,2018-05-08 10:02:00,https://en.prothomalo.com/bangladesh/2-killed-in-Sirajganj-road-accident-4,"hatikumrul-banpara highway at ramchar in ullahpara upazila, sirjaganj",Sirajganj,2,3,Bus And Battery-Run Van,speeding bus ran over pedestrians,Bangladesh,event,road accident,2018-05-08,10:02:00,May,5,Light rain,10,May,speeding bus ran over pedestrians
534,2 killed in Sirajganj road accident,2018-05-08 10:02:00,https://en.prothomalo.com/bangladesh/2-killed-in-Sirajganj-road-accident-3,hatikumrul-banpara highway at ramchar in ullahpara upazila,Sirajganj,2,3,"Bus, Van",speeding bus hit a battery-run van,Bangladesh,event,road accident,2018-05-08,10:02:00,May,5,Light rain,10,May,speeding bus hit a batteryrun van
535,2 killed in Sirajganj road accident,2018-05-08 10:02:00,https://en.prothomalo.com/bangladesh/2-killed-in-Sirajganj-road-accident-2,hatikumrul-banpara highway at ramchar,Sirajganj,2,3,Bus And Battery-Run Van,speeding bus ran over victims,Bangladesh,event,road accident,2018-05-08,10:02:00,May,5,Light rain,10,May,speeding bus ran over victims
536,2 killed in Sirajganj road accident,2018-05-08 10:02:00,https://en.prothomalo.com/bangladesh/2-killed-in-Sirajganj-road-accident,hatikumrul-banpara highway at ramchar in ullahpara upazila,Sirajganj,2,3,Bus And Battery-Run Van,speeding bus ran over them,Bangladesh,event,road accident,2018-05-08,10:02:00,May,5,Light rain,10,May,speeding bus ran over them
543,2 motorcyclists killed in road accident,2018-03-17 12:38:25,https://en.prothomalo.com/bangladesh/2-motorcyclists-killed-in-road-accident-2,sullah upazila,Sunamganj,2,1,"Motorcycle, Human Hauler",human hauler hit the motorcycle,Bangladesh,event,road accident,2018-03-17,12:38:25,Mar,3,Partly cloudy,12,Mar,human hauler hit the motorcycle
544,2 motorcyclists killed in road accident,2018-03-17 12:38:25,https://en.prothomalo.com/bangladesh/2-motorcyclists-killed-in-road-accident,sullah upazila,Sunamganj,2,1,"Motorcycle, Human Hauler",human hauler hit the motorcycle,Bangladesh,event,road accident,2018-03-17,12:38:25,Mar,3,Partly cloudy,12,Mar,human hauler hit the motorcycle
545,2 killed in Chittagong road accident,2018-03-17 12:36:20,https://en.prothomalo.com/bangladesh/2-killed-in-Chittagong-road-accident,sitakunda upazila,Chattogram,2,20,"Bus, Covered Van",bus knocked a covered van from behind,Bangladesh,event,road accident,2018-03-17,12:36:20,Mar,3,Heavy rain,12,Mar,bus knocked a covered van from behind
546,Man killed in Rajshahi road accident,2018-03-12 11:33:52,https://en.prothomalo.com/bangladesh/Man-killed-in-Rajshahi-road-accident,katkhali,Rajshahi,1,0,Bus,bus ran over him,Bangladesh,event,road accident,2018-03-12,11:33:52,Mar,3,,11,Mar,bus ran over him
550,2 killed in road accident,2018-03-03 14:07:20,https://en.prothomalo.com/bangladesh/2-killed-in-road-accident-3,"banghabandhu bridge (west) road, konabari area",Sirajganj,2,1,Truck,truck hit a stationary truck,Bangladesh,event,road accident,2018-03-03,14:07:20,Mar,3,Clear sky,14,Mar,truck hit a stationary truck
551,2 killed in road accident,2018-03-03 14:07:20,https://en.prothomalo.com/bangladesh/2-killed-in-road-accident,"banghabandhu bridge (west) road, konabari area, kamarkhanda upazila",Sirajganj,2,1,Truck,truck hit a stationary one,Bangladesh,event,road accident,2018-03-03,14:07:20,Mar,3,Clear sky,14,Mar,truck hit a stationary one
553,Narayanganj accident death toll rises to 10,2018-02-26 18:51:22,https://en.prothomalo.com/bangladesh/Narayanganj-accident-death-toll-rises-to-10,dhaka-chittagong highway at tribordi in sonargaon upazila,Narayanganj,10,50,,,Bangladesh,event,road accident,2018-02-26,18:51:22,Feb,2,Light rain,18,Feb,
554,4 killed in Mymensingh road accident,2018-02-24 16:39:37,https://en.prothomalo.com/bangladesh/4-killed-in-Mymensingh-road-accident,mymensingh-kishoreganj highway in char rasulpur area,Mymensingh,4,30,Bus,overturned,Bangladesh,event,road accident,2018-02-24,16:39:37,Feb,2,Clear sky,16,Feb,overturned
555,3 killed in Shariatpur road accident,2018-02-24 12:15:44,https://en.prothomalo.com/bangladesh/3-killed-in-Shariatpur-road-accident,basudevpur village,Shariatpur,3,7,Truck,vehicle plunged into a ditch,Bangladesh,event,road accident,2018-02-24,12:15:44,Feb,2,Partly cloudy,12,Feb,vehicle plunged into a ditch
557,School student killed in road accident,2018-02-12 16:41:43,https://en.prothomalo.com/bangladesh/School-student-killed-in-road-accident,nagarmohammadpur,Kushtia,1,0,"Motorbike, Trolley",trolley hit motorbike,Bangladesh,event,road accident,2018-02-12,16:41:43,Feb,2,Partly cloudy,16,Feb,trolley hit motorbike
558,Three motorcyclists killed in Syedpur road accident,2018-02-05 13:25:47,https://en.prothomalo.com/bangladesh/Three-motorcyclists-killed-in-Syedpur-road,niyamatpur dholagachh point of syedpur bypass,Nilphamari,3,0,Motorcyclists,road accident,Bangladesh,event,road accident,2018-02-05,13:25:47,Feb,2,Partly cloudy,13,Feb,road accident
559,Natore road accident kills 2,2018-02-05 13:18:54,https://en.prothomalo.com/bangladesh/Natore-road-accident-kills-2,collectrate shapla chattar area,Natore,2,1,"Truck, Motorcycle",speeding truck ran over the motorcycle,Bangladesh,event,road accident,2018-02-05,13:18:54,Feb,2,Partly cloudy,13,Feb,speeding truck ran over the motorcycle
564,Road accident kills 1 in Rajshahi,2018-01-20 09:49:54,https://en.prothomalo.com/bangladesh/Road-accident-kills-1-in-Rajshahi,dhaka-rajshahi highway,Rajshahi,1,0,Human Hauler,,Bangladesh,event,road accident,2018-01-20,09:49:54,Jan,1,,9,Jan,
565,AL leader killed in road accident,2018-01-20 09:31:41,https://en.prothomalo.com/bangladesh/AL-leader-killed-in-road-accident,borogaon-chachuli area on panchagarah-thakurgaon highway,Thakurgaon,1,1,,,Bangladesh,event,road accident,2018-01-20,09:31:41,Jan,1,Duststorm or sandstorm,9,Jan,
568,Minor schoolgirl killed in road accident,2018-01-09 14:42:03,https://en.prothomalo.com/bangladesh/Minor-schoolgirl-killed-in-road-accident,bhabanipur village,,1,0,Power Tiller,vehicle collision,Bangladesh,event,road accident,2018-01-09,14:42:03,Jan,1,,14,Jan,vehicle collision
569,Road accident kills 2 in Cox's Bazar,2018-01-08 19:36:52,https://en.prothomalo.com/bangladesh/Road-accident-kills-2-in-Cox-s-Bazar,pechardip area,Cox's Bazar,2,3,Bus And Cng-Run Auto-Rickshaw,bus knocked a cng-run auto-rickshaw,Bangladesh,event,road accident,2018-01-08,19:36:52,Jan,1,Clear sky,19,Jan,bus knocked a cngrun autorickshaw
572,Schoolgirl killed in road accident,2018-01-04 15:31:44,https://en.prothomalo.com/bangladesh/Schoolgirl-killed-in-road-accident-2,megdubi area,Gazipur,1,0,Truck,truck ran over schoolgirl,Bangladesh,event,road accident,2018-01-04,15:31:44,Jan,1,Clear sky,15,Jan,truck ran over schoolgirl
573,Schoolgirl killed in road accident,2018-01-04 15:31:44,https://en.prothomalo.com/bangladesh/Schoolgirl-killed-in-road-accident,megdubi area,Gazipur,1,0,Truck,truck ran over her,Bangladesh,event,road accident,2018-01-04,15:31:44,Jan,1,Clear sky,15,Jan,truck ran over her
575,Bogra road accident toll rises to 4,2017-12-27 18:33:29,https://en.prothomalo.com/bangladesh/Bogra-road-crash-kills-3,mokamtala,Bogra,4,25,,,Bangladesh,event,road accident,2017-12-27,18:33:29,Dec,12,Clear sky,18,Dec,
579,2 college students killed in road accident,2017-12-20 23:43:59,https://en.prothomalo.com/bangladesh/2-college-students-killed-in-road-accident,jessore-narail highway,Narail,2,0,Car,,Bangladesh,event,road accident,2017-12-20,23:43:59,Dec,12,,23,Dec,
584,College teacher killed in road accident,2017-11-26 20:31:46,https://en.prothomalo.com/bangladesh/College-teacher-killed-in-road-accident,mochmoil bazar,Rajshahi,1,0,,,Bangladesh,event,road accident,2017-11-26,20:31:46,Nov,11,,20,Nov,
585,Ex-CUET student killed in road accident,2017-11-25 09:07:07,https://en.prothomalo.com/bangladesh/Ex-CUET-student-killed-in-road-accident,new monsurabad area,Chattogram,1,0,Bus,run over,Bangladesh,event,road accident,2017-11-25,09:07:07,Nov,11,Clear sky,9,Nov,run over
586,Bus torched over road accident in Ctg,2017-11-21 14:10:20,https://en.prothomalo.com/bangladesh/Bus-torched-over-road-accident-in-Ctg,solosahar area of panchlaish,Chattogram,0,1,"Bus, Motorcycle",bus hit a motorcycle rider,Bangladesh,event,road accident,2017-11-21,14:10:20,Nov,11,Clear sky,14,Nov,bus hit a motorcycle rider
587,4 killed in road accidents,2017-11-17 13:03:04,https://en.prothomalo.com/bangladesh/4-killed-in-road-accidents-2,sitakunda and hathazari upazilas,Chattogram,4,3,,,Bangladesh,event,road accident,2017-11-17,13:03:04,Nov,11,Partly cloudy,13,Nov,
588,4 killed in road accidents,2017-11-17 13:03:04,https://en.prothomalo.com/bangladesh/4-killed-in-road-accidents,sitakunda and hathazari upazilas,Chattogram,4,3,,,Bangladesh,event,road accident,2017-11-17,13:03:04,Nov,11,Partly cloudy,13,Nov,
589,4 killed in road accidents,2017-11-17 13:03:04,https://en.prothomalo.com/bangladesh/4-killed-in-Munshiganj-road-accidents,sitakunda and hathazari upazilas,Chattogram,4,3,,,Bangladesh,event,road accident,2017-11-17,13:03:04,Nov,11,Partly cloudy,13,Nov,
590,3 killed in Mymensingh road crash,2018-12-13 10:32:00,https://en.prothomalo.com/bangladesh/2-killed-in-road-accident-2,shikarikanda,Mymensingh,3,1,"Covered Van, Pedestrians",ran over pedestrians,Bangladesh,event,road accident,2018-12-13,10:32:00,Dec,12,Partly cloudy,10,Dec,ran over pedestrians
592,2 killed in separate road accidents,2017-11-03 20:10:29,https://en.prothomalo.com/bangladesh/2-killed-in-separate-road-accidents,ashulia,Dhaka,2,3,,,Bangladesh,event,road accident,2017-11-03,20:10:29,Nov,11,Clear sky,20,Nov,
595,Road accident kills 2,2017-10-27 12:10:36,https://en.prothomalo.com/bangladesh/Road-accident-kills-2-3,chittagong-teknaf highway near rabeta hospital,,2,8,"Truck, Human Hauler",truck hit a human hauler,Bangladesh,event,road accident,2017-10-27,12:10:36,Oct,10,,12,Oct,truck hit a human hauler
596,Road accident kills 2,2017-10-27 12:10:36,https://en.prothomalo.com/bangladesh/Road-accident-kills-2-2,chittagong-teknaf highway near rabeta hospital,,2,8,"Truck, Human Hauler",truck hit a human hauler,Bangladesh,event,road accident,2017-10-27,12:10:36,Oct,10,,12,Oct,truck hit a human hauler
597,Road accident kills 2,2017-10-27 12:10:36,https://en.prothomalo.com/bangladesh/Road-accident-kills-2,chittagong-teknaf highway near rabeta hospital,,2,8,"Truck, Human Hauler",truck hit a human hauler,Bangladesh,event,road accident,2017-10-27,12:10:36,Oct,10,,12,Oct,truck hit a human hauler
601,Road accident kills student,2017-10-09 17:46:54,https://en.prothomalo.com/bangladesh/Road-accident-kills-student,duttapara bazaar area on natore-dhaka highway,Natore,1,0,Bus,ran over,Bangladesh,event,road accident,2017-10-09,17:46:54,Oct,10,Light rain,17,Oct,ran over
602,Chuadanga road accident kills girl,2017-10-02 17:16:29,https://en.prothomalo.com/bangladesh/Chuadanga-road-accident-kills-girl,baidyanathpur village,Chuadanga,1,0,"Tractor, Human Hauler",tractor hit human hauler,Bangladesh,event,road accident,2017-10-02,17:16:29,Oct,10,Moderate rain,17,Oct,tractor hit human hauler
613,2 killed in Netrakona road accident,2017-08-26 22:44:42,https://en.prothomalo.com/bangladesh/2-killed-in-Netrakona-road-accident-2,hirakanda on netrakona- kalmakanda road,Netrakona,2,1,Motorcycle,,Bangladesh,event,road accident,2017-08-26,22:44:42,Aug,8,,22,Aug,
614,2 killed in Netrakona road accident,2017-08-26 22:44:42,https://en.prothomalo.com/bangladesh/2-killed-in-Netrakona-road-accident,hirakanda on netrakona- kalmakanda road,Netrakona,2,1,Motorcycle,,Bangladesh,event,road accident,2017-08-26,22:44:42,Aug,8,,22,Aug,
617,"Microbus with bridal party plunges into canal at Borguna, 7 dead",2024-06-22 16:24:58,,haldia bazar area of chawra union,,7,0,Microbus,bridge collapsed,Bangladesh,event,road accident,2024-06-22,16:24:58,Jun,6,,16,Jun,bridge collapsed
620,BRTC truck runs over SSC examinee in Uttara,2025-04-27 17:36:49,https://en.prothomalo.com/bangladesh/city/r5pquikuo0,"azampur, uttara",Dhaka,1,0,Truck,speeding truck,Bangladesh,event,road accident,2025-04-27,17:36:49,Apr,4,Light rain,17,Apr,speeding truck
622,3 workers killed in Pabna road crash,2024-12-27 12:05:03,https://en.prothomalo.com/bangladesh/accident/ekltddobfy,rangamati area of santhia upazila,Pabna,3,5,Three-Wheeler And Truck,a speeding truck ran over a three-wheeler,Bangladesh,event,road accident,2024-12-27,12:05:03,Dec,12,Clear sky,12,Dec,a speeding truck ran over a threewheeler
625,2 killed in Gazipur road accident,2017-07-08 23:23:08,,"baipass and mouchak areas, dhaka-tangail highway",Dhaka,2,0,"Bus, Motorcycle","bus knocked down motorcycle, boy crushed under wheels of speeding bus",Bangladesh,event,road accident,2017-07-08,23:23:08,Jul,7,Moderate rain,23,Jul,bus knocked down motorcycle boy crushed under wheels of speeding bus
626,Three motorbike riders killed in Gopalganj road crash,2025-01-17 12:19:21,https://en.prothomalo.com/bangladesh/accident/u9eby3k1yh,dhaka-khulna highway at hironnokandi,Gopalganj,3,0,"Motorcycle, Vehicle",vehicle hit motorcycle,Bangladesh,event,road accident,2025-01-17,12:19:21,Jan,1,Clear sky,12,Jan,vehicle hit motorcycle
629,"Truck, pickup van collision kills 4 in Habiganj",2025-04-18 10:19:43,https://en.prothomalo.com/bangladesh/accident/62zmalfk3n,bakharnakhar area on the dhaka-sylhet highway,Habiganj,4,5,Truck And A Pickup Van,collision,Bangladesh,event,road accident,2025-04-18,10:19:43,Apr,4,Light rain,10,Apr,collision
630,Driver of bus killing two CUET students arrested,2024-04-24 17:15:14,https://en.prothomalo.com/bangladesh/local-news/y3n10gzsf4,kotwali area of chattogram city,Chattogram,0,2,Bus,hit and run,Bangladesh,event,road accident,2024-04-24,17:15:14,Apr,4,rain not reaching ground,17,Apr,hit and run
631,BNP chief’s adviser Habib injured in road accident,2017-07-02 22:06:43,https://en.prothomalo.com/bangladesh/BNP-chief’s-adviser-Habib-injured-in-road-accident,gurudaspur,Natore,0,3,"Car, Truck",head-on collision,Bangladesh,event,road accident,2017-07-02,22:06:43,Jul,7,Heavy rain,22,Jul,head-on collision
639,Metro Rail authorities urge public to avoid flying paper lanterns,2024-12-30 20:18:48,https://en.prothomalo.com/bangladesh/m7xhtkudmi,mrt line-6 route from uttara north to motijheel and surrounding areas,Dhaka,0,0,"Metro Rail, Paper Lanterns",paper lanterns entangled in high-voltage electric lines,Bangladesh,event,road accident,2024-12-30,20:18:48,Dec,12,Clear sky,20,Dec,paper lanterns entangled in highvoltage electric lines
642,Child goes missing as auto-rickshaw falls into drain in Chattogram,2025-04-19 09:35:15,https://en.prothomalo.com/bangladesh/local-news/cso5ox254g,chawkbazar area of chattogram city,Chattogram,0,1,Battery-Run Rickshaw,over speed,Bangladesh,event,road accident,2025-04-19,09:35:15,Apr,4,Moderate rain,9,Apr,over speed
643,"Woman, daughter among 3 killed in ambulance-van collision in Jashore",2025-03-19 11:03:29,https://en.prothomalo.com/bangladesh/accident/o3upx6bi9u,jhikargachha,Jashore,3,0,Ambulance And Engine-Run Rickshaw Van,head-on collision,Bangladesh,event,road accident,2025-03-19,11:03:29,Mar,3,Clear sky,11,Mar,head-on collision
644,Man killed in bus-truck collision in Dhaka ,2024-11-17 11:54:10,https://en.prothomalo.com/bangladesh/city/526xq1dh4e,paltan area,Dhaka,1,0,"Bus, Truck, Rickshaw",head-on collision,Bangladesh,event,road accident,2024-11-17,11:54:10,Nov,11,Partly cloudy,11,Nov,head-on collision
646,"Five dead, 25 injured in bus-truck collision in Gopalganj",2024-09-01 10:13:50,https://en.prothomalo.com/bangladesh/accident/x73yy25999,dhaka-gopalganj highway in kashiani upazila,Gopalganj,5,25,Passenger Bus And A Truck,head-on collision,Bangladesh,event,road accident,2024-09-01,10:13:50,Sep,9,Light rain,10,Sep,head-on collision
648,7 killed in bus-auto rickshaw collision in Mymensingh,2024-02-16 16:21:25,https://en.prothomalo.com/bangladesh/accident/59kq5vbve6,mymensingh-sherpur highway in the alalpur area of mymensingh sadar upazila,Mymensingh,7,0,Bus And A Cng-Run Auto Rickshaw,head-on collision,Bangladesh,event,road accident,2024-02-16,16:21:25,Feb,2,Clear sky,16,Feb,head-on collision
649,Road crash at Hanif flyover kills one,2023-12-21 13:56:36,https://en.prothomalo.com/bangladesh/accident/wszlhyefw3,jatrabari,Dhaka,1,0,"Bus, Motorcycle",hit by a bus,Bangladesh,event,road accident,2023-12-21,13:56:36,Dec,12,Partly cloudy,13,Dec,hit by a bus
650,"4 killed from bus-truck collision in Tangail, 8 injured",2024-10-04 16:06:04,https://en.prothomalo.com/bangladesh/accident/9so2dbk3a6,tangail-mymensingh highway in sholakura area,Tangail,4,8,"Bus, Truck",head-on collision,Bangladesh,event,road accident,2024-10-04,16:06:04,Oct,10,Heavy rain,16,Oct,head-on collision
652,5 killed as buses collide head-on in Chattogram,2025-03-31 10:50:09,,chattogram-cox’s bazar highway in lohagara upazila,Chattogram,5,8,Passenger Buses,head-on collision,Bangladesh,event,road accident,2025-03-31,10:50:09,Mar,3,Light rain,10,Mar,head-on collision
655,One killed in road crash in Dhaka,2023-06-05 11:36:25,https://en.prothomalo.com/bangladesh/city/2a9jwz1w0w,jatrabari area,Dhaka,1,0,,,Bangladesh,event,road accident,2023-06-05,11:36:25,Jun,6,Mainly clear,11,Jun,
657,5 killed as truck hits auto-rickshaw in Jamalpur,2025-01-31 08:52:43,https://en.prothomalo.com/bangladesh/accident/ybxv2w0xzf,sarishabari upazila,Jamalpur,5,1,"Truck, Auto-Rickshaw",truck hitting auto-rickshaw,Bangladesh,event,road accident,2025-01-31,08:52:43,Jan,1,Light rain,8,Jan,truck hitting autorickshaw
659,Separate road accidents kill 2 in Magura,2017-05-31 14:15:37,,dhaka-magura highway and magura-jhenidah road,Magura,2,0,"Pickup Van, Truck, Bus",head-on collision and being crushed under wheels,Bangladesh,event,road accident,2017-05-31,14:15:37,May,5,Moderate rain,14,May,headon collision and being crushed under wheels
660,Bus overturns killing five in Cumilla,2024-05-17 12:26:50,https://en.prothomalo.com/bangladesh/accident/7hsdawhs6p,basantapur area,Cumilla,5,10,Bus,lost control,Bangladesh,event,road accident,2024-05-17,12:26:50,May,5,Partly cloudy,12,May,lost control
662,4 killed in Bogura bus-covered van collision,2024-07-09 11:48:15,https://en.prothomalo.com/bangladesh/accident/cy89cslfvt,rangpur-dhaka highway at banani lichutala area,Rangpur,4,7,"Passenger Bus, Covered Van",head-on collision,Bangladesh,event,road accident,2024-07-09,11:48:15,Jul,7,Moderate rain,11,Jul,head-on collision
665,Four killed in Ctg road accident,2017-05-25 20:12:16,https://en.prothomalo.com/bangladesh/Four-killed-in-Ctg-road-accident,chittagong-cox's bazar highway at koshaipara in chandnaish upazila,,4,9,"Truck, Human-Hauler",truck collided with a human-hauler,Bangladesh,event,road accident,2017-05-25,20:12:16,May,5,,20,May,truck collided with a humanhauler
666,Two college students die as truck collides with motorcycle in Natore ,2023-08-31 09:54:41,https://en.prothomalo.com/bangladesh/accident/hos2y1mx1y,baraigram,Natore,2,0,"Truck, Motorcycle",truck collided with motorcycle,Bangladesh,event,road accident,2023-08-31,09:54:41,Aug,8,Moderate rain,9,Aug,truck collided with motorcycle
667,ASI among 6 killed in Gopalganj road accident,2017-05-25 16:01:14,https://en.prothomalo.com/bangladesh/ASI-among-6-killed-in-Gopalganj-road-accident,dhaka-khulna highway at nichupara,Gopalganj,6,4,"Microbus, Easy Bike",microbus hit an easy bike,Bangladesh,event,road accident,2017-05-25,16:01:14,May,5,Light rain,16,May,microbus hit an easy bike
670,Traffic police killed in Gaibandha road crash,2023-08-24 12:20:22,https://en.prothomalo.com/bangladesh/accident/fcqszxpuik,golchattar,Gaibandha,1,0,"Truck, Motorcycle",truck hit motorbike,Bangladesh,event,road accident,2023-08-24,12:20:22,Aug,8,Moderate rain,12,Aug,truck hit motorbike
671,Eleven die as truck hits vehicles at toll plaza in Jhalakathi,2024-04-17 15:06:30,https://en.prothomalo.com/bangladesh/local-news/z0chp27pt6,gabkhan bridge toll plaza,Jhalokati,11,25,"Cement-Laden Truck, Other Vehicles",truck lost control and hit a number of vehicles,Bangladesh,event,road accident,2024-04-17,15:06:30,Apr,4,Dense rain,15,Apr,truck lost control and hit a number of vehicles
674,10 injured after 3 vehicles collide on expressway in Munshiganj,2025-02-17 14:31:33,https://en.prothomalo.com/bangladesh/accident/2x8785gcfe,sreenagar expressway near sreenagar ferry ghat,Munshiganj,0,10,"Passenger Bus, Truck, Pickup Van",collision due to dense fog and limited visibility,Bangladesh,event,road accident,2025-02-17,14:31:33,Feb,2,Light rain,14,Feb,collision due to dense fog and limited visibility
675,Anchored ferry drowns in Padma river with vehicles,2024-01-17 12:15:10,https://en.prothomalo.com/bangladesh/accident/0d0lkdv3vw,paturia’s ghat no. 5,Manikganj,0,0,"Ferry, Vehicles",drowned in the padma river,Bangladesh,event,road accident,2024-01-17,12:15:10,Jan,1,Partly cloudy,12,Jan,drowned in the padma river
676,One killed as bus overturns on Expressway,2024-04-24 12:33:15,https://en.prothomalo.com/bangladesh/accident/x9d7l1xo1c,bandarkhola area on bangabandhu sheikh mujibur rahman expressway,Madaripur,1,10,Bus,,Bangladesh,event,road accident,2024-04-24,12:33:15,Apr,4,Dense rain,12,Apr,
677,13 killed in bus-pickup van collision in Faridpur,2024-04-16 10:46:03,,"dhaka-khulna highway in sadar upazila of faridpur, tetultala area of kanaipur union parishad",Faridpur,13,0,"Bus, Pickup Van",collision,Bangladesh,event,road accident,2024-04-16,10:46:03,Apr,4,Partly cloudy,10,Apr,collision
678,Lightning strike kills fisherman in Kishoreganj,2023-06-17 10:50:00,https://en.prothomalo.com/bangladesh/accident/1ad2qum1t9,nurpur haor,Kishoreganj,1,1,,lightning strike,Bangladesh,event,road accident,2023-06-17,10:50:00,Jun,6,Heavy rain,10,Jun,lightning strike
679,Truck hits 70-year-old man to death in Jatrabari,2023-09-03 09:57:02,https://en.prothomalo.com/bangladesh/accident/x2qi8p5g5k,jatrabari,Dhaka,1,0,Truck,,Bangladesh,event,road accident,2023-09-03,09:57:02,Sep,9,Light rain,9,Sep,
683,12 people killed in head-on collision between two trucks in Sylhet,2023-06-07 08:13:39,https://en.prothomalo.com/bangladesh/accident/jewt65xa46,nazirabazar,Sylhet,12,0,Two Trucks,head-on collision,Bangladesh,event,road accident,2023-06-07,08:13:39,Jun,6,Light rain,8,Jun,head-on collision
684,Road crash kills 3 in Dinajpur,2024-12-06 12:37:30,https://en.prothomalo.com/bangladesh/accident/11zrxs5fe2,kamarpur zodur mor area of birganj upazila,Dinajpur,3,15,"Bus, Truck",head-on collision,Bangladesh,event,road accident,2024-12-06,12:37:30,Dec,12,Mainly clear,12,Dec,head-on collision
685,Four dead as BRTC bus hits rickshaw van in Dinajpur,2024-02-06 11:18:08,https://en.prothomalo.com/bangladesh/accident/z7w8cchc5x,"ranirbandar bazar area, pakerhat road",Dinajpur,4,0,Bus And Rickshaw Van,bus hit a stationary rickshaw van,Bangladesh,event,road accident,2024-02-06,11:18:08,Feb,2,Partly cloudy,11,Feb,bus hit a stationary rickshaw van
688,College teacher killed as bus runs over him in Bogura,2023-05-24 15:31:39,https://en.prothomalo.com/bangladesh/accident/7jivze9xjs,bogura-rangpur highway at jhopgari in sadar upazila,Rangpur,1,0,Bus,,Bangladesh,event,road accident,2023-05-24,15:31:39,May,5,Light rain,15,May,
689,Two truckers killed in Panchagarh road accident,2017-05-17 14:32:00,https://en.prothomalo.com/bangladesh/Two-truckers-killed-in-Panchagarh-road-accident,panchagarh-dhaka highway in boda,Panchagarh,2,2,Truck,head-on collision,Bangladesh,event,road accident,2017-05-17,14:32:00,May,5,,14,May,head-on collision
690,3 dead as sand pile collapses in Rajbari ,2023-09-13 12:04:26,https://en.prothomalo.com/bangladesh/accident/ei4lnoet25,joikura ghat,Rajbari,3,0,"Truck, Excavator Machine",sand pile collapsed on them while loading it on a truck,Bangladesh,event,road accident,2023-09-13,12:04:26,Sep,9,Light rain,12,Sep,sand pile collapsed on them while loading it on a truck
691,13 missing as passenger trawler capsizes in Meghna River ,2025-05-31 22:47:35,https://en.prothomalo.com/bangladesh/local-news/ic0q3f20e5,meghna river near dubarchar area adjacent to karim bazar in hatiya,Noakhali,0,0,Passenger Trawler,capsized due to strong winds and waves,Bangladesh,event,road accident,2025-05-31,22:47:35,May,5,Moderate rain,22,May,capsized due to strong winds and waves
693,Five killed as two buses collide in Faridpur,2024-10-15 10:46:29,https://en.prothomalo.com/bangladesh/local-news/8zaofzgj1v,"dhaka-khulna highway, near karimpur jora bridge in mallickpur of faridpur sadar upazila",Faridpur,5,15,Bus,head-on collision,Bangladesh,event,road accident,2024-10-15,10:46:29,Oct,10,Light rain,10,Oct,head-on collision
697,Transport syndicate set to extort Tk 8.32b during Eid: Jatri Kalyan Samity,2025-03-26 21:36:53,https://en.prothomalo.com/bangladesh/cxrjumq7y8,dhaka reporters’ unity,Dhaka,0,0,"Road, Rail, Water And Air Transport",fare irregularities and extortion,Bangladesh,event,road accident,2025-03-26,21:36:53,Mar,3,Partly cloudy,21,Mar,fare irregularities and extortion
698,Education academy DG killed in road accident,2017-05-13 18:10:13,https://en.prothomalo.com/bangladesh/Education-academy-DG-killed-in-road-accident,baroiarhat area,Chattogram,1,0,,,Bangladesh,event,road accident,2017-05-13,18:10:13,May,5,Light rain,18,May,
699,Five killed in Gazipur road crash,2024-09-15 10:22:26,https://en.prothomalo.com/bangladesh/accident/6ind9vrd3g,tongi-kaliganj-ghorashal road,Gazipur,5,1,Cng-Run Auto Rickshaw,,Bangladesh,event,road accident,2024-09-15,10:22:26,Sep,9,Moderate rain,10,Sep,
706,2 killed as bus overturns on Bogura-Rangpur highway,2023-06-28 14:37:22,https://en.prothomalo.com/bangladesh/accident/vv09h3fo9o,bogura-rangpur highway at chandihara in shibganj upazila,Bogra,2,2,Bus,overturned,Bangladesh,event,road accident,2023-06-28,14:37:22,Jun,6,Moderate rain,14,Jun,overturned
707,Chhatra Dal activist shot dead in Narsingdi,2024-12-22 13:22:45,https://en.prothomalo.com/bangladesh/local-news/auf6dhwevn,panchdona bazar fish market mosque,Narsingdi,1,0,,shot dead by miscreants,Bangladesh,event,road accident,2024-12-22,13:22:45,Dec,12,Partly cloudy,13,Dec,shot dead by miscreants
708,Four killed in Mymensingh road crash,2023-10-11 11:32:06,https://en.prothomalo.com/bangladesh/accident/y1i0b58wzt,"chelerghat area, dhaka-mymensingh highway",Mymensingh,4,0,Bus,bus ran over people,Bangladesh,event,road accident,2023-10-11,11:32:06,Oct,10,Light rain,11,Oct,bus ran over people
710,5 killed in bus-truck head-on collision in Dinajpur,2024-07-05 12:03:37,https://en.prothomalo.com/bangladesh/accident/77a3uamyl6,panchbari bazar chakrampur (daisei) area of ​​dinajpur-gobindaganj road,Dinajpur,5,28,"Bus, Truck",head-on collision,Bangladesh,event,road accident,2024-07-05,12:03:37,Jul,7,Moderate rain,12,Jul,head-on collision
711,Driver dies as truck crashes into covered van in Banani,2023-08-25 21:14:01,https://en.prothomalo.com/bangladesh/accident/prmrnuuwrz,banani area,Dhaka,1,0,"Truck, Covered Van",,Bangladesh,event,road accident,2023-08-25,21:14:01,Aug,8,Heavy rain,21,Aug,
715,Indefinite transport strike on Sylhet-Tamabil road from Monday,2023-07-10 08:54:05,https://en.prothomalo.com/bangladesh/uf0w1vuqpa,sylhet-tamabil road,Sylhet,5,0,All Types Of Transport,,Bangladesh,event,road accident,2023-07-10,08:54:05,Jul,7,Heavy rain,8,Jul,
716,Two truck workers killed in city accident,2017-04-29 10:41:25,,shyampur area,Dhaka,2,0,,,Bangladesh,event,road accident,2017-04-29,10:41:25,Apr,4,Heavy rain,10,Apr,
717,Three killed as truck hit buses carrying Jamaat members in Rajshahi,2025-04-07 10:11:24,https://en.prothomalo.com/bangladesh/local-news/kvxl4jpbxj,kharkhari area on the outskirts of rajshahi city,Rajshahi,3,50,Truck And Two Buses,truck collided with two buses,Bangladesh,event,road accident,2025-04-07,10:11:24,Apr,4,,10,Apr,truck collided with two buses
719,4 killed in head-on collision of motorcycles in Shibchar ,2025-04-01 23:00:20,https://en.prothomalo.com/bangladesh/local-news/0tg964x2yr,kutubpur saheb bajar,Madaripur,4,2,Motorcycle,head on collision,Bangladesh,event,road accident,2025-04-01,23:00:20,Apr,4,Light rain,23,Apr,head-on collision
720,Four dead as bus hits auto-rickshaw in Gaibandha,2023-04-21 20:45:01,https://en.prothomalo.com/bangladesh/accident/urtdici3zx,taltala area of gabindaganj upazila,Gaibandha,4,0,"Bus, Auto-Rickshaw",bus hit auto-rickshaw,Bangladesh,event,road accident,2023-04-21,20:45:01,Apr,4,Moderate rain,20,Apr,bus hit autorickshaw
721,42 RMG workers injured as bus overturns in Banani,2025-03-28 14:20:46,https://en.prothomalo.com/bangladesh/city/329w3knjek,banani area,Dhaka,0,42,Bus,overturned,Bangladesh,event,road accident,2025-03-28,14:20:46,Mar,3,Clear sky,14,Mar,overturned
723,"Truck driver, assistant killed in road accident",2017-04-26 15:17:50,https://en.prothomalo.com/bangladesh/Workers-killed-in-Sirajganj-road-crash,dhaka-bogra highway,Sirajganj,2,3,Transport Workers,road accident,Bangladesh,event,road accident,2017-04-26,15:17:50,Apr,4,Partly cloudy,15,Apr,road accident
726,"7 killed as truck, microbus collide in Narsingdi ",2023-08-25 08:21:33,https://en.prothomalo.com/bangladesh/accident/jfny1v132t,ghasirdia area,Narsingdi,7,0,"Truck, Microbus",collision,Bangladesh,event,road accident,2023-08-25,08:21:33,Aug,8,Moderate rain,8,Aug,collision
728,Five killed in truck-car collision in Habiganj,2024-05-02 12:11:03,https://en.prothomalo.com/bangladesh/accident/cfa5t17hh9,haritala area on sylhet-dhaka highway,Habiganj,5,0,Truck And Car,head on collision,Bangladesh,event,road accident,2024-05-02,12:11:03,May,5,Moderate rain,12,May,head-on collision
729,3 students killed as truck hits motorcycle in Chattogram,2023-11-04 16:31:05,https://en.prothomalo.com/bangladesh/accident/hm71unkdx8,"komoldha area, mirsharai upazila",Chattogram,3,1,"Truck, Motorcycle",truck hit motorcycle from behind while it was taking a u-turn,Bangladesh,event,road accident,2023-11-04,16:31:05,Nov,11,Partly cloudy,16,Nov,truck hit motorcycle from behind while it was taking a uturn
733,16 killed as bus plunges into ditch,2023-03-19 09:19:54,https://en.prothomalo.com/bangladesh/accident/piut06j8gp,kutubpur,Madaripur,16,30,Bus,fell into a ditch,Bangladesh,event,road accident,2023-03-19,09:19:54,Mar,3,Moderate rain,9,Mar,fell into a ditch
734,Bodies of 2 workers recovered from septic tank in Dhaka,2023-05-28 15:49:59,https://en.prothomalo.com/bangladesh/nps7yk5yjf,septic tank of an under-construction building,Dhaka,2,0,,fell into septic tank,Bangladesh,event,road accident,2023-05-28,15:49:59,May,5,Patches of fog,15,May,fell into septic tank
735,"Road crash kills 2, injures 6 in Chattogram",2023-04-21 19:21:30,https://en.prothomalo.com/bangladesh/accident/yjccy7747r,chattogram-cox's bazar highway,Chattogram,2,6,Bus,head-on collision,Bangladesh,event,road accident,2023-04-21,19:21:30,Apr,4,Heavy rain,19,Apr,head-on collision
737,Cop killed in road accident,2017-04-18 09:57:24,https://en.prothomalo.com/bangladesh/Cop-killed-in-road-accident,bogura-rangpur highway at mokamtola,Bogra,1,0,Truck,truck knocked him down,Bangladesh,event,road accident,2017-04-18,09:57:24,Apr,4,Moderate rain,9,Apr,truck knocked him down
740,12 injured as bus flipped over after crashing into footpath in Dhaka ,2023-04-19 16:42:42,https://en.prothomalo.com/bangladesh/city/jzaqzydayt,mirpur road,Dhaka,0,12,Bus,overturned after crashing into a footpath,Bangladesh,event,road accident,2023-04-19,16:42:42,Apr,4,Partly cloudy,16,Apr,overturned after crashing into a footpath
741,Two SSC examinees killed in road crash in Satkhira,2023-05-22 15:10:36,https://en.prothomalo.com/bangladesh/accident/g5g0vwf26f,satkhira-khulna highway near binerpota bridge,Satkhira,2,0,"Truck, Motorcycle",truck hit motorbike,Bangladesh,event,road accident,2023-05-22,15:10:36,May,5,Light rain,15,May,truck hit motorbike
742,"Rath Yatra: 5 electrocuted, 50 injured in Bogura",2024-07-07 20:40:53,,seujgari area of bogura town,,5,37,Rath,electrocution,Bangladesh,event,road accident,2024-07-07,20:40:53,Jul,7,,20,Jul,electrocution
744,"Father, daughter killed in Dinajpur road accident",2017-04-15 22:05:06,https://en.prothomalo.com/bangladesh/Father-daughter-killed-in-Dinajpur-road-accident,mirzapur area of birampur upazila,Dinajpur,2,3,Bus And Rickshaw Van,bus hit a rickshaw van,Bangladesh,event,road accident,2017-04-15,22:05:06,Apr,4,Moderate rain,22,Apr,bus hit a rickshaw van
746,B’baria road accident kills 2,2017-04-05 10:10:08,https://en.prothomalo.com/bangladesh/B’baria-road-accident-kills-2,bertala on dhaka-sylhet highway,Brahmanbaria,2,0,"Truck, Motorcycle",truck hit their bike,Bangladesh,event,road accident,2017-04-05,10:10:08,Apr,4,Light rain,10,Apr,truck hit their bike
748,Two dead as wall collapses in Chattogram,2023-02-23 11:18:07,,"jamal khan, chattogram city",Chattogram,2,1,Not Applicable,wall collapse during demolition,Bangladesh,event,road accident,2023-02-23,11:18:07,Feb,2,Partly cloudy,11,Feb,wall collapse during demolition
750,Two siblings lose lives while going by hired motorbike to celebrate Eid,2024-06-17 20:28:43,https://en.prothomalo.com/bangladesh/accident/hjdkzofx4p,"sohagpur bus stand area, ashuganj, brahmanbaria",Brahmanbaria,2,0,Motorcycle,,Bangladesh,event,road accident,2024-06-17,20:28:43,Jun,6,Moderate rain,20,Jun,
751,Three go missing as boat capsizes in Lalmonirhat,2023-07-09 13:27:07,,teesta river,Lalmonirhat,0,0,,strong currents,Bangladesh,event,road accident,2023-07-09,13:27:07,Jul,7,Moderate rain,13,Jul,strong currents
752,Dhaka-Mymensingh road blocked as female worker killed in road crash,2025-03-12 12:32:13,https://en.prothomalo.com/bangladesh/local-news/i17wk9nu8u,dhaka-mymensingh highway in gazipur,Gazipur,1,0,Truck,road accident,Bangladesh,event,road accident,2025-03-12,12:32:13,Mar,3,Mainly clear,12,Mar,road accident
753,Blockade in Banani over death of RMG worker in road crash,2025-03-10 10:54:33,https://en.prothomalo.com/bangladesh/city/yh9dbozxlc,chairman bari area,Dhaka,1,1,,road accident,Bangladesh,event,road accident,2025-03-10,10:54:33,Mar,3,Clear sky,10,Mar,road accident
756,"Five killed as truck, easybike collide head-on in Khulna",2024-02-10 19:02:16,https://en.prothomalo.com/bangladesh/accident/815q7wlgu0,khulna-satkhira highway at angardoha culvert area,Khulna,5,0,Truck And Battery-Run Easybike,head-on collision,Bangladesh,event,road accident,2024-02-10,19:02:16,Feb,2,Clear sky,19,Feb,head-on collision
757,Pedal rickshaw drivers demand ban on battery-run rickshaws,2024-08-26 16:54:03,,shahbagh intersection,Dhaka,0,0,"Pedal Rickshaw, Battery-Run Rickshaw, Autorickshaw","protest demanding a ban on battery-run rickshaws from main roads, causing traffic standstill.",Bangladesh,event,road accident,2024-08-26,16:54:03,Aug,8,Moderate rain,16,Aug,protest demanding a ban on batteryrun rickshaws from main roads causing traffic standstill
758,Mymensingh road accident kills 3,2017-04-08 11:30:58,https://en.prothomalo.com/bangladesh/Mymensingh-road-accident-kills-3,bhaitkandi sokholla intersection,Mymensingh,3,2,Truck-Pickup Van,collision,Bangladesh,event,road accident,2017-04-08,11:30:58,Apr,4,Moderate rain,11,Apr,collision
760,17 killed as bus falls into water body in Jhalakathi,2023-07-22 12:43:06,https://en.prothomalo.com/bangladesh/accident/5sy2zk7bvm,"dhansiri union parishad, jhalakathi sadar upazila",Jhalokati,17,0,Bus,fell into a water body,Bangladesh,event,road accident,2023-07-22,12:43:06,Jul,7,Moderate rain,12,Jul,fell into a water body
762,12 killed in Chuadanga road accident,2017-03-26 11:52:21,,damurhuda upazila,Chuadanga,12,10,"Truck, Votovoti",truck hits a small vehicle,Bangladesh,event,road accident,2017-03-26,11:52:21,Mar,3,Moderate rain,11,Mar,truck hits a small vehicle
763,6 killed in collision between CNG-run auto-rickshaw and microbus in Sylhet,2023-07-20 11:21:27,https://en.prothomalo.com/bangladesh/accident/o8dbb8iqvk,sylhet-companiganj regional highway,Sylhet,6,0,"Cng-Run Auto-Rickshaw, Microbus",collision,Bangladesh,event,road accident,2023-07-20,11:21:27,Jul,7,Moderate rain,11,Jul,collision
764,'People in rural areas suffer from 8 to 12hrs of load shedding',2024-05-05 21:34:35,https://en.prothomalo.com/bangladesh/7a2540fiba,kishoreganj’s karimganj and tarail upazilas,Kishoreganj,0,0,,,Bangladesh,event,road accident,2024-05-05,21:34:35,May,5,Heavy rain,21,May,
769,6 killed as bus collides head-on with auto-rickshaw in Sherpur,2024-12-29 15:33:54,https://en.prothomalo.com/bangladesh/accident/roc1yum4vu,sherpur-dhaka regional highway near the bhatshala jora pump area,Sherpur,6,0,Passenger Bus And Auto-Rickshaw,head-on collision,Bangladesh,event,road accident,2024-12-29,15:33:54,Dec,12,Clear sky,15,Dec,head-on collision
770,"CUET shut sine die, bus torched",2024-04-25 18:13:04,https://en.prothomalo.com/bangladesh/local-news/5njaejhjse,chittagong university of engineering and technology (cuet),Chattogram,2,0,,road accident,Bangladesh,event,road accident,2024-04-25,18:13:04,Apr,4,Partly cloudy,18,Apr,road accident
772,Three killed in road crash in Jashore,2023-05-02 09:09:38,https://en.prothomalo.com/bangladesh/accident/r4zvj277j3,keshabpur area,Jashore,3,0,Motorcycles,collision,Bangladesh,event,road accident,2023-05-02,09:09:38,May,5,Partly cloudy,9,May,collision
773,"Bus-Leguna collision kills 4, injures 7 in Faridpur",2024-01-19 22:13:37,https://en.prothomalo.com/bangladesh/accident/t5h6xpyscc,dhaka-khulna highway in bhanga,Faridpur,4,7,Bus And Leguna,head-on collision,Bangladesh,event,road accident,2024-01-19,22:13:37,Jan,1,Light rain,22,Jan,head-on collision
775,Couple killed as bus hits autorickshaw in Dinajpur,2023-08-11 22:57:26,https://en.prothomalo.com/bangladesh/local-news/x4a3mmgs70,near the central bus terminal,Dinajpur,2,2,"Bus, Cng Autorickshaw",bus hitting cng autorickshaw,Bangladesh,event,road accident,2023-08-11,22:57:26,Aug,8,Moderate rain,22,Aug,bus hitting cng autorickshaw
776,"4 killed, 30 hurt as bus overturns in Habiganj",2023-02-16 22:52:14,https://en.prothomalo.com/bangladesh/accident/1ov8neni4e,dhaka-sylhet highway,Habiganj,4,30,Bus,overturned,Bangladesh,event,road accident,2023-02-16,22:52:14,Feb,2,Clear sky,22,Feb,overturned
777,Bus kills schoolboy in Hatirjheel,2023-04-22 17:53:21,https://en.prothomalo.com/bangladesh/accident/go1igg4d4p,dhaka,Dhaka,1,0,"Bus, Motorcycle",bus hit a motorcycle,Bangladesh,event,road accident,2023-04-22,17:53:21,Apr,4,Heavy rain,17,Apr,bus hit a motorcycle
779,Man dies as oil tanker hits him after losing control,2023-05-23 12:12:39,https://en.prothomalo.com/bangladesh/accident/fbxyejclj7,dhaka-rangpur highway,Gaibandha,1,0,Truck (Tanker),losing control,Bangladesh,event,road accident,2023-05-23,12:12:39,May,5,Moderate rain,12,May,losing control
780,Two workers die as under-construction roof collapses,2023-05-23 10:36:55,https://en.prothomalo.com/bangladesh/local-news/c5nv12cibj,betuarmukh area of kamal bazar,Sylhet,2,0,,collapse of the roof of an under-construction building,Bangladesh,event,road accident,2023-05-23,10:36:55,May,5,Moderate rain,10,May,collapse of the roof of an underconstruction building
782,Bus hits motorcyclist to death in Dhaka ,2023-07-25 17:58:58,https://en.prothomalo.com/bangladesh/accident/rjlqe3bf8y,rayerbagh bus stoppage,Dhaka,1,1,"Bus, Motorcycle",hit by a bus,Bangladesh,event,road accident,2023-07-25,17:58:58,Jul,7,Light rain,17,Jul,hit by a bus
784,2 dead in bus-truck collision on Dhaka-Natore highway,2023-07-23 11:24:11,https://en.prothomalo.com/bangladesh/accident/0wszujlgto,dhaka-natore highway,Natore,2,10,"Passenger Bus, Truck",collision,Bangladesh,event,road accident,2023-07-23,11:24:11,Jul,7,Light rain,11,Jul,collision
785,Two people killed as truck hits motorbike in Kushtia,2022-12-03 11:46:36,https://en.prothomalo.com/bangladesh/accident/r4hr566ti4,kushtia-ishwardi highway at bahirchar,Kushtia,2,0,"Truck, Motorcycle",truck hit a motorbike,Bangladesh,event,road accident,2022-12-03,11:46:36,Dec,12,Clear sky,11,Dec,truck hit motorcycle accident
788,Journalist’s dismembered body found in Bogura,2024-02-15 22:56:53,https://en.prothomalo.com/bangladesh/local-news/tobu9qah6o,muril bazar on naogaon-bogura road,Bogra,1,0,,"disappearance and recovery of body, potential road accident or murder",Bangladesh,event,road accident,2024-02-15,22:56:53,Feb,2,Moderate rain,22,Feb,disappearance and recovery of body potential road accident or murder
790,"Mother, daughter electrocuted to death in Khagrachhari",2022-12-25 09:46:54,https://en.prothomalo.com/bangladesh/accident/ltnr6ws9cc,shah nagar area,Khagrachhari,2,0,,electrocution,Bangladesh,event,road accident,2022-12-25,09:46:54,Dec,12,Partly cloudy,9,Dec,electrocution
791,Two killed in Brahmanbaria road crash,2023-04-29 09:32:55,https://en.prothomalo.com/bangladesh/accident/4e6v2flz2r,shyamolighat,Brahmanbaria,2,0,"Motorcycle, Microbus",collision with a microbus coming from the opposite direction,Bangladesh,event,road accident,2023-04-29,09:32:55,Apr,4,Light rain,9,Apr,collision with a microbus coming from the opposite direction
792,Two killed in Brahmanbaria road crash,2023-04-29 09:32:55,https://en.prothomalo.com/bangladesh/local-news/pqscanfypk,shyamolighat of dhaka-sylhet highway,Brahmanbaria,2,0,"Motorcycle, Microbus",head-on collision with a vehicle coming from the opposite direction,Bangladesh,event,road accident,2023-04-29,09:32:55,Apr,4,Light rain,9,Apr,headon collision with a vehicle coming from the opposite direction
794,Five killed in Trishal road crash,2022-11-20 22:49:05,https://en.prothomalo.com/bangladesh/accident/9k7oow05nt,trishal,Mymensingh,5,0,"Truck, Auto-Rickshaw",truck crashed into auto-rickshaw,Bangladesh,event,road accident,2022-11-20,22:49:05,Nov,11,Partly cloudy,22,Nov,truck crashed into autorickshaw
796,Wedding joy turns into tears as two brothers killed in Goalanda road crash,2024-02-01 16:30:27,,dhaka-khulna highway in goalanda upazila,Rajbari,2,1,"Truck, Motorcycle",soil-laden truck hit a motorbike,Bangladesh,event,road accident,2024-02-01,16:30:27,Feb,2,Light rain,16,Feb,soilladen truck hit a motorbike
797,Three killed in Bogura road crash,2023-06-27 19:47:53,https://en.prothomalo.com/bangladesh/4bmsz8rtir,naogaon-bogura regional highway,Naogaon,3,2,"Cng-Run Auto-Rickshaw, Human Hauler",head-on collision,Bangladesh,event,road accident,2023-06-27,19:47:53,Jun,6,Light rain,19,Jun,head-on collision
798,2 killed in Cumilla road crash,2022-12-18 19:31:23,https://en.prothomalo.com/bangladesh/accident/sv6idq6a0i,cumilla-sylhet highway,Cumilla,2,1,"Truck, Motorcycle",truck hit a motorbike,Bangladesh,event,road accident,2022-12-18,19:31:23,Dec,12,Partly cloudy,19,Dec,truck hit motorcycle accident
799,2 killed in Cumilla road crash,2022-12-18 19:31:23,https://en.prothomalo.com/bangladesh/2-killed-in-Cumilla-road-crash,cumilla-sylhet highway in debidwar upazila,Cumilla,2,1,"Truck, Motorcycle",truck hit a motorbike,Bangladesh,event,road accident,2022-12-18,19:31:23,Dec,12,Partly cloudy,19,Dec,truck hit motorcycle accident
803,College student dies in bike race with friends,2023-02-15 09:22:01,https://en.prothomalo.com/bangladesh/accident/4r7fbi5k49,magura-jhenaidah road,Magura,1,0,,,Bangladesh,event,road accident,2023-02-15,09:22:01,Feb,2,Clear sky,9,Feb,
805,"Truck hits vehicles at a high speed, death toll rises to 14",2024-04-17 19:35:00,https://en.prothomalo.com/bangladesh/accident/ve1cqau8jk,gabkhan bridge toll plaza,Jhalokati,14,0,"Truck, Multiple Vehicles",driver lost control over the steering,Bangladesh,event,road accident,2024-04-17,19:35:00,Apr,4,Dense rain,19,Apr,driver lost control over the steering
807,Three people killed in Gopalganj road crash,2023-03-07 21:29:16,,dhaka-khulna highway,Gopalganj,3,0,"Bus, Motorcycle, Bicycle",bus rammed into a motorcycle and a bicycle,Bangladesh,event,road accident,2023-03-07,21:29:16,Mar,3,Partly cloudy,21,Mar,bus rammed into a motorcycle and a bicycle
808,Two killed in Brahmanbaria road crash,2023-04-08 18:10:14,https://en.prothomalo.com/bangladesh/accident/4e6v2flz2r,jadavpur area,Brahmanbaria,2,1,Auto-Rickshaw And A Truck,collision,Bangladesh,event,road accident,2023-04-08,18:10:14,Apr,4,Partly cloudy,18,Apr,collision
809,Two killed in Brahmanbaria road crash,2023-04-08 18:10:14,https://en.prothomalo.com/bangladesh/local-news/pqscanfypk,jadavpur area on shahbajpur-shahjadapur regional highway,Brahmanbaria,2,1,Auto-Rickshaw And A Truck,collision,Bangladesh,event,road accident,2023-04-08,18:10:14,Apr,4,Partly cloudy,18,Apr,collision
811,Two killed in Rajshahi road crash,2022-10-30 09:47:55,https://en.prothomalo.com/bangladesh/Two-killed-in-Rajshahi-road-crash,rajshahi-naogaon highway,Rajshahi,2,0,"Truck, Motorcycle",run over by a truck,Bangladesh,event,road accident,2022-10-30,09:47:55,Oct,10,,9,Oct,run over by a truck
812,Road crash kills three in Cox’s Bazar,2023-03-04 14:34:51,,"aziz nagar, aziznagar-12 bridge area",Cox's Bazar,3,6,"Bus, Pickup Van",head-on collision,Bangladesh,event,road accident,2023-03-04,14:34:51,Mar,3,Clear sky,14,Mar,head-on collision
813,Four killed after lorry collides head-on with pickup in Cumilla  ,2023-06-11 21:00:53,,dhaka-chattogram highway at lalbagh area,Dhaka,4,0,"Lorry, Pickup Van",head-on collision,Bangladesh,event,road accident,2023-06-11,21:00:53,Jun,6,Light rain,21,Jun,head-on collision
814,Six members of a family burnt in fire in Bhashantek,2024-04-12 18:51:50,https://en.prothomalo.com/bangladesh/city/qe71pgq6ya,paschim bhashantek area,Dhaka,0,6,,fire originated from a mosquito coil,Bangladesh,event,road accident,2024-04-12,18:51:50,Apr,4,Light rain,18,Apr,fire originated from a mosquito coil
816,Cylinder explosion in Savar injures 10,2023-08-13 16:36:15,https://en.prothomalo.com/bangladesh/accident/aleol9wpde,shreepur’s noyanagar area,Dhaka,0,10,Gas Cylinder,gas cylinder leakage explosion,Bangladesh,event,road accident,2023-08-13,16:36:15,Aug,8,Moderate rain,16,Aug,gas cylinder leakage explosion
820,Cumilla road crash leaves 2 dead,2023-01-19 14:41:49,https://en.prothomalo.com/bangladesh/accident/fzz3v8z981,cumilla-chandpur road at boro dharmapur,Cumilla,2,0,,,Bangladesh,event,road accident,2023-01-19,14:41:49,Jan,1,Clear sky,14,Jan,
821,Cumilla road crash leaves 2 dead,2023-01-19 14:41:49,https://en.prothomalo.com/bangladesh/accident/cumilla-road-crash-leaves-2-dead,cumilla-chandpur road at boro dharmapur,Cumilla,2,0,,,Bangladesh,event,road accident,2023-01-19,14:41:49,Jan,1,Clear sky,14,Jan,
824,Child dies as truck ploughs into house in Kurigram,2023-01-09 11:46:40,,jatrapur union parishad,Kurigram,1,0,Truck,truck ploughed through a roadside house,Bangladesh,event,road accident,2023-01-09,11:46:40,Jan,1,Clear sky,11,Jan,truck ploughed through a roadside house
829,Three killed in Jamalpur road crash,2023-04-09 13:40:26,https://en.prothomalo.com/bangladesh/accident/1v9hjmb7st,betmari area of jamalpur’s melandaha upazila,Jamalpur,3,0,"Truck, Pickup Van",truck hit pickup van,Bangladesh,event,road accident,2023-04-09,13:40:26,Apr,4,Partly cloudy,13,Apr,truck hit pickup van
830,"Water bus hit by bulkhead capsizes in Buriganga, 30 missing",2023-07-16 22:38:14,https://en.prothomalo.com/bangladesh/accident/ocnx7lbp15,"buriganga river, sadarghat area",Dhaka,0,0,"Water Bus, Bulkhead",hit by a sand-laden bulkhead,Bangladesh,event,road accident,2023-07-16,22:38:14,Jul,7,Moderate rain,22,Jul,hit by a sandladen bulkhead
831,Woman lawyer killed in road crash at Hanif flyover,2023-07-16 16:25:27,https://en.prothomalo.com/bangladesh/accident/7tds52fkm5,mayor mohammad hanif flyover,Dhaka,1,1,"Bus, Motorcycle",bus hit the motorcycle,Bangladesh,event,road accident,2023-07-16,16:25:27,Jul,7,Moderate rain,16,Jul,bus hit the motorcycle
832,"City corporation garbage truck kills worker, road blocked",2024-02-24 10:43:22,https://en.prothomalo.com/bangladesh/local-news/gpyj6jsy63,kunia borobari area,Gazipur,1,0,Garbage Truck,run over by a garbage truck,Bangladesh,event,road accident,2024-02-24,10:43:22,Feb,2,Partly cloudy,10,Feb,run over by a garbage truck
834,2 killed in road crash in Kushtia,2023-07-13 11:58:20,https://en.prothomalo.com/bangladesh/accident/z2nknex4xo,kalumor area of kumarkhali on the kushtia-rajbari highway,Kushtia,2,0,"Car, Motorcycle, Nasimon",,Bangladesh,event,road accident,2023-07-13,11:58:20,Jul,7,Light rain,11,Jul,
836,Man burned to death as truck catches fire in Sylhet,2023-01-29 17:05:48,https://en.prothomalo.com/bangladesh/accident/r3en5xwbr3,sylhet-fenchuganj road at parairchak,Sylhet,1,0,Truck,collision between two trucks followed by fire,Bangladesh,event,road accident,2023-01-29,17:05:48,Jan,1,Partly cloudy,17,Jan,collision between two trucks followed by fire
837,Motorcyclist killed in ‘race’ of two buses in Dhaka,2023-04-02 13:34:39,https://en.prothomalo.com/bangladesh/accident/r000zwqvua,savar's ashulia,Dhaka,1,0,"Bus, Motorcycle","road accident involving a motorcycle and buses, leading to fire.",Bangladesh,event,road accident,2023-04-02,13:34:39,Apr,4,Moderate rain,13,Apr,road accident involving a motorcycle and buses leading to fire
838,"5 police SIs, an ASI injured in Noakhali road accident",2017-02-24 16:15:24,https://en.prothomalo.com/bangladesh/5-police-SIs-an-ASI-injured-in-Noakhali-road,munshir bari dorga area,Noakhali,0,5,Microbus,hit a roadside tree,Bangladesh,event,road accident,2017-02-24,16:15:24,Feb,2,Dense rain,16,Feb,hit a roadside tree
840,Hasnat’s car hit by another vehicle at Gulistan,2024-11-28 17:02:25,https://en.prothomalo.com/bangladesh/city/ehm5l8cfb1,"gulistan area, jatrabari-gulistan flyover toll plaza",Dhaka,0,0,"Car, Motorcade Vehicle",collision between vehicles,Bangladesh,event,road accident,2024-11-28,17:02:25,Nov,11,Partly cloudy,17,Nov,collision between vehicles
841,2 CUET students killed in road crash,2024-04-22 21:20:23,https://en.prothomalo.com/bangladesh/accident/wx24imoutw,zianagar area,Chattogram,2,1,Bus,bus ran over students,Bangladesh,event,road accident,2024-04-22,21:20:23,Apr,4,Light rain,21,Apr,bus ran over students
843,Motorcyclist hit by bus in Narayanganj dies,2023-07-04 09:11:13,https://en.prothomalo.com/bangladesh/accident/21au647nxt,dhaka medical college hospital,Dhaka,1,0,"Bus, Motorcycle",struck by a bus,Bangladesh,event,road accident,2023-07-04,09:11:13,Jul,7,Light rain,9,Jul,struck by a bus
844,3 siblings killed in Sirajganj road crash,2023-05-01 22:41:39,https://en.prothomalo.com/bangladesh/accident/p2n1l6rpco,dhaka-bogura highway in raiganj upazila of sirajganj,Sirajganj,3,2,Bus And Ambulance,head-on collision,Bangladesh,event,road accident,2023-05-01,22:41:39,May,5,Moderate rain,22,May,head-on collision
845,"School teacher, van driver killed in Rajshahi road crash",2023-02-28 13:26:12,https://en.prothomalo.com/bangladesh/accident/7449mv2jhd,keshorhaat area of mohanpur upazila,Rajshahi,2,0,"Bus, Van",bus hitting van,Bangladesh,event,road accident,2023-02-28,13:26:12,Feb,2,,13,Feb,bus hitting van
846,Special drive against over speeding on Padma expressay,2023-03-30 10:30:31,https://en.prothomalo.com/bangladesh/local-news/8nqp7wrpnf,padma bridge expressway,Madaripur,0,0,Vehicles,speeding,Bangladesh,event,road accident,2023-03-30,10:30:31,Mar,3,Light rain,10,Mar,speeding
847,4 killed in truck-pick-up van collision in Sirajganj,2023-06-29 20:17:46,https://en.prothomalo.com/bangladesh/accident/gennyzcir8,pukurpara area in ullapara upazila,Sirajganj,4,2,Truck And Pick-Up Van,collision,Bangladesh,event,road accident,2023-06-29,20:17:46,Jun,6,Moderate rain,20,Jun,collision
848,Two killed as truck hits three-wheeler,2023-03-23 11:21:41,https://en.prothomalo.com/bangladesh/accident/tdsoc0yroc,mymensingh-netrokona road in gouripur upazila,Mymensingh,2,3,Truck And Cng-Run Auto-Rickshaw,truck hit a cng-run auto-rickshaw,Bangladesh,event,road accident,2023-03-23,11:21:41,Mar,3,Light rain,11,Mar,truck hit a cngrun autorickshaw
850,"Netrokona speedboat capsize: 3 children bodies recovered, 1 still missing",2025-09-14 14:38:29,,"panchhat charpara area of gazipur union, khaliajuri upazila",Netrakona,3,0,Speedboat,capsize,Bangladesh,event,road accident,2025-09-14,14:38:29,Sep,9,,14,Sep,capsize
852,11 fishermen injured as gas cylinder explodes inside trawler in Cox’s Bazar,2023-09-01 18:50:25,https://en.prothomalo.com/bangladesh/local-news/ws6rn3s8zv,ghat-6 of nuniachara,Cox's Bazar,0,11,Trawler,gas cylinder explosion,Bangladesh,event,road accident,2023-09-01,18:50:25,Sep,9,Moderate rain,18,Sep,gas cylinder explosion
854,Road crash kills 7 of a family including 3 children in Chattogram,2023-11-07 14:36:10,https://en.prothomalo.com/bangladesh/accident/t5lrxgzfaf,chattogram-khagrachhari regional highway at the board school area of ward 7 of mirzapur union,Chattogram,7,2,Bus And Cng-Run Auto-Rickshaw,head-on-collision,Bangladesh,event,road accident,2023-11-07,14:36:10,Nov,11,Partly cloudy,14,Nov,headoncollision
857,Three die as bus hits pickup van in Dinajpur,2022-12-11 13:23:48,https://en.prothomalo.com/bangladesh/accident/gnt8yzriwe,fulbari upazila,Dinajpur,3,0,"Bus, Pickup Van",bus hit a pickup van,Bangladesh,event,road accident,2022-12-11,13:23:48,Dec,12,Partly cloudy,13,Dec,bus hit a pickup van
858,Fish trader killed in city road crash,2022-11-10 13:53:43,https://en.prothomalo.com/bangladesh/accident/ry12v0wxhy,dhaka-mawa highway in jatrabari area,Dhaka,1,2,,,Bangladesh,event,road accident,2022-11-10,13:53:43,Nov,11,Mainly clear,13,Nov,
860,Six killed in collision between truck and auto-rickshaw in Narsingdi,2024-10-26 16:28:05,https://en.prothomalo.com/bangladesh/accident/qrha8obv3m,pacharbari area on the itakhola-manohardi regional highway,Narsingdi,6,0,"Truck, Auto-Rickshaw",head-on collision,Bangladesh,event,road accident,2024-10-26,16:28:05,Oct,10,Light rain,16,Oct,head-on collision
863,3 of a family burnt in fire from gas cylinder leak in Gazipur,2023-08-14 15:04:59,https://en.prothomalo.com/bangladesh/local-news/17ktstyf46,boardbazar muktarbari area of gazipur city,Gazipur,0,3,Gas Cylinder,gas cylinder leak,Bangladesh,event,road accident,2023-08-14,15:04:59,Aug,8,Dense rain,15,Aug,gas cylinder leak
864,4 of a family killed during Eid trip ,2025-03-30 17:41:31,https://en.prothomalo.com/bangladesh/local-news/rs7ubej2bx,chandrapara area on the mymensingh-kishoreganj regional highway,Mymensingh,4,0,"Auto-Rickshaw, Bus",bus ran over the auto-rickshaw,Bangladesh,event,road accident,2025-03-30,17:41:31,Mar,3,Partly cloudy,17,Mar,bus ran over the autorickshaw
867,CU teacher killed in road crash,2022-09-03 11:53:04,https://en.prothomalo.com/bangladesh/accident/6fzfmefmvw,chittagong university,Chattogram,1,0,"Bike, Car",speeding car hit bike,Bangladesh,event,road accident,2022-09-03,11:53:04,Sep,9,Moderate rain,11,Sep,speeding car hit bike
873,3 construction workers die from electrocution in Gazipur,2023-03-30 13:50:01,https://en.prothomalo.com/bangladesh/local-news/stlqzc4vzl,kewa village,Gazipur,3,0,Construction Equipment,"electrocution while lifting iron rods, came in contact with live electric wire",Bangladesh,event,road accident,2023-03-30,13:50:01,Mar,3,Moderate rain,13,Mar,electrocution while lifting iron rods came in contact with live electric wire
874,5 passengers miraculously survive after container lorry crushes car ,2023-08-05 19:46:02,https://en.prothomalo.com/bangladesh/local-news/ospfg83pqr,dhaka-chattogram highway near faujdarhat cadet college,Chattogram,0,0,"Private Car, Container Lorry",lorry overturned on a private car,Bangladesh,event,road accident,2023-08-05,19:46:02,Aug,8,Moderate rain,19,Aug,lorry overturned on a private car
877,Youth killed in Tangail motorcycle crash,2022-11-25 13:12:11,,tangail,Tangail,1,1,Motorcycle,crashed into another two-wheeler,Bangladesh,event,road accident,2022-11-25,13:12:11,Nov,11,Mainly clear,13,Nov,crashed into another twowheeler
880,Three killed in road crash in Chandpur,2023-02-22 12:34:13,https://en.prothomalo.com/bangladesh/accident/o2x4193uz5,ghosher haat area on chandpur-cumilla highway,Chandpur,3,1,Bus And Cng-Run Auto-Rickshaw,head-on collision,Bangladesh,event,road accident,2023-02-22,12:34:13,Feb,2,Light rain,12,Feb,head-on collision
881,"2 killed, 15 hurt in road crash on Barishal-Patharghata highway",2023-03-24 15:43:11,https://en.prothomalo.com/bangladesh/accident/cpnf2qa714,kanudashkathi area on the barishal-patharghata highway,Jhalokati,2,15,Brtc Bus,bus hit a tree by the roadside following an altercation between the driver and the supervisor,Bangladesh,event,road accident,2023-03-24,15:43:11,Mar,3,Light rain,15,Mar,bus hit a tree by the roadside following an altercation between the driver and the supervisor
885,"2 dead, 20 injured as picnic bus overturns in Rangamati",2023-03-18 08:50:37,https://en.prothomalo.com/bangladesh/9ci75ozzy1,manikchhari area,Rangamati,2,20,Bus,went out of control and overturned,Bangladesh,event,road accident,2023-03-18,08:50:37,Mar,3,,8,Mar,went out of control and overturned
886,Three die as truck hits motorbike in Khilgaon ,2022-11-19 12:12:43,https://en.prothomalo.com/bangladesh/city/ibq7grqtjo,khilgaon flyover,Dhaka,3,0,"Truck, Motorcycle",truck hit motorbike,Bangladesh,event,road accident,2022-11-19,12:12:43,Nov,11,Partly cloudy,12,Nov,truck hit motorbike
887,Two killed in truck-CNG collision in Sylhet,2023-02-13 13:11:04,https://en.prothomalo.com/bangladesh/accident/r7xinmc8mo,golapganj upazila,Sylhet,2,3,Cng Autorickshaw And Truck,collision between autorickshaw and truck,Bangladesh,event,road accident,2023-02-13,13:11:04,Feb,2,Partly cloudy,13,Feb,collision between autorickshaw and truck
888,Road crashes killed four in Gazipur,2022-12-17 16:18:57,https://en.prothomalo.com/bangladesh/accident/xc0hb6n7c2,dhaka-tangail and dhaka-mymensingh highways,Gazipur,4,0,,,Bangladesh,event,road accident,2022-12-17,16:18:57,Dec,12,Partly cloudy,16,Dec,
892,"Mother, three children killed as wall collapses in Teknaf ",2023-11-17 10:56:21,https://en.prothomalo.com/bangladesh/accident/xxp77mt3aj,"panirchhara area of morichyaghona, moulvibazar, hnila union",Cox's Bazar,4,0,,mud wall collapse due to heavy rain,Bangladesh,event,road accident,2023-11-17,10:56:21,Nov,11,Heavy rain,10,Nov,mud wall collapse due to heavy rain
893,Student killed as truck runs over him in Chuadanga,2022-11-13 09:29:55,https://en.prothomalo.com/bangladesh/accident/w7fsxnh2dx,chuadanga town,Chuadanga,1,0,"Truck, Motorcycle",truck hit motorcycle and ran over victim,Bangladesh,event,road accident,2022-11-13,09:29:55,Nov,11,Clear sky,9,Nov,truck hit motorcycle and ran over victim
894,2 dead as picnic bus hits tree in Chattogram,2022-11-11 14:53:25,https://en.prothomalo.com/bangladesh/accident/pn9lv07psr,chattogram-cox’s bazar highway in lohagara upazila,Chattogram,2,0,Picnic Bus,hit a roadside tree,Bangladesh,event,road accident,2022-11-11,14:53:25,Nov,11,Partly cloudy,14,Nov,hit a roadside tree
896,Minor killed in road crash in Dhaka,2022-12-07 08:40:11,https://en.prothomalo.com/bangladesh/accident/79n324amox,dholaipara,Dhaka,1,0,Bus,hit by bus,Bangladesh,event,road accident,2022-12-07,08:40:11,Dec,12,Partly cloudy,8,Dec,hit by bus
897,"2 killed in head-on collision of bus, car in Gaibandha",2023-06-30 12:19:28,https://en.prothomalo.com/bangladesh/accident/nweiawkvk8,pantapara on the dhaka-rangpur highway,Gaibandha,2,0,"Bus, Car",head-on collision,Bangladesh,event,road accident,2023-06-30,12:19:28,Jun,6,Moderate rain,12,Jun,head-on collision
901,3 dead as bus hits auto rickshaw in Cumilla,2022-10-31 14:14:28,https://en.prothomalo.com/bangladesh/accident/26jnmj7u3l,dhaka-chattogram highway,Cumilla,3,4,"Bus, Auto Rickshaw",bus hit auto rickshaw,Bangladesh,event,road accident,2022-10-31,14:14:28,Oct,10,Dust or sand whirls,14,Oct,bus hit auto rickshaw
902,Bus driver dies after being run over by pick-up van,2023-04-28 15:05:18,https://en.prothomalo.com/bangladesh/accident/sbi5gqkn4p,moghbazar flyover,Dhaka,1,0,"Bus, Pickup Van",pickup van ran over bus driver,Bangladesh,event,road accident,2023-04-28,15:05:18,Apr,4,Moderate rain,15,Apr,pickup van ran over bus driver
903,Road crash kills 2 in Rangpur,2022-07-05 16:02:59,https://en.prothomalo.com/bangladesh/accident/road-crash-kills-2-in-rangpur,mahiganj soreyaltal,Rangpur,2,4,"Truck, Auto-Rickshaw",truck hitting auto-rickshaw,Bangladesh,event,road accident,2022-07-05,16:02:59,Jul,7,Moderate rain,16,Jul,truck hitting autorickshaw
904,Death toll rises to 8 in Khagrachhari road accident,2017-02-04 10:33:50,https://en.prothomalo.com/bangladesh/Death-toll-rises-to-8-in-Khagrachhari-road,chittagong medical college hospital (cmch),Chattogram,8,0,,,Bangladesh,event,road accident,2017-02-04,10:33:50,Feb,2,Clear sky,10,Feb,
905,University student killed after being hit by bus in Dhaka,2023-01-22 18:40:42,https://en.prothomalo.com/bangladesh/accident/jh8uq7wlzn,kuril bishwa road area,Dhaka,1,0,Bus,bus hit a pedestrian,Bangladesh,event,road accident,2023-01-22,18:40:42,Jan,1,Clear sky,18,Jan,bus hit a pedestrian
907,2 farmers killed in Pabna road crash; 5 hurt,2022-11-23 11:06:41,https://en.prothomalo.com/bangladesh/accident/oqmb6m9q8m,kashinathpur-bogura highway in santhia upazila,Pabna,2,5,"Truck, Three-Wheeler",truck hit a three-wheeler,Bangladesh,event,road accident,2022-11-23,11:06:41,Nov,11,Partly cloudy,11,Nov,truck hit a threewheeler
908,Four killed as bus hits truck on Dhaka-Mawa expressway in Munshiganj,2023-04-20 11:15:05,,shologhor on the dhaka-mawa expressway,Munshiganj,4,2,"Passenger Bus, Truck",passenger bus hit a parked truck from behind,Bangladesh,event,road accident,2023-04-20,11:15:05,Apr,4,Heavy rain,11,Apr,passenger bus hit a parked truck from behind
909,2 workers die inside septic tank in Chattogram,2023-02-15 09:28:14,https://en.prothomalo.com/bangladesh/local-news/6bff4wftqj,dakshin madarsha village,Chattogram,2,0,,working inside a septic tank without adequate protective gear,Bangladesh,event,road accident,2023-02-15,09:28:14,Feb,2,Clear sky,9,Feb,working inside a septic tank without adequate protective gear
913,Couple killed in Naogaon road crash,2022-08-13 17:50:12,https://en.prothomalo.com/bangladesh/accident/a3inn0govj,naogaon-rajshahi regional highway near latahar bridge in nowhata area,Naogaon,2,0,Car,lost control over the steering,Bangladesh,event,road accident,2022-08-13,17:50:12,Aug,8,Moderate rain,17,Aug,lost control over the steering
915,NSU student dies as covered van hits motorbike in city,2023-04-01 13:53:01,,beribadh area,Dhaka,1,0,"Motorbike, Covered Van",covered van hit the motorbike,Bangladesh,event,road accident,2023-04-01,13:53:01,Apr,4,Moderate rain,13,Apr,covered van hit the motorbike
916,Three teens killed in Barguna bike crash,2022-11-04 14:12:01,https://en.prothomalo.com/bangladesh/local-news/ztelfkbkr9,betagi,Barguna,3,0,Motorcycle,hit a roadside tree,Bangladesh,event,road accident,2022-11-04,14:12:01,Nov,11,Partly cloudy,14,Nov,hit a roadside tree
917,"Father, son among 5 killed as covered van ploughs into restaurant",2022-12-02 13:09:12,https://en.prothomalo.com/bangladesh/accident/chly435hkw,manirampur upazila,Jashore,5,0,Covered Van,veered off the road and ploughed into a roadside restaurant,Bangladesh,event,road accident,2022-12-02,13:09:12,Dec,12,Clear sky,13,Dec,veered off the road and ploughed into a roadside restaurant
919,Two children die after falling off rooftop in Dhaka,2023-01-28 09:07:21,https://en.prothomalo.com/bangladesh/city/0x5l251ax9,sylheti bazar area of kamrangirchar's ahsanbagh,Dhaka,2,0,,falling off the rooftop,Bangladesh,event,road accident,2023-01-28,09:07:21,Jan,1,Clear sky,9,Jan,falling off the rooftop
921,Pak diplomat escape unhurt after a bus rams his car in Brahmanbaria,2023-05-26 20:33:33,https://en.prothomalo.com/bangladesh/accident/b03tgq0ue8,brahmanbaria,Brahmanbaria,0,0,"Car, Bus",speeding bus collided head-on with car,Bangladesh,event,road accident,2023-05-26,20:33:33,May,5,Moderate rain,20,May,speeding bus collided headon with car
925,Physician dies on Cumilla highway while being chased by motorbikes,2025-09-04 13:23:10,https://en.prothomalo.com/bangladesh/city/z21jwzc65p,"cumilla–chandpur highway, bizra area of laksham upazila, cumilla",Cumilla,1,0,"Car, Motorcycle",lost control after being chased by motorcyclists,Bangladesh,event,road accident,2025-09-04,13:23:10,Sep,9,,13,Sep,lost control after being chased by motorcyclists
932,"Driver, helper arrested over university student’s death in Dhaka road crash",2023-01-23 11:57:38,https://en.prothomalo.com/bangladesh/accident/5gtawuogj0,near jamuna future park,Dhaka,1,0,Bus,,Bangladesh,event,road accident,2023-01-23,11:57:38,Jan,1,Partly cloudy,11,Jan,
934,Student dies in motorbike-truck collision in Dhaka,2023-07-23 11:41:18,,rampura,Dhaka,1,0,"Truck, Motorcycle",head-on collision,Bangladesh,event,road accident,2023-07-23,11:41:18,Jul,7,Light rain,11,Jul,head-on collision
936,"Two dead, four wounded in Sylhet road crash",2023-01-20 21:58:07,https://en.prothomalo.com/bangladesh/accident/oysleg3hxu,dakshin surma upazila,Sylhet,2,4,"Truck, Cng-Run Auto-Rickshaw",speeding truck crashed into a cng-run auto-rickshaw,Bangladesh,event,road accident,2023-01-20,21:58:07,Jan,1,Clear sky,21,Jan,speeding truck crashed into a cngrun autorickshaw
938,"Mother, child killed in Panchagarh road accident",2017-01-24 10:11:43,,amarkhana area of panchagarh sadar upazila,Panchagarh,2,1,,,Bangladesh,event,road accident,2017-01-24,10:11:43,Jan,1,,10,Jan,
939,Traffic police killed in city road crash,2022-08-28 10:54:42,https://en.prothomalo.com/bangladesh/accident/erbc1o1yqr,uttara area,Dhaka,1,0,Truck,lorry ran over constable,Bangladesh,event,road accident,2022-08-28,10:54:42,Aug,8,Light rain,10,Aug,lorry ran over constable
940,5 killed in separate road crashes in Bogura,2023-07-15 12:16:56,https://en.prothomalo.com/bangladesh/accident/k4kybxnkwn,dhaka-bogra highway in the katabaria area,Dhaka,2,1,"Truck, Motorcycle",truck hit a motorbike,Bangladesh,event,road accident,2023-07-15,12:16:56,Jul,7,Light rain,12,Jul,truck hit motorcycle accident
942,Three people electrocuted in Kishoreganj,2022-08-26 21:29:06,https://en.prothomalo.com/bangladesh/accident/rfjisj1x5o,bhairab upazila,Kishoreganj,3,3,,electrocution,Bangladesh,event,road accident,2022-08-26,21:29:06,Aug,8,Light rain,21,Aug,electrocution
944,Ex-DU teacher under whose car a woman was dragged and killed died at DMCH  ,2023-01-13 18:32:15,https://en.prothomalo.com/bangladesh/city/yfo90abng9,dhaka university (du) area,Dhaka,1,0,Car,trapped under his private car,Bangladesh,event,road accident,2023-01-13,18:32:15,Jan,1,Partly cloudy,18,Jan,trapped under his private car
945,2 killed in Dhaka as ‘auto-rickshaw crashes into truck’,2023-01-13 13:11:02,https://en.prothomalo.com/bangladesh/city/cwicimte8r,jatrabari area,Dhaka,2,2,"Cng-Run Auto-Rickshaw, Truck",auto-rickshaw crashed into a truck,Bangladesh,event,road accident,2023-01-13,13:11:02,Jan,1,Partly cloudy,13,Jan,autorickshaw crashed into a truck
947,Rickshawpuller killed in Narayanganj road crash,2022-10-19 11:00:08,https://en.prothomalo.com/bangladesh/accident/62xu4td0em,kachpur bridge,Narayanganj,1,0,"Unidentified Vehicle, Rickshaw",hit by an unidentified speeding vehicle,Bangladesh,event,road accident,2022-10-19,11:00:08,Oct,10,Partly cloudy,11,Oct,hit by an unidentified speeding vehicle
948,"3 killed, 77 hurt in Panchagarh road crashes",2023-03-04 21:58:20,https://en.prothomalo.com/bangladesh/accident/now1tkypye,debiganj and boda upazilas of panchagarh,Panchagarh,3,77,,separate road crashes,Bangladesh,event,road accident,2023-03-04,21:58:20,Mar,3,,21,Mar,separate road crashes
949,Two killed as pickup van rams auto-rickshaw in city,2023-03-03 21:14:18,https://en.prothomalo.com/bangladesh/accident/nkjbnvx5fb,jatrabari area,Dhaka,2,3,"Pickup Van, Cng-Run Auto-Rickshaw",pickup van rammed a cng-run auto-rickshaw,Bangladesh,event,road accident,2023-03-03,21:14:18,Mar,3,Clear sky,21,Mar,pickup van rammed a cngrun autorickshaw
951,"Trawler carrying 28 sacrificial cows sinks in Padma 
",2023-06-24 20:09:22,https://en.prothomalo.com/bangladesh/local-news/kl75h6iq0u,padma river in sutrokandi area under kanchanpur union,Manikganj,0,0,Engine-Run Trawler,capsized due to severe tides,Bangladesh,event,road accident,2023-06-24,20:09:22,Jun,6,Moderate rain,20,Jun,capsized due to severe tides
953,Collision near Chattogram port: Two bodies recovered,2022-10-14 15:20:43,https://en.prothomalo.com/bangladesh/accident/z321r2x0ai,"near chattogram port, bay of bengal",Chattogram,2,0,"Lighterage Vessel, Ship",collision between two ships,Bangladesh,event,road accident,2022-10-14,15:20:43,Oct,10,Light rain,15,Oct,collision between two ships
955,"Two killed, four injured in Narayanganj road crash",2022-10-12 13:43:36,https://en.prothomalo.com/bangladesh/accident/dwfqqq02ux,dhaka-sylhet highway in araihazar upazila,Narayanganj,2,4,"Bus, Auto-Rickshaw",speeding bus hit a cng-run auto-rickshaw,Bangladesh,event,road accident,2022-10-12,13:43:36,Oct,10,Heavy rain,13,Oct,speeding bus hit a cngrun autorickshaw
956,Two killed in road crash in the city,2022-11-08 11:26:41,https://en.prothomalo.com/bangladesh/accident/06pktri4mv,postagola,Dhaka,2,0,"Truck, Pickup Van",,Bangladesh,event,road accident,2022-11-08,11:26:41,Nov,11,Mainly clear,11,Nov,
958,Three victims of Uttarkhan fire admitted to hospital,2022-12-31 10:45:51,https://en.prothomalo.com/bangladesh/accident/5wuy43nohe,uttarkhan,Dhaka,0,3,Gas Cylinder,gas cylinder explosion,Bangladesh,event,road accident,2022-12-31,10:45:51,Dec,12,Partly cloudy,10,Dec,gas cylinder explosion
959,"Mother, son drown as boat sinks in Narail",2022-12-31 09:44:46,https://en.prothomalo.com/bangladesh/0cfpjhl0ws,nabaganga river in narail's kalia upazila,Narail,2,0,,capsized,Bangladesh,event,road accident,2022-12-31,09:44:46,Dec,12,,9,Dec,unknown
960,School teacher killed in Dinajpur road crash,2022-07-21 14:19:32,,dinajpur-phulbari road,Dinajpur,1,0,"Bus, Bicycle",speeding bus hit bicycle,Bangladesh,event,road accident,2022-07-21,14:19:32,Jul,7,Moderate rain,14,Jul,speeding bus hit bicycle
961,"Mother, daughter among three killed in Faridpur road crash",2022-12-29 14:17:33,,dhaka-bhanga highway at salildia in bhanga upazila,Faridpur,3,3,Car And Truck,crash amid dense fog,Bangladesh,event,road accident,2022-12-29,14:17:33,Dec,12,Partly cloudy,14,Dec,crash amid dense fog
964,Tangail road crash claims six lives ,2022-10-06 16:43:51,https://en.prothomalo.com/bangladesh/accident/xd8bymn3av,bangabandhu bridge east golchattar area,Tangail,6,35,"Bus, Microbus",collision between bus and microbus,Bangladesh,event,road accident,2022-10-06,16:43:51,Oct,10,Light rain,16,Oct,collision between bus and microbus
966,Child killed in Cox’s Bazar landslide,2022-06-20 11:44:17,https://en.prothomalo.com/bangladesh/accident/child-killed-in-coxs-bazar-landslide-2,moheshkhali upazila,Cox's Bazar,1,0,,landslide triggered by rain,Bangladesh,event,road accident,2022-06-20,11:44:17,Jun,6,Heavy rain,11,Jun,landslide triggered by rain
969,Ninth-grader dies after scarf gets stuck with auto’s wheels in Mymensingh,2022-12-21 11:25:44,https://en.prothomalo.com/bangladesh/accident/mcbdlk630a,gafargaon upazila,Mymensingh,1,0,Battery-Run Autorickshaw,scarf got stuck with the wheels of a battery-run autorickshaw,Bangladesh,event,road accident,2022-12-21,11:25:44,Dec,12,Mainly clear,11,Dec,scarf got stuck with the wheels of a batteryrun autorickshaw
970,Two die as truck hits bike in Sylhet,2022-10-28 12:28:38,https://en.prothomalo.com/bangladesh/accident/0ylllu56jk,jakiganj upazila,Sylhet,2,0,"Truck, Motorcycle",speeding truck hit motorbike,Bangladesh,event,road accident,2022-10-28,12:28:38,Oct,10,Clear sky,12,Oct,speeding truck hit motorbike
972,Five killed after auto-rickshaw collides with ambulance  ,2022-12-19 20:51:27,https://en.prothomalo.com/bangladesh/accident/3y5t1respf,rangpur-dinajpur highway at nengtichera area of taraganj upazila,Rangpur,5,2,Ambulance And Auto-Rickshaw,head-on collision,Bangladesh,event,road accident,2022-12-19,20:51:27,Dec,12,Partly cloudy,20,Dec,head-on collision
976,Battery-run rickshaw puller killed in road crash in Dhaka,2022-07-30 20:15:47,https://en.prothomalo.com/bangladesh/accident/k321op61bn,asad gate area of mohammadpur on mirpur road near asad gate,Gopalganj,1,0,"Auto Rickshaw, Anonymous Vehicle",hit by an anonymous vehicle,Bangladesh,event,road accident,2022-07-30,20:15:47,Jul,7,Moderate rain,20,Jul,hit by an anonymous vehicle
978,One killed in Dinajpur road crash,2022-12-12 09:56:45,https://en.prothomalo.com/bangladesh/accident/b7swi9b7qx,"hili-mollabazar road, chhoto dangapara area",Dinajpur,1,1,Motorcycle,hit a tree,Bangladesh,event,road accident,2022-12-12,09:56:45,Dec,12,Clear sky,9,Dec,hit a tree
979,Kalyan to be interrogated at jail gate in journo accident case,2017-01-11 17:06:05,https://en.prothomalo.com/bangladesh/Kalyan-to-be-interrogated-at-jail-gate-in-journo,dhaka,Dhaka,0,1,Car,,Bangladesh,event,road accident,2017-01-11,17:06:05,Jan,1,Partly cloudy,17,Jan,
980,Two brothers killed in Gazipur road crash,2022-11-09 09:41:18,https://en.prothomalo.com/bangladesh/accident/8lo9fybnne,kaliakair upazila,Gazipur,2,0,"Motorbike, Covered Van",covered van ran over the motorbike,Bangladesh,event,road accident,2022-11-09,09:41:18,Nov,11,Partly cloudy,9,Nov,covered van ran over the motorbike
981,Youth's bloody body left lying on the road  ,2023-01-26 18:27:52,https://en.prothomalo.com/bangladesh/city/ndn9ugvsj6,rampura bridge at hatirjheel area,Dhaka,1,0,,,Bangladesh,event,road accident,2023-01-26,18:27:52,Jan,1,Partly cloudy,18,Jan,
984,7 killed in road crash in Jashore,2023-07-08 09:17:01,https://en.prothomalo.com/bangladesh/accident/5c297iiamk,jashore-magura highway in the lebutala area of jashore sadar upazila,Jashore,7,1,Bus And Easy-Bike,head-on collision,Bangladesh,event,road accident,2023-07-08,09:17:01,Jul,7,Moderate rain,9,Jul,head-on collision
985,Schoolboy killed in Dhaka road crash,2022-09-11 13:57:12,https://en.prothomalo.com/bangladesh/accident/c0pq29plq0,tejgaon,Dhaka,1,0,Unidentified Vehicle,hit by unidentified vehicle,Bangladesh,event,road accident,2022-09-11,13:57:12,Sep,9,Moderate rain,13,Sep,hit by unidentified vehicle
986,Four killed in head-on collision between truck and ambulance in Gopalganj,2023-07-06 11:54:07,https://en.prothomalo.com/bangladesh/accident/wnc6zgxulr,purba miapara area,Gopalganj,4,3,Ambulance And Excavator Carrying Truck,head-on collision,Bangladesh,event,road accident,2023-07-06,11:54:07,Jul,7,Light rain,11,Jul,head-on collision
987,2 bikers killed in city road accident,2017-01-18 11:57:16,https://en.prothomalo.com/bangladesh/2-bikers-killed-in-city-road-accident,najimuddin road crossing in the city’s chawkbazar area,Dhaka,2,1,"Truck, Motorcycle",truck hit motorcyclists,Bangladesh,event,road accident,2017-01-18,11:57:16,Jan,1,Clear sky,11,Jan,truck hit motorcyclists
988,"Road crash kills parents, daughter in Thakurgaon",2022-11-27 13:04:03,https://en.prothomalo.com/bangladesh/accident/5tzxmdsf34,thakurgaon-baliadanga road,Thakurgaon,3,0,Bus And Motorbike,bus hit motorbike,Bangladesh,event,road accident,2022-11-27,13:04:03,Nov,11,Clear sky,13,Nov,bus hit motorbike
990,Three killed as Ena Paribahan bus rams van in Chattogram,2022-11-26 18:07:58,https://en.prothomalo.com/bangladesh/accident/5u2dht1jvw,dhaka-chattogram highway,Dhaka,3,2,"Bus, Pickup Van",bus rammed a stationary pickup van,Bangladesh,event,road accident,2022-11-26,18:07:58,Nov,11,Clear sky,18,Nov,bus rammed a stationary pickup van
992,4 killed as truck ploughs into roadside market in Narsingdi,2022-10-02 11:07:01,https://en.prothomalo.com/bangladesh/accident/eyqq4awcxx,mahmudabad,Narsingdi,4,3,Truck,truck hit pedestrians in a market,Bangladesh,event,road accident,2022-10-02,11:07:01,Oct,10,Heavy rain,11,Oct,truck hit pedestrians in a market
993,Two bikers killed in Magura road crash,2022-09-30 13:27:36,https://en.prothomalo.com/bangladesh/accident/ntu3d5kxue,chaygharia area of jashore-magura road,Magura,2,1,"Microbus, Bike",hit by a microbus,Bangladesh,event,road accident,2022-09-30,13:27:36,Sep,9,Partly cloudy,13,Sep,hit by a microbus
995,Tourist drowns in Kaptai Lake,2022-08-06 22:10:16,https://en.prothomalo.com/bangladesh/local-news/i31aghiefg,kaptai lake,Rangamati,1,0,,drowning while bathing,Bangladesh,event,road accident,2022-08-06,22:10:16,Aug,8,,22,Aug,drowning while bathing
996,Bus crashes into toll booth of Padma Bridge,2022-07-09 21:24:32,https://en.prothomalo.com/bangladesh/accident/bus-crashes-into-toll-booth-of-padma-bridge,padma bridge mawa end,Munshiganj,0,1,Commuter Bus,commuter bus crashed into toll booth,Bangladesh,event,road accident,2022-07-09,21:24:32,Jul,7,Light rain,21,Jul,commuter bus crashed into toll booth
997,Two killed in Jhenaidah road crash,2022-07-07 12:32:47,,jhenaidah-kaliganj highway,Jhenaidah,2,0,"Pickup Van, Truck",pickup van crashed into a parked truck,Bangladesh,event,road accident,2022-07-07,12:32:47,Jul,7,Moderate rain,12,Jul,pickup van crashed into a parked truck
998,Three of family crushed under bus wheels in Natore,2022-11-18 19:48:38,https://en.prothomalo.com/bangladesh/accident/783lbabx7k,dhebar para area on lalpur-gopalpur highway,Natore,3,0,Bus,crushed under the wheels of a bus,Bangladesh,event,road accident,2022-11-18,19:48:38,Nov,11,Dust or sand whirls,19,Nov,crushed under the wheels of a bus
1001,"3 dead, 35 injured as two buses collide head-on in Rangpur",2023-01-10 13:15:30,https://en.prothomalo.com/bangladesh/accident/rqx3x7fyn0,doalipara area of the rangpur-dinajpur highway,Rangpur,3,35,Bus,head-on collision,Bangladesh,event,road accident,2023-01-10,13:15:30,Jan,1,Clear sky,13,Jan,head-on collision
1002,2 killed in Satkhira road accident,2017-01-04 10:57:49,,nehalpur,Satkhira,2,3,Truck,plunged into a roadside ditch,Bangladesh,event,road accident,2017-01-04,10:57:49,Jan,1,Clear sky,10,Jan,plunged into a roadside ditch
1003,"Tourist vehicle overturns in Cox’s Bazar, 1 dead, 7 injured ",2023-01-07 11:01:11,,marine drive road,Cox's Bazar,1,7,Tourist Vehicle,driver lost control over the steering,Bangladesh,event,road accident,2023-01-07,11:01:11,Jan,1,Partly cloudy,11,Jan,driver lost control over the steering
1009,Four bodies recovered after Karnaphuli trawler capsize,2022-10-13 23:06:31,https://en.prothomalo.com/bangladesh/accident/nthw37ib9e,karnaphuli river,Chattogram,4,0,Fishing Trawler,boat sinking,Bangladesh,event,road accident,2022-10-13,23:06:31,Oct,10,Moderate rain,23,Oct,boat sinking
1010,SSC examinee killed in road crash on the way to exam centre,2022-09-17 16:03:53,https://en.prothomalo.com/bangladesh/accident/b3v1n9zo8u,mp girls high school centre in kaliganj,Panchagarh,1,0,Auto-Rickshaw,road crash,Bangladesh,event,road accident,2022-09-17,16:03:53,Sep,9,,16,Sep,road accident
1015,Baby born miraculously during road crash admitted to hospital ,2022-07-19 17:13:26,https://en.prothomalo.com/bangladesh/local-news/n5c4hycton,trishal,Mymensingh,3,1,,,Bangladesh,event,road accident,2022-07-19,17:13:26,Jul,7,Moderate rain,17,Jul,
1016,2 Rohingyas killed in Cox’s Bazar road crash,2022-06-20 12:54:28,https://en.prothomalo.com/bangladesh/accident/2-rohingyas-killed-in-coxs-bazar-road-crash,cox’s bazar-teknaf highway,Cox's Bazar,2,0,"Covered Van, Human Hauler",collision,Bangladesh,event,road accident,2022-06-20,12:54:28,Jun,6,Heavy rain,12,Jun,collision
1017,3 die in separate incidents in Narayanganj,2023-06-08 10:02:13,https://en.prothomalo.com/bangladesh/local-news/ayaj0xpjj4,fatullah upazila,Narayanganj,3,0,Motorcycle,separate incidents,Bangladesh,event,road accident,2023-06-08,10:02:13,Jun,6,Moderate rain,10,Jun,separate incidents
1018,Student killed in road crash in Dhaka,2023-03-30 10:55:50,https://en.prothomalo.com/bangladesh/accident/zicx448lgu,jatrabari dholaipar hanif flyover,Dhaka,1,1,Motorcycle,,Bangladesh,event,road accident,2023-03-30,10:55:50,Mar,3,Heavy rain,10,Mar,
1024,2 killed in Barishal road crash,2022-08-28 15:41:16,https://en.prothomalo.com/bangladesh/accident/ujms38tw4n,dhaka-barishal highway at rahmatpur,Barishal,2,2,"Bus, Van, Tricycle Van",,Bangladesh,event,road accident,2022-08-28,15:41:16,Aug,8,Dense rain,15,Aug,
1025,2 killed in Barishal road crash,2022-08-28 15:41:16,https://en.prothomalo.com/bangladesh/accident/2-killed-in-barishal-road-crash,dhaka-barishal highway at rahmatpur,Barishal,2,2,"Bus, Van",,Bangladesh,event,road accident,2022-08-28,15:41:16,Aug,8,Dense rain,15,Aug,
1027,Truck-microbus collision leaves 2 dead in Natore,2022-05-18 11:12:37,https://en.prothomalo.com/bangladesh/accident/truck-microbus-collision-leaves-2-dead-in-natore,baraigram upazila,Natore,2,1,"Truck, Microbus",head-on collision,Bangladesh,event,road accident,2022-05-18,11:12:37,May,5,Moderate rain,11,May,head-on collision
1029,"2 dead, 3 hurt as truck overturns in Khagrachhari",2022-08-23 11:35:56,https://en.prothomalo.com/bangladesh/accident/iyx2ao6p94,mahalchhari-jaliyapara road in guimara upazila,Khagrachhari,2,3,Log-Laden Truck,driver lost control of the overloaded vehicle,Bangladesh,event,road accident,2022-08-23,11:35:56,Aug,8,Heavy rain,11,Aug,driver lost control of the overloaded vehicle
1031,2 Juba League men die in Mongla accident,2016-12-23 11:38:43,https://en.prothomalo.com/bangladesh/2-Juba-league-men-die-in-Mongla-accident,mongla,Bagerhat,2,0,,,Bangladesh,event,road accident,2016-12-23,11:38:43,Dec,12,Partly cloudy,11,Dec,
1032,4 killed in Comilla accident,2016-12-23 10:58:25,https://en.prothomalo.com/bangladesh/4-killed-in-Comilla-accident,dhaka-chittagong highway at dayapur in chouara area of sadar dakkhin upazila,Dhaka,4,0,,,Bangladesh,event,road accident,2016-12-23,10:58:25,Dec,12,Partly cloudy,10,Dec,
1033,Man killed as concrete block falls off metro rail route,2022-05-31 09:09:06,https://en.prothomalo.com/bangladesh/accident/man-killed-as-concrete-block-falls-off-metro-rail-route,mirpur,Dhaka,1,0,,concrete block fell from under-construction metro rail track,Bangladesh,event,road accident,2022-05-31,09:09:06,May,5,Moderate rain,9,May,concrete block fell from underconstruction metro rail track
1034,Work of BRT project on Uttara part remains suspended,2022-08-16 16:15:51,https://en.prothomalo.com/bangladesh/city/q1v7t4x2fw,uttara,Dhaka,0,0,Bus,lack of safety measures during brt project work,Bangladesh,event,road accident,2022-08-16,16:15:51,Aug,8,Moderate rain,16,Aug,lack of safety measures during brt project work
1035,At least three killed as BRT project's girder falls on car in Uttara,2022-08-15 18:26:03,https://en.prothomalo.com/bangladesh/accident/ybeuy1pwid,"jashimuddin road area, uttara",Dhaka,3,3,Car,falling girder from brt project,Bangladesh,event,road accident,2022-08-15,18:26:03,Aug,8,Light rain,18,Aug,falling girder from brt project
1037,"CUET VC confined, students against leaving halls",2024-04-25 19:39:27,https://en.prothomalo.com/bangladesh/local-news/stpj37teuk,chittagong university of engineering and technology (cuet),Chattogram,2,0,,road accident,Bangladesh,event,road accident,2024-04-25,19:39:27,Apr,4,Partly cloudy,19,Apr,road accident
1039,Four killed in microbus-truck-bus collision in Habiganj,2022-07-18 19:50:47,https://en.prothomalo.com/bangladesh/accident/64a92icw2y,bakharnagar intersection of dhaka-sylhet highway,Habiganj,4,5,"Microbus, Truck, Bus",collision,Bangladesh,event,road accident,2022-07-18,19:50:47,Jul,7,Light rain,19,Jul,collision
1041,"2 killed, 10 hurt in Rajshahi road crash ",2022-06-22 16:34:35,https://en.prothomalo.com/bangladesh/2-killed-10-hurt-in-rajshahi-road-crash,dhaka-rajshahi highway,Rajshahi,2,10,"Truck, Van",truck hit a van,Bangladesh,event,road accident,2022-06-22,16:34:35,Jun,6,,16,Jun,truck hit a van
1042,"Five killed, nearly 50 injured in Rangpur road crash",2022-09-05 09:43:34,https://en.prothomalo.com/bangladesh/accident/oz08y5nd9d,rangpur-dinajpur highway near the kharubhaj bridge in ikorchali hajipara area,Rangpur,5,50,Bus,head on collision,Bangladesh,event,road accident,2022-09-05,09:43:34,Sep,9,Heavy rain,9,Sep,head-on collision
1043,Two died while loading logs onto truck in Barishal,2023-03-01 10:42:59,https://en.prothomalo.com/bangladesh/local-news/qrnhttvdft,shoada area near gaurnadi-goplaganj road,Barishal,2,2,Truck,loading logs,Bangladesh,event,road accident,2023-03-01,10:42:59,Mar,3,Clear sky,10,Mar,loading logs
1045,DNCC garbage truck kills youth,2022-07-13 20:49:31,https://en.prothomalo.com/bangladesh/accident/5vcjnhtmoo,mirpur-14,Dhaka,1,0,Truck,truck ran over a pedestrian,Bangladesh,event,road accident,2022-07-13,20:49:31,Jul,7,Light rain,20,Jul,truck ran over a pedestrian
1048,Five killed as bus hits CNG-run autorickshaw in Bogura ,2023-02-23 16:09:42,https://en.prothomalo.com/bangladesh/accident/38gwvnh19r,sujabad area of shahjanpur upazila,,5,0,Bus And Autorickshaw,collision between bus and autorickshaw,Bangladesh,event,road accident,2023-02-23,16:09:42,Feb,2,,16,Feb,collision between bus and autorickshaw
1050,Two killed in road crash on Bangabandhu Expressway,2022-07-11 01:09:05,https://en.prothomalo.com/bangladesh/accident/two-killed-in-road-crash-on-bangabandhu-expressway,rajendrapur flyover of the bangabandhu expressway,Dhaka,2,3,Car,road crash,Bangladesh,event,road accident,2022-07-11,01:09:05,Jul,7,Dense rain,1,Jul,road accident
1053,Health official killed in Faridpur road crash,2022-02-28 14:34:01,https://en.prothomalo.com/bangladesh/accident/health-official-killed-in-faridpur-road-crash,pukhuria-atarshi road in bhanga upazila,Faridpur,1,0,,,Bangladesh,event,road accident,2022-02-28,14:34:01,Feb,2,Light rain,14,Feb,
1054,Beijing keen to strengthen cooperation with Dhaka,2022-06-11 11:31:40,https://en.prothomalo.com/bangladesh/beijing-keen-to-strengthen-cooperation-with-dhaka,container depot in chattogram,Chattogram,0,0,Container,fire,Bangladesh,event,road accident,2022-06-11,11:31:40,Jun,6,Light rain,11,Jun,fire
1055,Auto-rickshaw driver found dead in Natore,2022-05-16 11:28:00,https://en.prothomalo.com/bangladesh/local-news/auto-rickshaw-driver-found-dead-in-natore,ghatchilan area,Natore,1,0,Auto-Rickshaw,,Bangladesh,event,road accident,2022-05-16,11:28:00,May,5,Moderate rain,11,May,
1056,"One killed, 20 injured in Manikganj road crash",2022-07-05 14:20:38,https://en.prothomalo.com/bangladesh/accident/one-killed-20-injured-in-manikganj-road-crash,manikganj-golra highway,Manikganj,1,20,"Bus, Truck",head-on collision,Bangladesh,event,road accident,2022-07-05,14:20:38,Jul,7,Light rain,14,Jul,head-on collision
1059,Man killed after being hit by auto-rickshaw chased by police,2023-02-15 10:32:31,https://en.prothomalo.com/bangladesh/local-news/ux7bycy2oz,"dhaka-sylhet highway, sonargaon area",Narayanganj,1,0,"Motorcycle, Truck, Cng Autorickshaw",cng autorickshaw hit the motorcycle from behind while being chased by highway police,Bangladesh,event,road accident,2023-02-15,10:32:31,Feb,2,Clear sky,10,Feb,cng autorickshaw hit the motorcycle from behind while being chased by highway police
1063,Kuakata's 'Marine Drive' collapses before opening,2025-05-30 15:51:50,https://en.prothomalo.com/bangladesh/local-news/824ekvaemw,kuakata,Patuakhali,0,0,,collapse due to tidal surges,Bangladesh,event,road accident,2025-05-30,15:51:50,May,5,Heavy rain,15,May,collapse due to tidal surges
1067,"Father, daughter killed Shariatpur road crash",2022-10-30 14:52:39,https://en.prothomalo.com/bangladesh/accident/6hfozkylgi,shariatpur,Shariatpur,2,3,Car,plunged into a roadside ditch,Bangladesh,event,road accident,2022-10-30,14:52:39,Oct,10,Clear sky,14,Oct,plunged into a roadside ditch
1068,12 crew go missing as lighter vessel sinks in Bay,2022-04-16 16:10:02,https://en.prothomalo.com/bangladesh/local-news/12-crew-go-missing-as-lighter-vessel-sinks-in-bay,bay of bengal near bhashanchar,Noakhali,12,0,Lighter Vessel,vessel sank,Bangladesh,event,road accident,2022-04-16,16:10:02,Apr,4,Light rain,16,Apr,vessel sank
1069,Contractor firm liable for deaths: Primary investigation,2022-08-16 21:24:49,https://en.prothomalo.com/bangladesh/zavp0eep7j,uttara,Dhaka,5,0,Car,fall of a girder,Bangladesh,event,road accident,2022-08-16,21:24:49,Aug,8,Moderate rain,21,Aug,fall of a girder
1071,None of the family remains alive,2025-04-04 16:56:41,https://en.prothomalo.com/bangladesh/accident/q6segyvhz1,lohagara,Chattogram,11,2,,,Bangladesh,event,road accident,2025-04-04,16:56:41,Apr,4,Light rain,16,Apr,
1074,BGB man killed as his motorcycle collides with bus,2022-10-23 10:09:17,https://en.prothomalo.com/bangladesh/accident/scwrcphev9,rupdia area,Jashore,1,0,"Bus, Motorcycle","collision between bus and motorcycle, followed by bus fire",Bangladesh,event,road accident,2022-10-23,10:09:17,Oct,10,Moderate rain,10,Oct,collision between bus and motorcycle followed by bus fire
1075,3 die as passenger launch hits bridge in Shariatpur,2022-10-23 09:28:10,https://en.prothomalo.com/bangladesh/local-news/0q4bp8gdtm,"jayanti river, saikka, gosairhat upazila",Shariatpur,3,0,Passenger Launch,collision with a bridge,Bangladesh,event,road accident,2022-10-23,09:28:10,Oct,10,Light rain,9,Oct,collision with a bridge
1076,Panchagarh road crash kills 3 teenagers,2022-05-04 23:00:14,,talma-modelhat road at sadar upazila,Panchagarh,3,0,Motorcycle,crashed into a roadside tree,Bangladesh,event,road accident,2022-05-04,23:00:14,May,5,,23,May,crashed into a roadside tree
1078,"Woman says she wasn’t raped on bus, accuses media of false news",2025-02-27 17:48:25,,banks of mahananda river,Nawabganj,0,0,Bus,robbery incident,Bangladesh,event,road accident,2025-02-27,17:48:25,Feb,2,Partly cloudy,17,Feb,robbery incident
1079,"Truck ploughs into Chandpur highway eatery, 1 killed",2022-05-26 10:56:53,,chandpur-cumilla highway,Cumilla,1,0,Truck,truck ploughed into an eatery,Bangladesh,event,road accident,2022-05-26,10:56:53,May,5,Light rain,10,May,truck ploughed into an eatery
1080,No respite from road accidents?,2016-12-19 13:56:25,,dhaka-tangail highway at gazipur,Gazipur,6,9,"Bus, Public Transport Vehicle",head-on collision,Bangladesh,event,road accident,2016-12-19,13:56:25,Dec,12,Partly cloudy,13,Dec,head-on collision
1083,Two friends killed as motorbike plunges into ditch in Gopalganj,2022-08-30 12:24:14,https://en.prothomalo.com/bangladesh/accident/s7g1htmu3j,durgapur union,Gopalganj,2,0,Motorcycle,lost control and fell into a roadside ditch,Bangladesh,event,road accident,2022-08-30,12:24:14,Aug,8,Light rain,12,Aug,lost control and fell into a roadside ditch
1086,Policeman killed in Bogura road crash,2022-08-29 11:23:50,https://en.prothomalo.com/bangladesh/accident/r005g2tqnz,bogura-naogaon regional highway,Naogaon,1,0,"Truck, Auto-Rickshaw",truck hit auto-rickshaw,Bangladesh,event,road accident,2022-08-29,11:23:50,Aug,8,Light rain,11,Aug,truck hit autorickshaw
1089,Woman trapped under car and killed at DU campus ,2022-12-02 18:51:07,,dhaka university campus,Dhaka,1,0,Car,reckless driving,Bangladesh,event,road accident,2022-12-02,18:51:07,Dec,12,Clear sky,18,Dec,reckless driving
1091,3 killed in Barishal road crash,2022-08-22 14:05:56,https://en.prothomalo.com/bangladesh/accident/n8tewb1gcx,dhaka-kuakata highway,Barishal,3,0,"Bus, Trolley",,Bangladesh,event,road accident,2022-08-22,14:05:56,Aug,8,Moderate rain,14,Aug,
1092,"One killed, 4 injured in Joypurhat road crash",2022-05-13 14:43:04,https://en.prothomalo.com/bangladesh/accident/one-killed-4-injured-in-joypurhat-road-crash,joypurhat-hilli road at bagjana point,Joypurhat,1,4,Passenger Bus And A Pickup Van,head-on collision,Bangladesh,event,road accident,2022-05-13,14:43:04,May,5,Heavy rain,14,May,head-on collision
1093,Man killed in road crash on Hanif Flyover,2022-05-13 08:36:42,https://en.prothomalo.com/bangladesh/accident/man-killed-in-road-crash-on-hanif-flyover,mayor mohammad hanif flyover,Dhaka,1,0,,,Bangladesh,event,road accident,2022-05-13,08:36:42,May,5,Moderate rain,8,May,
1094,Six Rohingyas injured in gas cylinder fire,2022-05-13 08:16:22,https://en.prothomalo.com/bangladesh/accident/six-rohingyas-injured-in-gas-cylinder-fire,ukhia camp,Cox's Bazar,0,6,,gas cylinder fire,Bangladesh,event,road accident,2022-05-13,08:16:22,May,5,Light rain,8,May,gas cylinder fire
1095,Four killed in Cox’s Bazar road crash,2022-03-23 09:24:10,https://en.prothomalo.com/bangladesh/accident/four-killed-in-coxs-bazar-road-crash,kutupalong transit camp,Cox's Bazar,4,0,"Truck, Auto Rickshaw",head-on collision between sand-laden truck and auto rickshaw,Bangladesh,event,road accident,2022-03-23,09:24:10,Mar,3,Partly cloudy,9,Mar,headon collision between sandladen truck and auto rickshaw
1096,Four killed in Cox’s Bazar road crash,2022-03-23 09:24:10,https://en.prothomalo.com/bangladesh/Four-killed-in-Cox’s-Bazar-road-crash,kutupalong transit camp in ukhiya rajapalang union,Cox's Bazar,4,0,"Truck, Auto Rickshaw",head-on collision between a sand-laden truck and a cng-run auto rickshaw,Bangladesh,event,road accident,2022-03-23,09:24:10,Mar,3,Partly cloudy,9,Mar,headon collision between a sandladen truck and a cngrun auto rickshaw
1098,University admission seeker killed in Dhaka road crash,2022-06-29 16:18:53,https://en.prothomalo.com/bangladesh/accident/university-admission-seeker-killed-in-dhaka-road-crash,shahbagh,Dhaka,1,1,"Truck, Motorcycle",truck hit motorcycle,Bangladesh,event,road accident,2022-06-29,16:18:53,Jun,6,Moderate rain,16,Jun,truck hit motorcycle accident
1099,"2 killed, 3 injured in Tangail highway crash",2022-08-16 15:17:51,https://en.prothomalo.com/bangladesh/accident/kb5bmdil2g,tangail-mymensingh highway,Tangail,2,3,"Auto-Rickshaw, Truck",auto-rickshaw crashed into a parked truck,Bangladesh,event,road accident,2022-08-16,15:17:51,Aug,8,Light rain,15,Aug,autorickshaw crashed into a parked truck
1100,Motorcyclist killed in city road crash,2022-06-28 22:36:42,https://en.prothomalo.com/bangladesh/city/motorcyclist-killed-in-city-road-crash-3,rampura kitchen market area,Narsingdi,1,0,"Truck, Motorcycle",truck crashed into the motorcycle,Bangladesh,event,road accident,2022-06-28,22:36:42,Jun,6,Light rain,22,Jun,truck crashed into the motorcycle
1101,Motorcyclist killed in city road crash,2022-06-28 22:36:42,https://en.prothomalo.com/bangladesh/accident/motorcyclist-killed-in-city-road-crash,rampura kitchen market area,Narsingdi,1,0,Motorcycle And Truck,truck crashed into the motorcycle,Bangladesh,event,road accident,2022-06-28,22:36:42,Jun,6,Light rain,22,Jun,truck crashed into the motorcycle
1103,"2 tourists die, 11 injured as jeep plunges into ditch in Bandarban",2024-01-20 17:10:06,https://en.prothomalo.com/bangladesh/local-news/ax86fxgo6u,ruma-boga lake-keokradong road in bandarban,Bandarban,2,11,Jeep,plunged into a hillside ditch,Bangladesh,event,road accident,2024-01-20,17:10:06,Jan,1,Mainly clear,17,Jan,plunged into a hillside ditch
1105,Two found dead in Dhaka,2023-04-14 11:54:13,https://en.prothomalo.com/bangladesh/city/743xgg5q25,amar ekushey hall of dhaka university,Dhaka,1,0,Rickshaw,,Bangladesh,event,road accident,2023-04-14,11:54:13,Apr,4,Partly cloudy,11,Apr,
1106,55-yr-old woman killed in Thakurgaon road crash,2022-05-08 14:38:23,https://en.prothomalo.com/bangladesh/accident/55-yr-old-woman-killed-in-thakurgaon-road-crash,ruhia,Thakurgaon,1,0,Motorcycle,hit by a motorbike,Bangladesh,event,road accident,2022-05-08,14:38:23,May,5,Moderate rain,14,May,hit by a motorbike
1107,"Kishoreganj ferry capsize: Woman drowns, child goes missing",2022-05-31 16:32:50,https://en.prothomalo.com/bangladesh/accident/kishoreganj-ferry-capsize-woman-drowns-child-goes-missing,dhanu river,Kishoreganj,1,0,,capsized,Bangladesh,event,road accident,2022-05-31,16:32:50,May,5,Moderate rain,16,May,unknown
1111,Two die as bike hits electric pole in Barishal,2022-05-27 10:39:25,https://en.prothomalo.com/bangladesh/accident/two-die-as-bike-hits-electric-pole-in-barishal,amtala intersection in front of reneta office,Barishal,2,0,Motorcycle,hit a roadside electric pole,Bangladesh,event,road accident,2022-05-27,10:39:25,May,5,Heavy rain,10,May,hit a roadside electric pole
1113,Three children charred to death while asleep,2022-02-21 12:44:42,https://en.prothomalo.com/bangladesh/accident/three-children-charred-to-death-in-gas-cylinder-blast-in-mymensingh,habirbari,Mymensingh,3,0,Gas Cylinder,gas cylinder explosion,Bangladesh,event,road accident,2022-02-21,12:44:42,Feb,2,Mainly clear,12,Feb,gas cylinder explosion
1114,4 killed as boat capsizes in Habiganj haor,2022-07-14 08:57:32,https://en.prothomalo.com/bangladesh/accident/o3f62lald0,gungiajuri haor,Habiganj,4,0,,capsized following a storm,Bangladesh,event,road accident,2022-07-14,08:57:32,Jul,7,Moderate rain,8,Jul,capsized following a storm
1118,3 killed in Mymensingh road accident,2016-12-09 11:05:53,https://en.prothomalo.com/bangladesh/3-killed-in-Mymensingh-road-accident,mujahat,Mymensingh,3,3,Truck And A Human Hauler,head-on collision,Bangladesh,event,road accident,2016-12-09,11:05:53,Dec,12,Partly cloudy,11,Dec,head-on collision
1119,3 killed in Mymensingh road accident,2016-12-09 11:05:53,https://en.prothomalo.com/bangladesh/3-killed-as-truck-hits-auto-rickshaw-in-M’singh,mujahat,Mymensingh,3,3,Truck And A Human Hauler,head-on collision,Bangladesh,event,road accident,2016-12-09,11:05:53,Dec,12,Partly cloudy,11,Dec,head-on collision
1120,Ex-JCD leader among 2 dead in Pabna road crash,2022-11-05 22:54:25,https://en.prothomalo.com/bangladesh/accident/wshu3oku99,pabna sadar upazila,Pabna,2,0,,,Bangladesh,event,road accident,2022-11-05,22:54:25,Nov,11,Clear sky,22,Nov,
1122,Five killed in road crash in Chattogram,2023-04-13 13:49:24,https://en.prothomalo.com/bangladesh/accident/b4bce6l1um,raykhalipul area,Chattogram,5,1,"Bus, Auto-Rickshaw",collision,Bangladesh,event,road accident,2023-04-13,13:49:24,Apr,4,Clear sky,13,Apr,collision
1123,Two killed in Sylhet road crash,2022-04-24 15:15:55,https://en.prothomalo.com/bangladesh/accident/two-killed-in-sylhet-road-crash,jaintapur upazila,Sylhet,2,0,"Human Hauler, Dumping Truck",collision between human hauler and dumping truck,Bangladesh,event,road accident,2022-04-24,15:15:55,Apr,4,Moderate rain,15,Apr,collision between human hauler and dumping truck
1124,Two killed as bus hits a human hauler in Mirpur,2022-07-31 20:07:30,https://en.prothomalo.com/bangladesh/accident/k1i8x20hss,mirpur beribadh,Dhaka,2,4,"Bus, Human Hauler (Laguna)",bus crashed into a human hauler,Bangladesh,event,road accident,2022-07-31,20:07:30,Jul,7,Light rain,20,Jul,bus crashed into a human hauler
1125,Chattogram depot explosion: Another fireman dies,2022-06-12 10:21:02,https://en.prothomalo.com/bangladesh/city/chattogram-depot-explosion-another-fireman-dies,chattogram depot,Chattogram,47,0,,depot explosion,Bangladesh,event,road accident,2022-06-12,10:21:02,Jun,6,Light rain,10,Jun,depot explosion
1126,Four killed in Chattogram as covered van crashes into auto-rickshaw,2022-09-15 09:41:35,https://en.prothomalo.com/bangladesh/accident/8eri13lhh4,dakshin sonapahar of zorarganj,Chattogram,4,5,"Covered Van, Auto-Rickshaw",covered van crashed into a cng-run auto-rickshaw,Bangladesh,event,road accident,2022-09-15,09:41:35,Sep,9,Moderate rain,9,Sep,covered van crashed into a cngrun autorickshaw
1127,Cop killed in Khulna road crash,2022-04-19 14:18:02,https://en.prothomalo.com/bangladesh/accident/cop-killed-in-khulna-road-crash,dhaka-khulna highway in fakirhat upazila,Bagerhat,1,0,Bus,crushed under the wheels of a bus,Bangladesh,event,road accident,2022-04-19,14:18:02,Apr,4,Light rain,14,Apr,crushed under the wheels of a bus
1128,Two killed in road crash in Netrokona,2022-07-26 10:08:15,https://en.prothomalo.com/bangladesh/accident/k56zot9fln,shyamganj-birishiri highway near mahishber area,Netrakona,2,5,"Truck, Auto-Rickshaw",truck hit auto-rickshaw,Bangladesh,event,road accident,2022-07-26,10:08:15,Jul,7,,10,Jul,truck hit autorickshaw
1129,"Mother, child die in road accident",2016-11-26 12:36:27,https://en.prothomalo.com/bangladesh/Mother-child-die-in-road-accident,dhaka-khulna highway,Gopalganj,2,0,Truck,speeding truck hit another truck,Bangladesh,event,road accident,2016-11-26,12:36:27,Nov,11,Partly cloudy,12,Nov,speeding truck hit another truck
1130,Death toll from Padma speedboat capsize rises to three,2023-02-08 10:14:29,https://en.prothomalo.com/bangladesh/accident/if0hgppf8q,padma river,Faridpur,2,0,Speed Boat,collision between two speedboats,Bangladesh,event,road accident,2023-02-08,10:14:29,Feb,2,Light rain,10,Feb,collision between two speedboats
1131,3 construction workers die falling from high-rise,2023-02-08 09:20:25,https://en.prothomalo.com/bangladesh/local-news/en86uf17cm,kalpoloke residential area,Chattogram,3,0,,falling off an under-construction building,Bangladesh,event,road accident,2023-02-08,09:20:25,Feb,2,Mainly clear,9,Feb,falling off an underconstruction building
1133,Padma Bridge: Motorcycles likely to be banned on highway on both ends ,2022-06-29 23:14:22,https://en.prothomalo.com/bangladesh/padma-bridge-motorcycles-likely-to-be-banned-on-highway-on-both-ends,bangabandhu sheikh mujibur rahman expressway,Faridpur,0,0,Motorcycle,,Bangladesh,event,road accident,2022-06-29,23:14:22,Jun,6,Light rain,23,Jun,
1136,20 injured as bus overturns in Jatrabari,2022-07-22 12:11:32,https://en.prothomalo.com/bangladesh/accident/6ds1vy6kyx,bishwaroad area,Dhaka,0,20,Commuter Bus,driver lost control of the speeding bus,Bangladesh,event,road accident,2022-07-22,12:11:32,Jul,7,Moderate rain,12,Jul,driver lost control of the speeding bus
1137,"Father, son go missing in Karnaphuli River",2022-01-30 16:56:55,https://en.prothomalo.com/bangladesh/accident/father-son-go-missing-in-karnaphuli-river,karnaphuli river near evergreen ghat,Chattogram,2,0,,boat sank,Bangladesh,event,road accident,2022-01-30,16:56:55,Jan,1,Clear sky,16,Jan,boat sank
1140,8 killed in Barishal road crash,2022-05-29 09:19:20,https://en.prothomalo.com/bangladesh/accident/8-killed-in-barishal-road-crash,shanuar area of wazirpur upazila,Barishal,8,25,Bus,losing control and hitting a roadside tree,Bangladesh,event,road accident,2022-05-29,09:19:20,May,5,Moderate rain,9,May,losing control and hitting a roadside tree
1141,Patient among six killed as ambulance crashes into truck,2023-01-17 09:22:16,https://en.prothomalo.com/bangladesh/accident/99wm1d9tsa,zajira upazila,Shariatpur,6,0,"Ambulance, Truck",ambulance hit a truck from behind,Bangladesh,event,road accident,2023-01-17,09:22:16,Jan,1,Partly cloudy,9,Jan,ambulance hit a truck from behind
1143,Two family members killed in Munshiganj road crash,2023-03-05 16:10:32,https://en.prothomalo.com/bangladesh/accident/viabb74g48,dhaka-chattogram highway,Munshiganj,2,4,"Microbus, Covered Van","covered van hit microbus from behind, pushing it into the dhaka-bound lane",Bangladesh,event,road accident,2023-03-05,16:10:32,Mar,3,Clear sky,16,Mar,covered van hit microbus from behind pushing it into the dhakabound lane
1144,"4 killed as truck hits auto-rickshaw in Cox’s Bazar

",2022-08-27 14:00:16,https://en.prothomalo.com/bangladesh/local-news/ywzlkhg5u4,ukhiya upazila,Cox's Bazar,4,1,"Truck, Cng-Run Auto-Rickshaw",truck crashed into a cng-run auto-rickshaw,Bangladesh,event,road accident,2022-08-27,14:00:16,Aug,8,Dense rain,14,Aug,truck crashed into a cngrun autorickshaw
1145,Two construction workers die falling off high rise,2022-08-26 21:08:05,https://en.prothomalo.com/bangladesh/accident/38fqm4px2w,west agargaon,Dhaka,2,0,,falling from an under-construction building,Bangladesh,event,road accident,2022-08-26,21:08:05,Aug,8,Light rain,21,Aug,falling from an underconstruction building
1146,"4 killed in separate road crashes in Gazipur, Lalmonirhat",2023-06-11 11:41:41,https://en.prothomalo.com/bangladesh/accident/tdh65j4mh9,mawna-kaliakair road in kaliakair upazila,Gazipur,2,1,"Truck, Cng-Run Auto-Rickshaw",truck ran over a cng-run auto-rickshaw,Bangladesh,event,road accident,2023-06-11,11:41:41,Jun,6,Moderate rain,11,Jun,truck ran over a cngrun autorickshaw
1147,"4 killed, 15 injured as bus crashes into tree in Gopalganj",2022-10-07 12:12:13,https://en.prothomalo.com/bangladesh/accident/wzdkvif646,dhaka-khulna highway in chandra dighalia upazila of gopalganj,Gopalganj,4,15,Bus,speeding,Bangladesh,event,road accident,2022-10-07,12:12:13,Oct,10,Partly cloudy,12,Oct,speeding
1148,Cox’s Bazar trawler capsize: 3 more bodies retrieved,2022-08-21 14:53:56,https://en.prothomalo.com/bangladesh/accident/d3gnst5lsy,bay of bengal,Cox's Bazar,3,0,Fishing Trawler,capsized amid inclement weather,Bangladesh,event,road accident,2022-08-21,14:53:56,Aug,8,Moderate rain,14,Aug,capsized amid inclement weather
1149,"Mother, son suffer burn injuries in city fire",2022-07-05 15:55:37,https://en.prothomalo.com/bangladesh/accident/mother-son-suffer-burn-injuries-in-city-fire,mohammadpur,Dhaka,0,2,House,gas leak,Bangladesh,event,road accident,2022-07-05,15:55:37,Jul,7,Moderate rain,15,Jul,gas leak
1150,"Driver falls sick, rams into five vehicles, two dead",2023-07-24 14:28:51,,santana market,Narayanganj,2,8,,sudden illness of the driver,Bangladesh,event,road accident,2023-07-24,14:28:51,Jul,7,Light rain,14,Jul,sudden illness of the driver
1151,Road crash kills two intelligence agency men,2022-04-26 10:08:49,https://en.prothomalo.com/bangladesh/accident/road-crash-kills-two-intelligence-agency-men,public health area,Rangamati,2,0,,,Bangladesh,event,road accident,2022-04-26,10:08:49,Apr,4,,10,Apr,
1153,60pc of Dhaka’s Eid holidaymakers to go by road: SCRF,2023-04-13 16:20:03,,dhaka,Dhaka,0,0,"Road, Waterways, Railways",eid-ul-fitr travel,Bangladesh,event,road accident,2023-04-13,16:20:03,Apr,4,Clear sky,16,Apr,eidulfitr travel
1154,China has no objection to stringent action: Ambassador ,2022-08-18 18:32:00,https://en.prothomalo.com/bangladesh/h7ai18363v,uttara,Dhaka,5,0,Car,girder fall on a car,Bangladesh,event,road accident,2022-08-18,18:32:00,Aug,8,Heavy rain,18,Aug,girder fall on a car
1156,Who’s the pale doll-like child lying in the morgue?,2024-03-01 15:02:08,https://en.prothomalo.com/bangladesh/city/ccydyp7t5g,dhaka medical college hospital’s morgue,Dhaka,1,0,,,Bangladesh,event,road accident,2024-03-01,15:02:08,Mar,3,Clear sky,15,Mar,
1161,24 killed in Panchagarh boat capsize  ,2022-09-25 16:41:59,https://en.prothomalo.com/bangladesh/ziimo8iv0z,"karatoya river, awlia ghat of mareya bazar area, boda upazila",Panchagarh,24,0,Passenger Boat,boat capsized,Bangladesh,event,road accident,2022-09-25,16:41:59,Sep,9,,16,Sep,boat capsized
1162,Two bikers killed in Dinajpur road crash,2022-06-02 12:43:18,,phulbari rail crossing area,Dinajpur,2,1,Truck And Bike,truck hit their bike,Bangladesh,event,road accident,2022-06-02,12:43:18,Jun,6,Dense rain,12,Jun,truck hit their bike
1163,Garbage truck-covered van collision kills two in Chattogram,2022-04-16 10:21:49,https://en.prothomalo.com/bangladesh/accident/garbage-truck-covered-van-collision-kills-two-in-chattogram,chattogram-cox’s bazar highway,Chattogram,2,0,"Garbage Truck, Covered Van",collision,Bangladesh,event,road accident,2022-04-16,10:21:49,Apr,4,Moderate rain,10,Apr,collision
1165,2 killed in Sirajganj road accident,2016-11-15 11:30:15,https://en.prothomalo.com/bangladesh/2-killed-in-Sirajganj-road-accident-5,khalkula area,Sirajganj,2,10,"Bus, Truck",bus-truck collision,Bangladesh,event,road accident,2016-11-15,11:30:15,Nov,11,Mainly clear,11,Nov,bustruck collision
1167,2 killed in Sirajganj road accident,2016-11-15 11:30:15,https://en.prothomalo.com/bangladesh/2-killed-in-Sirajganj-road-accident-3,khalkula area of tarash upazila,Sirajganj,2,10,"Bus, Truck",bus-truck collision,Bangladesh,event,road accident,2016-11-15,11:30:15,Nov,11,Mainly clear,11,Nov,bustruck collision
1168,2 killed in Sirajganj road accident,2016-11-15 11:30:15,https://en.prothomalo.com/bangladesh/2-killed-in-Sirajganj-road-accident-2,khalkula area of tarash upazila,Sirajganj,2,10,Bus-Truck,collision,Bangladesh,event,road accident,2016-11-15,11:30:15,Nov,11,Mainly clear,11,Nov,collision
1169,2 killed in Sirajganj road accident,2016-11-15 11:30:15,https://en.prothomalo.com/bangladesh/2-killed-in-Sirajganj-road-accident,khalkula area,Sirajganj,2,10,Bus-Truck,collision,Bangladesh,event,road accident,2016-11-15,11:30:15,Nov,11,Mainly clear,11,Nov,collision
1173,"Lighter vessel sinks in Chittagong port, seven missing",2022-03-19 12:58:09,https://en.prothomalo.com/bangladesh/accident/lighter-vessel-sinks-in-chittagong-port-seven-missing,outer anchorage of chittagong port off patenga beach,Chattogram,7,0,Lighter Vessel,vessel sank,Bangladesh,event,road accident,2022-03-19,12:58:09,Mar,3,Partly cloudy,12,Mar,vessel sank
1176,"Two siblings killed in Kushtia road crash, 5 injured",2022-05-05 10:52:32,https://en.prothomalo.com/bangladesh/accident/two-siblings-killed-in-kushtia-road-crash-5-injured,kushtia-rajbari road in shimulia union,Kushtia,2,5,Three-Wheeler And Pick-Up Van,collision,Bangladesh,event,road accident,2022-05-05,10:52:32,May,5,Light rain,10,May,collision
1179,Police wrecker runs over student in Dhaka,2022-07-29 10:20:36,https://en.prothomalo.com/bangladesh/city/ehj5kr5ekh,gulistan,Dhaka,1,0,"Motorcycle, Police Wrecker",run over by a police wrecker,Bangladesh,event,road accident,2022-07-29,10:20:36,Jul,7,Light rain,10,Jul,run over by a police wrecker
1187,Couple die from electrocution in Khulna,2022-05-19 10:11:07,https://en.prothomalo.com/bangladesh/accident/couple-die-from-electrocution-in-khulna,dumuria upazila,Khulna,2,1,,electrocuted,Bangladesh,event,road accident,2022-05-19,10:11:07,May,5,Heavy rain,10,May,electrocuted
1192,2 killed in Netrakona road accident,2016-11-09 09:11:50,https://en.prothomalo.com/bangladesh/2-killed-in-Netrakona-road-accident-2,tremohoni-jamdhala road at jamdhola bazaar,Netrakona,2,5,Truck,lorry turned turtle,Bangladesh,event,road accident,2016-11-09,09:11:50,Nov,11,,9,Nov,lorry turned turtle
1193,2 killed in Netrakona road accident,2016-11-09 09:11:50,https://en.prothomalo.com/bangladesh/2-killed-in-Netrakona-road-accident,tremohoni-jamdhala road at jamdhola bazaar,Netrakona,2,5,Brick-Laden Lorry,lorry turned turtle,Bangladesh,event,road accident,2016-11-09,09:11:50,Nov,11,,9,Nov,lorry turned turtle
1194,DU student succumbs to wounds ,2023-03-21 18:02:17,,science lab area,Dhaka,6,1,,blast,Bangladesh,event,road accident,2023-03-21,18:02:17,Mar,3,Light rain,18,Mar,blast
1197,"3 killed, 15 injured in road crash in Dinajpur",2022-06-07 13:54:21,https://en.prothomalo.com/bangladesh/accident/3-killed-15-injured-in-road-crash-in-dinajpur,bankkali,Dinajpur,3,15,Inter-City Bus,loss of control due to punctured front wheel,Bangladesh,event,road accident,2022-06-07,13:54:21,Jun,6,Partly cloudy,13,Jun,loss of control due to punctured front wheel
1198,Two killed in gas cylinder blast in Sylhet,2022-07-24 11:54:11,https://en.prothomalo.com/bangladesh/accident/2tkbct31k8,cng filling station in sylhet,Sylhet,2,0,,gas cylinder blast,Bangladesh,event,road accident,2022-07-24,11:54:11,Jul,7,Moderate rain,11,Jul,gas cylinder blast
1200,10-year old crushed under bus in Gazipur,2022-07-23 18:59:46,https://en.prothomalo.com/bangladesh/accident/8jp3z8zc1q,tongi,Gazipur,1,1,Bus,hit by a bus,Bangladesh,event,road accident,2022-07-23,18:59:46,Jul,7,Moderate rain,18,Jul,hit by a bus
1201,4 of family killed in Sylhet landslide,2022-06-06 10:58:26,https://en.prothomalo.com/bangladesh/accident/4-of-family-killed-in-sylhet-landslide,satjani village,Sylhet,4,0,,landslide,Bangladesh,event,road accident,2022-06-06,10:58:26,Jun,6,Moderate rain,10,Jun,landslide
1202,BUET student killed as car hits motorcycle at checkpost in Purbachal,2024-12-20 17:07:20,https://en.prothomalo.com/bangladesh/local-news/tm5x902wod,"purbachal uposhohor area (neela market area, kuril-kanchan road) on purbachal 300 feet road",Narayanganj,1,2,"Car, Motorcycle",car rammed into a motorcycle at a police checkpoint,Bangladesh,event,road accident,2024-12-20,17:07:20,Dec,12,Partly cloudy,17,Dec,car rammed into a motorcycle at a police checkpoint
1203,Narayanganj cock-sheet stockpile catches fire,2022-01-12 14:33:04,https://en.prothomalo.com/bangladesh/accident/narayanganj-cock-sheet-stockpile-catches-fire,nitaiganj,Narayanganj,0,0,Fire Fighter Units,cock-sheet stockpile caught fire,Bangladesh,event,road accident,2022-01-12,14:33:04,Jan,1,Light rain,14,Jan,cocksheet stockpile caught fire
1206,Food blogger dies on duty at Chattogram port,2022-02-03 13:08:02,https://en.prothomalo.com/bangladesh/local-news/food-blogger-dies-on-duty-at-chattogram-port,chattogram port,Chattogram,1,0,Heavy Equipment,hit by a crane,Bangladesh,event,road accident,2022-02-03,13:08:02,Feb,2,Partly cloudy,13,Feb,hit by a crane
1208,22-yr-old biker killed in Brahmanbaria road crash,2022-05-31 15:25:24,,nasirnagar upazila,Brahmanbaria,1,1,Motorcycle,bike veered off the road and plunged into a roadside ditch,Bangladesh,event,road accident,2022-05-31,15:25:24,May,5,Moderate rain,15,May,bike veered off the road and plunged into a roadside ditch
1213,Elderly woman killed in Chandpur road crash,2022-03-18 21:55:37,https://en.prothomalo.com/bangladesh/accident/elderly-woman-killed-in-chandpur-road-crash,sengaon area of sadar upazila,Chandpur,1,0,Bus,bus ran over her,Bangladesh,event,road accident,2022-03-18,21:55:37,Mar,3,Rain showers (moderate or heavy),21,Mar,bus ran over her
1214,Two killed in Pabna road crash ,2021-12-13 16:34:15,,dashuria-muladuli highway,Pabna,2,0,"Truck, Van",collision between truck and van,Bangladesh,event,road accident,2021-12-13,16:34:15,Dec,12,Clear sky,16,Dec,collision between truck and van
1217,Two die in bus-auto collision in Cumilla,2022-01-06 12:17:28,,mohakhali regional highway,Cumilla,2,2,Bus And Cng-Run Auto-Rickshaw,head-on collision,Bangladesh,event,road accident,2022-01-06,12:17:28,Jan,1,Partly cloudy,12,Jan,head-on collision
1218,Three bikers killed in separate road crashes in Manikganj,2022-07-11 23:16:02,https://en.prothomalo.com/bangladesh/accident/three-bikers-killed-in-separate-road-crashes-in-manikganj,arpara area on dhaka-paturia highway,Manikganj,3,3,"Truck, Motorcycle",motorcycle crashed into a truck,Bangladesh,event,road accident,2022-07-11,23:16:02,Jul,7,Moderate rain,23,Jul,motorcycle crashed into a truck
1219,Five killed in microbus-autorickshaw collision,2022-10-09 18:26:31,https://en.prothomalo.com/bangladesh/city/zsx4be9ft6,shimrail kanchpur bridge,Narayanganj,5,0,"Auto-Rickshaw, Micro Bus",head-on collision,Bangladesh,event,road accident,2022-10-09,18:26:31,Oct,10,Light rain,18,Oct,head-on collision
1220,Many BNP leaders are secretly getting ready for polls: Quader,2023-04-11 12:34:48,https://en.prothomalo.com/bangladesh/vhgo9o6zzz,bangabandhu avenue in the capital,Dhaka,0,0,,,Bangladesh,event,road accident,2023-04-11,12:34:48,Apr,4,Dust or sand whirls,12,Apr,
1222,Barishal trawler capsize toll rises to 5,2022-04-10 15:37:38,https://en.prothomalo.com/bangladesh/accident/barishal-trawler-capsize-toll-rises-to-5,gazaria river,Barishal,5,0,Trawler,trawler capsize,Bangladesh,event,road accident,2022-04-10,15:37:38,Apr,4,Light rain,15,Apr,trawler capsize
1223,Bogura road crash leaves two dead,2022-04-10 14:48:02,https://en.prothomalo.com/bangladesh/accident/bogura-road-crash-leaves-two-dead,naogaon-bogura highway,Naogaon,2,0,"Truck, Motorcycle",collision,Bangladesh,event,road accident,2022-04-10,14:48:02,Apr,4,Light rain,14,Apr,collision
1226,Policymakers do not understand public transport woes: Road Safety Foundation,2024-11-02 17:59:21,https://en.prothomalo.com/bangladesh/e6rth8cs6o,road safety foundation office in the capital,Dhaka,0,0,Public Transport And Private Vehicles,"lack of discipline and coordination in public transport sector, and unequal road space allocation",Bangladesh,event,road accident,2024-11-02,17:59:21,Nov,11,Mainly clear,17,Nov,lack of discipline and coordination in public transport sector and unequal road space allocation
1230,"Passenger pushed out of bus, crushed under wheels",2022-07-07 16:48:37,https://en.prothomalo.com/bangladesh/local-news/passenger-pushed-out-of-bus-crushed-under-wheels,shibbari area on joydebpur-chandana chowrasta highway,Gazipur,1,0,Bus,pushed out of the bus following an altercation with staff over the fare,Bangladesh,event,road accident,2022-07-07,16:48:37,Jul,7,Light rain,16,Jul,pushed out of the bus following an altercation with staff over the fare
1231,Motorcyclist dies after being hit by truck in Dhaka’s Shahbagh,2022-02-17 09:39:42,https://en.prothomalo.com/bangladesh/accident/motorcyclist-dies-after-being-hit-by-truck-in-dhakas-shahbagh,abdul gani road in front of shikha bhaban,Dhaka,1,1,Motorcycle And Concrete Mixer Truck,hit by a concrete mixer truck,Bangladesh,event,road accident,2022-02-17,09:39:42,Feb,2,Clear sky,9,Feb,hit by a concrete mixer truck
1232,13 industrial police injured in road crash,2022-05-21 17:04:00,https://en.prothomalo.com/bangladesh/accident/13-industrial-police-injured-in-road-crash,sagorika area,Chattogram,0,13,Police Van And Bus,bus hit police van,Bangladesh,event,road accident,2022-05-21,17:04:00,May,5,Light rain,17,May,bus hit police van
1234,Lorry overturns: Who is responsible for negligence in road repairs?,2024-04-04 13:45:53,,dhaka-aricha highway,Dhaka,3,7,Oil Tank Lorry,overturned oil tank lorry fire,Bangladesh,event,road accident,2024-04-04,13:45:53,Apr,4,Partly cloudy,13,Apr,overturned oil tank lorry fire
1238,Three killed in road crash in Bagerhat,2022-03-10 12:02:16,https://en.prothomalo.com/bangladesh/accident/three-killed-in-road-crash-in-bagerhat,bagerhat district,Bagerhat,3,0,Motorcycle,speeding bike crashed into an electric pole,Bangladesh,event,road accident,2022-03-10,12:02:16,Mar,3,Partly cloudy,12,Mar,speeding bike crashed into an electric pole
1239,"Driver of bus that killed 5 people held in Sirajganj

",2022-02-15 13:42:48,https://en.prothomalo.com/bangladesh/crime-and-law/driver-of-bus-that-killed-5-people-held-in-sirajganj,sherpur upazila,Bogra,5,0,Bus,hit and killed,Bangladesh,event,road accident,2022-02-15,13:42:48,Feb,2,Clear sky,13,Feb,hit and killed
1240,Commuters bear the brunt as 48-hr transport strike in Ctg underway,2024-04-28 14:54:20,,port city,Chattogram,0,0,"Buses, Minibuses, Human Haulers, Autorickshaws, And Other Three-Wheelers",transport strike,Bangladesh,event,road accident,2024-04-28,14:54:20,Apr,4,Partly cloudy,14,Apr,transport strike
1243,Road crash claims two siblings lives in Feni   ,2022-01-15 17:54:53,https://en.prothomalo.com/bangladesh/accident/road-crash-claims-two-siblings-lives-in-feni,dhaka-chattogram highway,Dhaka,2,2,Car,hit a roadside tree,Bangladesh,event,road accident,2022-01-15,17:54:53,Jan,1,Partly cloudy,17,Jan,hit a roadside tree
1245,30 hurt in Cumilla gas cylinder blast,2022-01-13 21:55:51,https://en.prothomalo.com/bangladesh/accident/30-hurt-in-cumilla-gas-cylinder-blast,biruli village,Cumilla,0,30,,gas cylinder explosion,Bangladesh,event,road accident,2022-01-13,21:55:51,Jan,1,Light rain,21,Jan,gas cylinder explosion
1247,"Death toll rises to 10, rescue operation postponed ",2022-03-22 21:48:33,https://en.prothomalo.com/bangladesh/death-toll-rises-to-10-rescue-operation-postponed,shitalakkhya river,Narayanganj,3,0,Passenger Launch,capsizing,Bangladesh,event,road accident,2022-03-22,21:48:33,Mar,3,Partly cloudy,21,Mar,capsizing
1250,Mother and children killed together,2024-03-01 12:08:08,https://en.prothomalo.com/bangladesh/city/0nx1vg7x0s,bailey road,Dhaka,3,0,,fire,Bangladesh,event,road accident,2024-03-01,12:08:08,Mar,3,Clear sky,12,Mar,fire
1252,Dinajpur road crash leaves 2 dead,2022-03-20 12:28:38,https://en.prothomalo.com/bangladesh/accident/dinajpur-road-crash-leaves-2-dead,kaugaon on phulbari road,Dinajpur,2,0,"Truck, Motorcycle",motorcycle crashed into a stationary truck,Bangladesh,event,road accident,2022-03-20,12:28:38,Mar,3,Clear sky,12,Mar,motorcycle crashed into a stationary truck
1254,Bus-truck collision kills 2 in Rangpur,2022-03-18 13:22:25,https://en.prothomalo.com/bangladesh/accident/bus-truck-collision-kills-2-in-rangpur,dhaka-rangpur highway,Rangpur,2,6,Bus And A Truck,head-on collision,Bangladesh,event,road accident,2022-03-18,13:22:25,Mar,3,Partly cloudy,13,Mar,head-on collision
1256,3 of a family killed in Khulna road accident,2016-11-04 18:29:28,,kanthaltala on khulna-satkhira road,Khulna,4,8,"Truck, Human Hauler And Battery-Run Auto-Rickshaw",triangular collision,Bangladesh,event,road accident,2016-11-04,18:29:28,Nov,11,Light rain,18,Nov,triangular collision
1259,Road crash kills minor girl returning from Victory Day progs,2021-12-16 15:43:55,https://en.prothomalo.com/bangladesh/accident/road-crash-kills-minor-girl-returning-from-victory-day-progs,ghughuratoli area,,1,0,Tractor,hit by a tractor,Bangladesh,event,road accident,2021-12-16,15:43:55,Dec,12,,15,Dec,hit by a tractor
1260,Road crash kills two in Jashore,2022-03-12 11:46:04,https://en.prothomalo.com/bangladesh/accident/road-crash-kills-two-in-jashore,khedapara-tetulia road,Jashore,2,1,Motorcycle,speeding,Bangladesh,event,road accident,2022-03-12,11:46:04,Mar,3,Partly cloudy,11,Mar,speeding
1262,Two motorcyclists killed in Faridpur road crash ,2022-01-01 16:17:35,https://en.prothomalo.com/bangladesh/accident/two-motorcyclists-killed-in-faridpur-road-crash,dhaka-khulna highway in gajaria area,Faridpur,2,0,"Bus, Motorcycle",hit by a bus,Bangladesh,event,road accident,2022-01-01,16:17:35,Jan,1,Precipitation within sight,16,Jan,hit by a bus
1264,Road accident kills elderly man in C’nawabganj,2016-10-23 11:38:49,https://en.prothomalo.com/bangladesh/Road-accident-kills-elderly-man-in-C’nawabganj,bailtala,Nawabganj,1,6,"Battery-Run Auto Rickshaw, Human Hauler","collision, speeding",Bangladesh,event,road accident,2016-10-23,11:38:49,Oct,10,rain not reaching ground,11,Oct,collision speeding
1271,3 die as tractor plunges into ditch in Noakhali,2022-04-23 09:07:42,https://en.prothomalo.com/bangladesh/accident/3-die-as-tractor-plunges-into-ditch-in-noakhali,north bejugalia,Noakhali,3,0,Power Tiller,plunged into a ditch,Bangladesh,event,road accident,2022-04-23,09:07:42,Apr,4,Light rain,9,Apr,plunged into a ditch
1273,"17 prisoners, 2 cops injured as bus hits prison van in Keraniganj",2022-06-07 11:39:44,https://en.prothomalo.com/bangladesh/accident/17-prisoners-2-cops-injured-as-bus-hits-prison-van-in-keraniganj,rajendrapur on dhaka-mawa highway,Dhaka,0,19,"Bus, Prison Van",speeding bus lost control,Bangladesh,event,road accident,2022-06-07,11:39:44,Jun,6,Light rain,11,Jun,speeding bus lost control
1274,Three of a family killed in road crash,2022-01-21 11:00:20,https://en.prothomalo.com/bangladesh/accident/three-of-a-family-killed-in-road-crash,matuail area of jatrabari,Dhaka,3,2,"Bus, Auto-Rickshaw",bus hit auto-rickshaw,Bangladesh,event,road accident,2022-01-21,11:00:20,Jan,1,Duststorm or sandstorm,11,Jan,bus hit autorickshaw
1277,"Four killed, many injured in massive explosion in Chattogram container depot",2022-06-05 03:08:52,https://en.prothomalo.com/bangladesh/accident/four-killed-many-injured-in-massive-explosion-in-chattogram-container-depot,sitakunda,Chattogram,4,50,Container Depot,massive explosion,Bangladesh,event,road accident,2022-06-05,03:08:52,Jun,6,Moderate rain,3,Jun,massive explosion
1278,University student dies after bus hits private car,2022-07-15 19:38:37,https://en.prothomalo.com/bangladesh/wvwkb1u3on,madanpur,Narayanganj,1,3,"Car, Bus",bus hitting a car,Bangladesh,event,road accident,2022-07-15,19:38:37,Jul,7,Heavy rain,19,Jul,bus hitting a car
1282,4 killed in Narsingdi road crash,2022-03-25 20:05:13,https://en.prothomalo.com/bangladesh/accident/4-killed-in-narsingdi-road-crash,raipura upazila,Narsingdi,4,2,Pickup Van And Cng-Run Auto-Rickshaw,collision,Bangladesh,event,road accident,2022-03-25,20:05:13,Mar,3,Light rain,20,Mar,collision
1283,"5 killed, 15 injured in Gopalganj, Gaibandha road crashes",2022-11-18 12:50:55,https://en.prothomalo.com/bangladesh/accident/0oe4y63q5y,gopinathpur area under sadar upazila,Gopalganj,5,15,"Bus, Truck",bus rammed into a sand-laded truck,Bangladesh,event,road accident,2022-11-18,12:50:55,Nov,11,Partly cloudy,12,Nov,bus rammed into a sandladed truck
1286,Motorcyclist killed in Chattogram road crash,2021-12-26 12:25:48,,chattogram-cox's bazar highway,Chattogram,1,0,"Motorbike, Covered Van",covered van hit his motorbike,Bangladesh,event,road accident,2021-12-26,12:25:48,Dec,12,Dust in suspension,12,Dec,covered van hit his motorbike
1288,Three officials killed as BUET bus plunges into hillside ditch ,2022-05-26 17:40:24,https://en.prothomalo.com/bangladesh/accident/three-buet-officials-killed-as-buet-bus-plunges-into-ditch,jibonnagar area,Bandarban,3,7,Minibus,plunged into a hillside ditch,Bangladesh,event,road accident,2022-05-26,17:40:24,May,5,Moderate rain,17,May,plunged into a hillside ditch
1289,Khulna fuel traders call indefinite strike from 17 February,2022-02-06 13:19:25,https://en.prothomalo.com/bangladesh/local-news/khulna-fuel-traders-call-indefinite-strike-from-17-february,khulna division,Khulna,0,0,Truck (Tanker),,Bangladesh,event,road accident,2022-02-06,13:19:25,Feb,2,Haze,13,Feb,
1291,Two killed in Bagerhat road crash,2022-05-25 15:11:16,https://en.prothomalo.com/bangladesh/accident/two-killed-in-bagerhat-road-crash,bagerhat-pirojpur hyighway near the shrimp research centre,Pirojpur,2,1,Tractor Trolley And Van,head-on collision,Bangladesh,event,road accident,2022-05-25,15:11:16,May,5,Moderate rain,15,May,head-on collision
1292,Inland waterway's masters were operating the  cargo  ,2022-03-21 17:58:32,https://en.prothomalo.com/bangladesh/inland-waterways-masters-were-operating-the-cargo,shitalakkhya river,Narayanganj,8,0,Launch And Cargo Vessel,collision between cargo vessel and launch,Bangladesh,event,road accident,2022-03-21,17:58:32,Mar,3,Duststorm or sandstorm,17,Mar,collision between cargo vessel and launch
1295,One killed in Bogura road crash,2022-04-09 17:18:37,https://en.prothomalo.com/bangladesh/accident/one-killed-in-bagura-road-crash,bogura-santahar road outside rahima filling station,Bogra,1,0,Truck And Bike,speeding truck rammed his bike,Bangladesh,event,road accident,2022-04-09,17:18:37,Apr,4,Light rain,17,Apr,speeding truck rammed his bike
1296,2 killed as speedboat hits trawler in Meghna river,2021-10-31 12:49:19,https://en.prothomalo.com/bangladesh/accident/2-killed-as-speedboat-hits-trawler-in-meghna-river,meghna river at marichakandi,Brahmanbaria,2,0,Speedboat And Trawler,collision between speedboat and trawler,Bangladesh,event,road accident,2021-10-31,12:49:19,Oct,10,Partly cloudy,12,Oct,collision between speedboat and trawler
1297,Two die as passenger bus overturns in Dhaka,2022-01-08 12:44:18,https://en.prothomalo.com/bangladesh/accident/two-die-as-passenger-bus-overturns-in-dhaka,gulistan area,Dhaka,2,3,Bus,driver lost control of the speeding bus,Bangladesh,event,road accident,2022-01-08,12:44:18,Jan,1,Clear sky,12,Jan,driver lost control of the speeding bus
1298,"Two drown, 3 missing as ferry sinks off Barishal coast

",2022-04-08 15:54:02,https://en.prothomalo.com/bangladesh/local-news/two-drown-3-missing-as-ferry-sinks-off-barishal-coast,gazaria river,Barishal,2,0,,ferry capsized,Bangladesh,event,road accident,2022-04-08,15:54:02,Apr,4,Mainly clear,15,Apr,ferry capsized
1300,Road crash kills 2 primary teacher candidates in Chandpur road crash,2022-05-20 20:26:31,https://en.prothomalo.com/bangladesh/accident/road-crash-kills-2-primary-teacher-candidates-in-chandpur-road-crash,chandpur-cumilla regional road,Chandpur,2,2,"Cng-Run Auto Rickshaw, Truck",collision between auto rickshaw and truck,Bangladesh,event,road accident,2022-05-20,20:26:31,May,5,Moderate rain,20,May,collision between auto rickshaw and truck
1301,2 missing as trawler capsizes in Shitalakkhya,2021-11-04 08:54:18,https://en.prothomalo.com/bangladesh/accident/2-missing-as-trawler-capsizes-in-shitalakkhya,shitalakkhya river,Narayanganj,0,0,Passenger Trawler,capsized,Bangladesh,event,road accident,2021-11-04,08:54:18,Nov,11,Partly cloudy,8,Nov,unknown
1303,"Dhaka courts: Over 1,500 BNP leaders, activists sentenced in 5 months",2023-12-27 08:26:58,https://en.prothomalo.com/bangladesh/city/qtggv7zogn,dhaka,Dhaka,0,0,Vehicles,vandalising vehicles,Bangladesh,event,road accident,2023-12-27,08:26:58,Dec,12,Partly cloudy,8,Dec,vandalising vehicles
1307,Woman dies after gas cylinder explodes in Keraniganj,2022-03-09 13:04:08,https://en.prothomalo.com/bangladesh/accident/woman-dies-after-gas-cylinder-explodes-in-keraniganj,chunkutia area of south keraniganj,Dhaka,1,1,Gas Cylinder,gas cylinder explosion,Bangladesh,event,road accident,2022-03-09,13:04:08,Mar,3,Clear sky,13,Mar,gas cylinder explosion
1311,Two killed in Barguna road crash,2022-03-07 13:09:06,https://en.prothomalo.com/bangladesh/accident/two-killed-in-barguna-road-crash,chunakhali culvert area on amtoli-patuakhali regional highway,Barguna,2,0,Pickup Van,hit by pickup van,Bangladesh,event,road accident,2022-03-07,13:09:06,Mar,3,Partly cloudy,13,Mar,hit by pickup van
1313,2 killed in Chattogram road crash,2021-10-21 17:02:52,https://en.prothomalo.com/bangladesh/accident/2-killed-in-chattogram-road-crash-4,outside chattogram university,Chattogram,2,1,Bus,knocked down,Bangladesh,event,road accident,2021-10-21,17:02:52,Oct,10,Light rain,17,Oct,knocked down
1314,2 killed in Chattogram road crash,2021-10-21 17:02:52,https://en.prothomalo.com/bangladesh/accident/2-killed-in-chattogram-road-crash-2,chattogram university,Chattogram,2,1,Bus,,Bangladesh,event,road accident,2021-10-21,17:02:52,Oct,10,Light rain,17,Oct,
1315,2 killed in Chattogram road crash,2021-10-21 17:02:52,https://en.prothomalo.com/bangladesh/2-killed-in-Chattogram-road-crash-2,outside chattogram university,Chattogram,2,1,Bus,knocked them down,Bangladesh,event,road accident,2021-10-21,17:02:52,Oct,10,Light rain,17,Oct,knocked them down
1316,Two motorcyclists killed in Jashore road crash,2022-03-06 10:26:56,https://en.prothomalo.com/bangladesh/accident/two-motorcyclists-killed-in-jashore-road-crash,shyamlagachhi area,Jashore,2,2,Motorcycle,head-on collision,Bangladesh,event,road accident,2022-03-06,10:26:56,Mar,3,Smoke,10,Mar,head-on collision
1317,Father-son killed in Khagrachhari road crash,2022-01-20 10:45:38,https://en.prothomalo.com/bangladesh/accident/father-son-killed-in-khagrachhari-road-crash,budong para,Khagrachhari,2,2,Cement-Laden Truck,lost control and crashed into a roadside hill,Bangladesh,event,road accident,2022-01-20,10:45:38,Jan,1,Light rain,10,Jan,lost control and crashed into a roadside hill
1318,Four schoolteachers among five killed in Naogaon road crash,2022-06-24 12:13:59,https://en.prothomalo.com/bangladesh/accident/four-schoolteachers-among-five-killed-in-naogaon-road-crash,naogaon-rajshahi highway,Naogaon,5,0,"Truck, Tractor, Cng-Run Auto-Rickshaw",collision,Bangladesh,event,road accident,2022-06-24,12:13:59,Jun,6,Light rain,12,Jun,collision
1319,2 killed in Faridpur road accident,2016-10-12 11:34:45,https://en.prothomalo.com/bangladesh/2-killed-in-Faridpur-road-accident,dhaka-barisal highway in bhanga upazila,Faridpur,2,2,"Bus, Human Hauler (Nosimon)",speeding bus hit human hauler,Bangladesh,event,road accident,2016-10-12,11:34:45,Oct,10,Light rain,11,Oct,speeding bus hit human hauler
1320,"Father, son killed in road crash",2022-03-05 13:23:45,https://en.prothomalo.com/bangladesh/accident/father-son-killed-in-road-crash-2,balakhal bazar,Chandpur,2,0,Pick-Up Van,hit by a pick-up van,Bangladesh,event,road accident,2022-03-05,13:23:45,Mar,3,Partly cloudy,13,Mar,hit by a pickup van
1321,"Father, son killed in road crash",2022-03-05 13:23:45,https://en.prothomalo.com/bangladesh/accident/father-son-killed-in-road-crash,chandpur-comilla regional highway at balakhal bazar,Chandpur,2,0,Pick-Up Van,hit by pick-up van,Bangladesh,event,road accident,2022-03-05,13:23:45,Mar,3,Partly cloudy,13,Mar,hit by pickup van
1322,"Father, son killed in road crash",2022-03-05 13:23:45,https://en.prothomalo.com/bangladesh/Father-son-killed-in-road-crash,"balakhal bazar, chandpur-comilla regional highway",Chandpur,2,0,Pick-Up Van,collision with pick-up van,Bangladesh,event,road accident,2022-03-05,13:23:45,Mar,3,Partly cloudy,13,Mar,collision with pickup van
1327,Two killed as bus overturned in Mirsharai of Chattogram ,2022-05-04 18:33:56,https://en.prothomalo.com/bangladesh/local-news/two-killed-as-bus-overturned-in-mirsharai-of-chattogram,boro darogarhat area of mirsharai,Chattogram,2,1,Bus,overturned,Bangladesh,event,road accident,2022-05-04,18:33:56,May,5,Heavy rain,18,May,overturned
1328,"Head-on collision between car, truck leaves four dead

",2022-03-21 11:23:49,https://en.prothomalo.com/bangladesh/accident/head-on-collision-between-car-truck-leaves-four-dead,chattogram-cox’s bazar highway,Chattogram,4,1,Car And A Truck,head-on collision,Bangladesh,event,road accident,2022-03-21,11:23:49,Mar,3,Partly cloudy,11,Mar,head-on collision
1329,Students block Farmgate demanding justice over fellow’s death ,2022-09-12 14:32:42,https://en.prothomalo.com/bangladesh/city/gejwzpk0qy,farmgate intersection,Dhaka,1,0,Various Vehicles,demanding safe roads after a fellow student's death in a road crash,Bangladesh,event,road accident,2022-09-12,14:32:42,Sep,9,Moderate rain,14,Sep,demanding safe roads after a fellow students death in a road crash
1331,Truck runs over RU student on campus,2022-02-02 10:32:11,https://en.prothomalo.com/bangladesh/accident/truck-runs-over-ru-student-on-campus,shaheed habibur rahman hall inside the campus,Rajshahi,1,1,"Truck, Motorcycle",truck hit motorcycle,Bangladesh,event,road accident,2022-02-02,10:32:11,Feb,2,,10,Feb,truck hit motorcycle accident
1333,"Man killed in elephant attack in Chattogram

",2021-10-11 19:04:10,https://en.prothomalo.com/bangladesh/accident/man-killed-in-elephant-attack-in-chattogram,madhyam guapanchak village,Chattogram,1,0,,trampled by a wild elephant,Bangladesh,event,road accident,2021-10-11,19:04:10,Oct,10,Light rain,19,Oct,trampled by a wild elephant
1334,2 killed in Munshiganj road accident,2016-10-18 09:20:09,https://en.prothomalo.com/bangladesh/2-killed-in-Munshiganj-road-accident,dhaka-chittagong highway at baushia pakhi point,Cumilla,2,1,"Pick-Up Van, Vehicle",pick-up van hit a vehicle,Bangladesh,event,road accident,2016-10-18,09:20:09,Oct,10,Moderate rain,9,Oct,pickup van hit a vehicle
1335,Unsafe Expressway: How many more lives must be lost to wake up the authorities,2024-12-29 15:34:08,https://en.prothomalo.com/opinion/editorial/wsmgsbspi6,dhaka-mawa expressway,Dhaka,6,0,"Microbus, Private Car, Motorcycle, Bus","bus hit stationary vehicles from behind, driver's expired license, bus lacked valid fitness certificate, negligence of authorities",Bangladesh,event,road accident,2024-12-29,15:34:08,Dec,12,Clear sky,15,Dec,bus hit stationary vehicles from behind drivers expired license bus lacked valid fitness certificate negligence of authorities
1339,2 killed in Barishal road crash,2022-03-15 08:52:34,https://en.prothomalo.com/bangladesh/accident/ujms38tw4n,hijla upazila,Barishal,2,0,"Three-Wheeler, Motorcycle",head-on collision,Bangladesh,event,road accident,2022-03-15,08:52:34,Mar,3,Clear sky,8,Mar,head-on collision
1340,2 killed in Barishal road crash,2022-03-15 08:52:34,https://en.prothomalo.com/bangladesh/accident/2-killed-in-barishal-road-crash,hijla upazila,Barishal,2,0,"Three-Wheeler, Motorcycle",head-on collision,Bangladesh,event,road accident,2022-03-15,08:52:34,Mar,3,Clear sky,8,Mar,head-on collision
1342,DMCH to probe ambulance accident: Director,2016-10-16 18:39:36,https://en.prothomalo.com/bangladesh/DMCH-to-probe-ambulance-accident-Director,dhaka medical college hospital entrance,Dhaka,0,0,Ambulance,,Bangladesh,event,road accident,2016-10-16,18:39:36,Oct,10,Clear sky,18,Oct,
1343,2 friends die as truck hits bike in Faridpur,2022-01-29 17:49:22,https://en.prothomalo.com/bangladesh/accident/2-friends-die-as-truck-hits-bike-in-faridpur-2,faridpur-barishal highway,Faridpur,2,0,"Bike, Truck",collision with a speeding truck,Bangladesh,event,road accident,2022-01-29,17:49:22,Jan,1,Clear sky,17,Jan,collision with a speeding truck
1344,Five killed in Keraniganj road crash,2022-06-03 18:51:19,https://en.prothomalo.com/bangladesh/accident/five-killed-in-keraniganj-road-crash,teghoria,Dhaka,5,1,"Cng-Run Auto-Rickshaw, Lorry",collision,Bangladesh,event,road accident,2022-06-03,18:51:19,Jun,6,Moderate rain,18,Jun,collision
1347,Six killed as battery-run auto-rickshaw and car collides with truck,2022-06-01 11:40:44,https://en.prothomalo.com/bangladesh/accident/six-killed-as-battery-run-auto-rickshaw-and-car-collides-with-truck,"chandpur area, rajbari-kushtia regional highway",Rajbari,6,0,"Truck, Auto-Rickshaw, Car",speeding truck collision,Bangladesh,event,road accident,2022-06-01,11:40:44,Jun,6,Moderate rain,11,Jun,speeding truck collision
1350,Two killed in Dinajpur road accident,2016-10-14 14:43:18,,nawabganj upazila,Dinajpur,2,3,Truck,driver lost control over the steering,Bangladesh,event,road accident,2016-10-14,14:43:18,Oct,10,Light rain,14,Oct,driver lost control over the steering
1351,Chandpur road crash leaves two dead,2021-11-21 12:53:34,,chandpur-cumilla local highway at khazuria,Chandpur,2,0,"Truck, Cng-Run Auto-Rickshaw",truck rammed a cng-run auto-rickshaw,Bangladesh,event,road accident,2021-11-21,12:53:34,Nov,11,Partly cloudy,12,Nov,truck rammed a cngrun autorickshaw
1352,2 killed in Dhaka road crashes,2022-04-18 09:49:06,https://en.prothomalo.com/bangladesh/accident/2-killed-in-dhaka-road-crashes,jatrabari,Dhaka,1,0,Covered Van,hit by a speeding covered van,Bangladesh,event,road accident,2022-04-18,09:49:06,Apr,4,Moderate rain,9,Apr,hit by a speeding covered van
1354,Death toll in Barishal road crash rises to 11,2022-05-29 12:03:44,https://en.prothomalo.com/bangladesh/accident/death-toll-in-barishal-road-crash-rises-to-11,barishal-dhaka highway in wazirpur upazila,Barishal,11,20,Bus,driver lost control over the steering,Bangladesh,event,road accident,2022-05-29,12:03:44,May,5,Moderate rain,12,May,driver lost control over the steering
1355,Bailey bridge collapse snaps road link in Barishal,2021-09-15 13:57:42,https://en.prothomalo.com/bangladesh/local-news/bailey-bridge-collapse-snaps-road-link-in-barishal,babuganj upazila,Barishal,0,0,Truck,collapse of a bailey bridge,Bangladesh,event,road accident,2021-09-15,13:57:42,Sep,9,Light rain,13,Sep,collapse of a bailey bridge
1357,25-km tailback before Bangabandhu Bridge,2022-07-08 12:26:31,https://en.prothomalo.com/bangladesh/local-news/25-km-tailback-before-bangabandhu-bridge,bangabandhu bridge,Tangail,0,0,,road accident and heavy traffic pressure,Bangladesh,event,road accident,2022-07-08,12:26:31,Jul,7,Light rain,12,Jul,road accident and heavy traffic pressure
1359,Death toll rises to five as girder removed from car,2022-08-15 20:20:49,https://en.prothomalo.com/bangladesh/accident/vq4i69spf8,uttara,Dhaka,5,0,"Car, Brt Girder",girder collapse,Bangladesh,event,road accident,2022-08-15,20:20:49,Aug,8,Light rain,20,Aug,girder collapse
1363,"2 dead, 4 injured in Brahmanbaria road crash",2022-01-13 14:59:30,https://en.prothomalo.com/bangladesh/accident/2-dead-4-injured-in-brahmanbaria-road-crash,cumilla-sylhet highway,Brahmanbaria,2,4,"Auto-Rickshaw, Truck","collision between auto-rickshaw and truck, causing the auto-rickshaw to veer off the road and plunge into a ditch.",Bangladesh,event,road accident,2022-01-13,14:59:30,Jan,1,Light rain,14,Jan,collision between autorickshaw and truck causing the autorickshaw to veer off the road and plunge into a ditch
1364,Policeman killed in Kusthia road accident,2016-09-30 11:05:53,,shanidanga area,,1,2,"Truck, Human Hauler",truck hit a human hauler,Bangladesh,event,road accident,2016-09-30,11:05:53,Sep,9,,11,Sep,truck hit a human hauler
1367,"3 killed, 20 injured as 4 vehicles collide in Sylhet",2022-04-07 08:46:55,https://en.prothomalo.com/bangladesh/accident/3-killed-20-injured-as-4-vehicles-collide-in-sylhet,haripur bazar,Sylhet,3,20,"Motorcycle, Bus, Three-Wheelers",collision,Bangladesh,event,road accident,2022-04-07,08:46:55,Apr,4,Light rain,8,Apr,collision
1368,Sylhet road crash kills two tourists ,2021-12-17 20:31:21,,sylhet-tamabil highway at gucchagram area,Sylhet,2,0,"Truck, Motorcycle",truck hit their bike,Bangladesh,event,road accident,2021-12-17,20:31:21,Dec,12,Mainly clear,20,Dec,truck hit their bike
1369,Death toll rises to 7 in Dhaka warehouse blast,2022-08-10 12:52:55,https://en.prothomalo.com/bangladesh/accident/sdph9yz4hq,rajabari scrap godown,Dhaka,7,1,,explosion,Bangladesh,event,road accident,2022-08-10,12:52:55,Aug,8,Moderate rain,12,Aug,explosion
1374,Quader asks authorities to make Eid journey smooth,2023-04-09 22:51:08,https://en.prothomalo.com/bangladesh/dywjvvejis,dhaka,Dhaka,0,0,Various Vehicles,,Bangladesh,event,road accident,2023-04-09,22:51:08,Apr,4,Partly cloudy,22,Apr,
1376,Five wounded in gas pipeline explosion in Mohammadpur restaurant,2022-03-28 08:37:37,https://en.prothomalo.com/bangladesh/accident/five-wounded-in-gas-pipeline-explosion-in-mohammadpur-restaurant,mohammadpur shia masjid area,Dhaka,0,5,,gas pipeline explosion,Bangladesh,event,road accident,2022-03-28,08:37:37,Mar,3,Partly cloudy,8,Mar,gas pipeline explosion
1377,Prime minister denounces BNP as a terrorist party that kills people,2023-10-19 20:16:03,https://en.prothomalo.com/bangladesh/politics/j46vep85ud,"sarak bhabhan, tejgaon",,0,0,,,Bangladesh,event,road accident,2023-10-19,20:16:03,Oct,10,,20,Oct,
1379,RAB nabs driver of pick-up van that killed 5 brothers,2022-02-12 14:18:02,https://en.prothomalo.com/bangladesh/local-news/rab-nabs-driver-of-pick-up-van-that-killed-5-brothers,cox's bazar-chattogram highway in chakaria upazila,Cox's Bazar,5,4,Pick-Up Van,ploughed into a group of nine siblings,Bangladesh,event,road accident,2022-02-12,14:18:02,Feb,2,Partly cloudy,14,Feb,ploughed into a group of nine siblings
1380,5 killed as bus collides with auto-rickshaw in Gazipur,2022-07-31 09:42:56,https://en.prothomalo.com/bangladesh/accident/h2dy68gkn6,makishbathan area,Gazipur,5,0,"Bus, Auto-Rickshaw",head-on collision,Bangladesh,event,road accident,2022-07-31,09:42:56,Jul,7,Moderate rain,9,Jul,head-on collision
1382,7 killed as two buses collide head-on in Natore,2022-05-07 14:41:47,https://en.prothomalo.com/bangladesh/accident/at-least-6-killed-as-two-buses-collide-head-on-in-natore,mahishbhanga area on borpara-hatikumrul highway,Natore,7,0,Bus,head-on collision,Bangladesh,event,road accident,2022-05-07,14:41:47,May,5,Moderate rain,14,May,head-on collision
1383,Five killed in Mirsharai road accident,2016-09-24 13:42:26,https://en.prothomalo.com/bangladesh/Five-killed-in-Mirsharai-road-crash,mirsharai,Chattogram,5,0,"Covered Van, Bus",collision,Bangladesh,event,road accident,2016-09-24,13:42:26,Sep,9,Dense rain,13,Sep,collision
1387,"One killed, 7 injured in collision between bus, covered van

",2021-12-24 13:41:28,https://en.prothomalo.com/bangladesh/accident/one-killed-7-injured-in-collision-between-bus-covered-van,cumilla-noakhali regional highway in laksam upazila,Cumilla,1,7,"Bus, Covered Van",head-on collision,Bangladesh,event,road accident,2021-12-24,13:41:28,Dec,12,Clear sky,13,Dec,head-on collision
1389,2 killed in Gazipur road crash,2022-02-03 10:37:18,https://en.prothomalo.com/bangladesh/accident/2-killed-in-gazipur-road-crash,dhaka-tangail highway,Gazipur,2,0,"Minibus, Three-Wheeler",minibus hit a three-wheeler,Bangladesh,event,road accident,2022-02-03,10:37:18,Feb,2,Dense rain,10,Feb,minibus hit a threewheeler
1390,2 killed in Gazipur road crash,2022-02-03 10:37:18,https://en.prothomalo.com/bangladesh/2-killed-in-Gazipur-road-crash-5,dhaka-tangail highway,Gazipur,2,0,"Minibus, Three-Wheeler",,Bangladesh,event,road accident,2022-02-03,10:37:18,Feb,2,Dense rain,10,Feb,
1391,2 killed in Gazipur road crash,2022-02-03 10:37:18,https://en.prothomalo.com/bangladesh/2-killed-in-Gazipur-road-crash-4,dhaka-tangail highway,Gazipur,2,0,"Minibus, Three-Wheeler",minibus hit a three-wheeler,Bangladesh,event,road accident,2022-02-03,10:37:18,Feb,2,Dense rain,10,Feb,minibus hit a threewheeler
1392,2 killed in Gazipur road crash,2022-02-03 10:37:18,https://en.prothomalo.com/bangladesh/2-killed-in-Gazipur-road-crash-3,dhaka-tangail highway,Gazipur,2,0,"Minibus, Three-Wheeler",,Bangladesh,event,road accident,2022-02-03,10:37:18,Feb,2,Dense rain,10,Feb,
1393,2 killed in Gazipur road crash,2022-02-03 10:37:18,https://en.prothomalo.com/bangladesh/2-killed-in-Gazipur-road-crash,dhaka-tangail highway,Gazipur,2,0,"Minibus, Three-Wheeler",minibus hit a three-wheeler,Bangladesh,event,road accident,2022-02-03,10:37:18,Feb,2,Dense rain,10,Feb,minibus hit a threewheeler
1399,9m Eid holidaymakers to leave Dhaka by road: SCRF,2023-06-14 19:03:50,https://en.prothomalo.com/bangladesh/city/j70jqotc07,"greater dhaka region including dhaka north, dhaka south, gazipur and narayanganj city corporation areas",Dhaka,0,0,"Road Vehicles, Water Transport, Railways",eid-ul-azha travel rush,Bangladesh,event,road accident,2023-06-14,19:03:50,Jun,6,Light rain,19,Jun,eidulazha travel rush
1400,"2 killed, 3 injured as truck overturns on Padma Bridge",2022-07-18 09:19:30,https://en.prothomalo.com/bangladesh/accident/g5do47n4o4,north viaduct of the padma bridge,,2,3,Truck,overturned,Bangladesh,event,road accident,2022-07-18,09:19:30,Jul,7,,9,Jul,overturned
1403,Road crash kills two youths in Brahmanbaria  ,2022-04-26 17:06:01,https://en.prothomalo.com/bangladesh/accident/road-crash-kills-two-youths-in-brahmanbaria,rajamariakandi,Brahmanbaria,2,1,Other,road accident,Bangladesh,event,road accident,2022-04-26,17:06:01,Apr,4,Light rain,17,Apr,road accident
1406,4 including Atomic Energy Commission’s scientists killed in road crash,2022-06-05 16:44:25,https://en.prothomalo.com/bangladesh/accident/4-including-atomic-energy-commissions-scientists-killed-in-road-crash,dhaka-aricha highway in savar,Dhaka,4,15,Bus,,Bangladesh,event,road accident,2022-06-05,16:44:25,Jun,6,Light rain,16,Jun,
1408,4 killed in Munshiganj road accident,2016-09-19 15:53:22,,nimtala area,Munshiganj,4,35,Bus,head-on collision,Bangladesh,event,road accident,2016-09-19,15:53:22,Sep,9,Light rain,15,Sep,head-on collision
1409,Three members of a family killed in Savar road crash,2022-03-12 19:37:06,,dhamrai,Dhaka,3,3,Private Car And Cng-Run Auto Rickshaw,collision,Bangladesh,event,road accident,2022-03-12,19:37:06,Mar,3,Partly cloudy,19,Mar,collision
1412,Two killed in road crash,2022-01-07 15:22:11,https://en.prothomalo.com/bangladesh/accident/two-killed-in-road-crash,jashore-khulna highway,Jashore,2,0,Bus,speeding,Bangladesh,event,road accident,2022-01-07,15:22:11,Jan,1,Clear sky,15,Jan,speeding
1413,Garbage truck kills Notre Dame College student  ,2021-11-24 16:08:06,https://en.prothomalo.com/bangladesh/accident/garbage-truck-kills-notre-dame-college-student,gulistan area,Dhaka,1,0,Garbage Truck,hit by garbage truck,Bangladesh,event,road accident,2021-11-24,16:08:06,Nov,11,Clear sky,16,Nov,hit by garbage truck
1414,"2 killed, ex-army chief Aziz’s son injured",2021-11-24 11:35:47,https://en.prothomalo.com/bangladesh/accident/2-killed-ex-army-chief-azizs-son-injured,mahakhali flyover,Dhaka,2,1,,,Bangladesh,event,road accident,2021-11-24,11:35:47,Nov,11,Clear sky,11,Nov,
1416,"Bodies of mother, daughter recovered, two still missing  ",2021-11-01 16:20:57,https://en.prothomalo.com/bangladesh/accident/bodies-of-mother-daughter-recovered-two-still-missing,buriganga river at hujurgat area of kamrangirchar,Dhaka,0,0,,collision with a bulkhead,Bangladesh,event,road accident,2021-11-01,16:20:57,Nov,11,Clear sky,16,Nov,collision with a bulkhead
1418,Microbus-truck collision leaves 3 children dead,2021-11-22 12:29:00,https://en.prothomalo.com/bangladesh/accident/microbus-truck-collision-leaves-3-children-dead,sunamganj-sylhet road,Sunamganj,3,8,"Microbus, Truck",collision,Bangladesh,event,road accident,2021-11-22,12:29:00,Nov,11,Light rain,12,Nov,collision
1421,Road crash kills man ‘chased’ by villagers,2022-04-12 15:38:24,https://en.prothomalo.com/bangladesh/accident/road-crash-kills-man-chased-by-villagers,atwari upazila,Panchagarh,1,0,,land dispute leading to a chase and crash,Bangladesh,event,road accident,2022-04-12,15:38:24,Apr,4,,15,Apr,land dispute leading to a chase and crash
1422,2 killed in Chapainawabganj road crash,2021-10-31 11:16:05,https://en.prothomalo.com/bangladesh/accident/2-killed-in-chapainawabganj-road-crash,rahanpur-adda road at bongpur,Nawabganj,2,0,Human Hauler,overturned,Bangladesh,event,road accident,2021-10-31,11:16:05,Oct,10,Haze,11,Oct,overturned
1427,"Tareque Masud, Mishuk Munier death: Compensation cases not resolved",2023-08-13 16:42:19,https://en.prothomalo.com/bangladesh/city/gvt0dnzmfm,,,2,0,,,Bangladesh,event,road accident,2023-08-13,16:42:19,Aug,8,,16,Aug,
1428,"2 killed, 15 injured in bus-truck collision in Magura ",2021-10-29 20:55:54,https://en.prothomalo.com/bangladesh/accident/2-killed-15-injured-in-bus-truck-collision-in-magura,magura-jhenaidah highway,Magura,2,15,"Bus, Truck",head-on collision,Bangladesh,event,road accident,2021-10-29,20:55:54,Oct,10,Partly cloudy,20,Oct,head-on collision
1430,"Lorry kills father and son, injures another son",2022-04-09 16:38:50,https://en.prothomalo.com/bangladesh/accident/lorry-kills-father-and-son-injures-another-son,"bandartila, chattogram city, in front of shah plaza",Chattogram,2,1,"Lorry, Rickshaw",a lorry ran over a rickshaw.,Bangladesh,event,road accident,2022-04-09,16:38:50,Apr,4,Light rain,16,Apr,a lorry ran over a rickshaw
1431,Commuters in capital stuck in gridlocks,2022-05-19 12:22:06,https://en.prothomalo.com/bangladesh/city/commuters-in-capital-stuck-in-gridlocks,bijoy sarani,Dhaka,0,0,"Bus, Van",head-on collision,Bangladesh,event,road accident,2022-05-19,12:22:06,May,5,Moderate rain,12,May,head-on collision
1432,Trade union possible with 20 workers,2025-08-27 15:26:56,https://en.prothomalo.com/business/local/r3npjj3u7p,dhaka,Dhaka,0,0,,,Bangladesh,event,road accident,2025-08-27,15:26:56,Aug,8,,15,Aug,
1434,"Two arrested on charge of torching, vandalising bus in Rampura",2021-12-05 08:59:35,,rampura area,Dhaka,1,0,Bus,student protests over a previous bus accident,Bangladesh,event,road accident,2021-12-05,08:59:35,Dec,12,Heavy rain,8,Dec,student protests over a previous bus accident
1436,"Father, son die as tractor rams into three-wheeler in Dinajpur
",2021-11-12 22:44:15,https://en.prothomalo.com/bangladesh/accident/father-son-die-as-tractor-rams-into-three-wheeler-in-dinajpur,gazipur union,Gazipur,2,0,"Tractor-Trolley, Easy-Bike",tractor-trolley rammed into an easy-bike,Bangladesh,event,road accident,2021-11-12,22:44:15,Nov,11,Partly cloudy,22,Nov,tractortrolley rammed into an easybike
1439,Ukhiya camp gas cylinder blast: 2 Rohingyas die at CMCH,2022-05-18 11:32:18,https://en.prothomalo.com/bangladesh/accident/ukhiya-camp-gas-cylinder-blast-2-rohingyas-die-at-cmch,ukhia camp,Cox's Bazar,2,0,Gas Cylinder,gas cylinder fire,Bangladesh,event,road accident,2022-05-18,11:32:18,May,5,Dense rain,11,May,gas cylinder fire
1441,Two killed in a road crash in Kushtia,2022-01-10 09:36:55,https://en.prothomalo.com/bangladesh/accident/two-killed-in-a-road-crash-in-kushtia,"daulatpur upazila, kushtia, near taragunia secondary school",Kushtia,2,0,"Truck, Motorcycle",speeding truck hit motorcycle from behind,Bangladesh,event,road accident,2022-01-10,09:36:55,Jan,1,Partly cloudy,9,Jan,speeding truck hit motorcycle from behind
1442,16 killed as speedboat collides with bulkhead ,2021-05-03 08:57:39,https://en.prothomalo.com/bangladesh/accident/16-killed-as-speedboat-collides-with-bulkhead,kathalbari ghat area near banglabazar ferry ghat,Madaripur,16,0,Speedboat And Sand-Laden Bulkhead,head-on collision,Bangladesh,event,road accident,2021-05-03,08:57:39,May,5,Heavy rain,8,May,head-on collision
1443,Road crash kills three in Bagerhat,2022-01-09 11:43:41,https://en.prothomalo.com/bangladesh/accident/road-crash-kills-three-in-bagerhat,shyambagat,Bagerhat,3,2,"Truck, Auto-Rickshaw",truck hitting auto-rickshaw,Bangladesh,event,road accident,2022-01-09,11:43:41,Jan,1,Mainly clear,11,Jan,truck hitting autorickshaw
1444,"Over 200 shanties gutted in Gazipur fire
",2021-11-27 11:20:22,https://en.prothomalo.com/bangladesh/accident/over-200-shanties-gutted-in-gazipur-fire,slum along the dhaka-mymensingh highway,Gazipur,0,0,,fire,Bangladesh,event,road accident,2021-11-27,11:20:22,Nov,11,Clear sky,11,Nov,fire
1445,Five including auto-rickshaw driver crushed under truck,2022-02-18 12:06:45,https://en.prothomalo.com/bangladesh/accident/five-including-auto-rickshaw-driver-crushed-under-truck,"cumilla-brahmanbaria regional highway in burichang upazila of cumilla, sindhuriapara tutbagan area of mainamati union",Cumilla,5,2,"Cng-Run Auto-Rickshaw, Drum Truck",drum truck hit the auto-rickshaw,Bangladesh,event,road accident,2022-02-18,12:06:45,Feb,2,Clear sky,12,Feb,drum truck hit the autorickshaw
1447,3 killed in autorickshaw-truck collision in Brahmanbaria,2021-12-17 12:50:19,https://en.prothomalo.com/bangladesh/accident/3-killed-in-auto-truck-collision-in-brahmanbaria,sarail upazila,Brahmanbaria,3,2,"Autorickshaw, Truck",head-on collision,Bangladesh,event,road accident,2021-12-17,12:50:19,Dec,12,Clear sky,12,Dec,head-on collision
1453,I survived for sitting in back seat: Hridoy ,2022-07-29 22:22:03,https://en.prothomalo.com/bangladesh/accident/jjvd18a2ch,chattogram medical college hospital,Chattogram,0,1,,,Bangladesh,event,road accident,2022-07-29,22:22:03,Jul,7,Light rain,22,Jul,
1459,Dope test for drivers to be made compulsory: Home minister ,2022-02-13 21:05:24,,secretariat,,0,0,Vehicle,,Bangladesh,event,road accident,2022-02-13,21:05:24,Feb,2,,21,Feb,
1465,Road crash kills five in Rangpur,2022-05-05 12:22:52,https://en.prothomalo.com/bangladesh/accident/road-crash-kills-five-in-rangpur,"dhaka-rangpur highway, near sanetala bazar",Rangpur,5,0,"Microbus, Three-Wheeler",collision between microbus and three-wheeler,Bangladesh,event,road accident,2022-05-05,12:22:52,May,5,Light rain,12,May,collision between microbus and threewheeler
1468,Four killed in road crash in Naogaon,2022-03-24 12:53:24,https://en.prothomalo.com/bangladesh/accident/four-killed-in-road-crash-in-naogaon,badalgachi-patnitala road,Naogaon,4,15,"Bus, Truck",truck driver failed to brake,Bangladesh,event,road accident,2022-03-24,12:53:24,Mar,3,Clear sky,12,Mar,truck driver failed to brake
1469,17 die as lightning strikes bridal party in Chapainawabganj,2021-08-04 13:43:44,https://en.prothomalo.com/bangladesh/accident/16-die-as-lightning-strikes-bridal-party-boat-in-chapainawabganj,telikhari ghat of padma river,Nawabganj,17,6,,lightning strike,Bangladesh,event,road accident,2021-08-04,13:43:44,Aug,8,Moderate rain,13,Aug,lightning strike
1474,‘Main perpetrator’ among 4 arrested over Rampur bus fire: RAB,2021-12-29 13:21:52,https://en.prothomalo.com/bangladesh/city/main-perpetrator-among-4-arrested-over-rampur-bus-fire-rab,rampur bridge,Dhaka,1,0,Bus,student death in a bus accident,Bangladesh,event,road accident,2021-12-29,13:21:52,Dec,12,Partly cloudy,13,Dec,student death in a bus accident
1478,"Launch capsizes in Shitalakkhya after being hit by cargo vessel, one dead ",2022-03-20 17:05:51,https://en.prothomalo.com/bangladesh/accident/launch-capsizes-in-shitalakkhya-after-being-hit-by-cargo-vessel-one-dead,shitalakkhya river,Narayanganj,1,0,"Launch, Cargo Vessel",collision between launch and cargo vessel,Bangladesh,event,road accident,2022-03-20,17:05:51,Mar,3,Not used,17,Mar,collision between launch and cargo vessel
1481,Something happened there: Home minister,2022-06-07 16:05:30,https://en.prothomalo.com/bangladesh/city/something-happened-there-home-minister,bm container depot,Chattogram,0,0,Container,inferno,Bangladesh,event,road accident,2022-06-07,16:05:30,Jun,6,Light rain,16,Jun,inferno
1482,"18 trawlers sink in Bay, 3 fishermen go missing",2022-02-05 14:11:35,https://en.prothomalo.com/bangladesh/accident/18-trawlers-sink-in-bay-3-fishermen-go-missing,dublarchar of the sundarbans and in different parts of the bay of bengal,Bagerhat,0,0,Trawler,storm,Bangladesh,event,road accident,2022-02-05,14:11:35,Feb,2,Light rain,14,Feb,storm
1483,Family shocked at son's death during irregular migration without father's knowledge,2025-02-04 19:58:39,https://en.prothomalo.com/bangladesh/vnbd7qnwrp,mediterranean sea off the libyan coast,Madaripur,23,0,,boat capsized,Bangladesh,event,road accident,2025-02-04,19:58:39,Feb,2,Lightning visible,19,Feb,boat capsized
1485,"While some find joy, many endure unbearable suffering",2024-01-03 16:41:19,https://en.prothomalo.com/opinion/op-ed/wlplulpg91,dhaka,Dhaka,0,0,,"fireworks, crackers, and sky lanterns ban violation leading to potential hazards",Bangladesh,event,road accident,2024-01-03,16:41:19,Jan,1,Clear sky,16,Jan,fireworks crackers and sky lanterns ban violation leading to potential hazards
1488,Construction worker dies from electrocution in city,2022-04-25 09:45:28,https://en.prothomalo.com/bangladesh/accident/construction-worker-dies-from-electrocution-in-city,natun bazar area,Dhaka,1,0,,electrocution,Bangladesh,event,road accident,2022-04-25,09:45:28,Apr,4,Partly cloudy,9,Apr,electrocution
1489,Two killed in separate road crashes in Chuadanga,2022-07-10 23:28:51,https://en.prothomalo.com/bangladesh/accident/two-killed-in-separate-road-crashes-in-chuadanga,zafarpur bgb camp,Chuadanga,1,0,Unidentified Vehicle,hit by a vehicle,Bangladesh,event,road accident,2022-07-10,23:28:51,Jul,7,Light rain,23,Jul,hit by a vehicle
1491,Two students die in Sherpur road crash,2022-02-02 12:38:09,https://en.prothomalo.com/bangladesh/accident/two-students-die-in-sherpur-road-crash,sherpur,Sherpur,2,13,Vehicle,plunged into a roadside ditch,Bangladesh,event,road accident,2022-02-02,12:38:09,Feb,2,Partly cloudy,12,Feb,plunged into a roadside ditch
1493,College students crushed to death under truck,2021-12-01 08:43:55,https://en.prothomalo.com/bangladesh/accident/college-students-crushed-to-death-under-truck,sherpur,Sherpur,2,0,"Freight Truck, Motorcycle",truck ran over motorcycle,Bangladesh,event,road accident,2021-12-01,08:43:55,Dec,12,Partly cloudy,8,Dec,truck ran over motorcycle
1496,Road crash kills three including journalist in Cumilla,2022-07-09 17:04:25,https://en.prothomalo.com/bangladesh/accident/road-crash-kills-three-including-journalist-in-cumilla,dhaka-chattogram highway in cumilla,Cumilla,3,0,"Bus, Motorcycle",bus ran over a motorcycle,Bangladesh,event,road accident,2022-07-09,17:04:25,Jul,7,Moderate rain,17,Jul,bus ran over a motorcycle
1497,One held over attempt to kidnap journalist in Barishal,2022-05-30 11:58:34,https://en.prothomalo.com/bangladesh/crime-and-law/one-held-over-attempt-to-kidnap-journalist-in-barishal,shitla khola area,Barishal,0,0,Rickshaw,attempt of kidnapping,Bangladesh,event,road accident,2022-05-30,11:58:34,May,5,Moderate rain,11,May,attempt of kidnapping
1501,Project to stay halted unless public safety ensured: Mayor Atiqul,2022-08-16 15:35:09,https://en.prothomalo.com/bangladesh/uky3yq1cn8,dhaka city,Dhaka,0,0,,lack of public safety measures in construction work,Bangladesh,event,road accident,2022-08-16,15:35:09,Aug,8,Moderate rain,15,Aug,lack of public safety measures in construction work
1503,2 people killed in road crash in Chattogram,2021-11-26 08:47:46,https://en.prothomalo.com/bangladesh/accident/2-people-killed-in-road-crash-in-chattogram,chattogram-khagrachari road at hathazari upazila,Chattogram,2,0,Hanif Paribahan Bus,hit by bus,Bangladesh,event,road accident,2021-11-26,08:47:46,Nov,11,Clear sky,8,Nov,hit by bus
1504,Policeman killed in Chattogram road crash  ,2021-08-11 22:29:47,https://en.prothomalo.com/bangladesh/accident/policeman-killed-in-chattogram-road-crash,sholoshohor mayorgoli area,Chattogram,1,0,,road crash,Bangladesh,event,road accident,2021-08-11,22:29:47,Aug,8,Dense rain,22,Aug,road accident
1505,Two killed in Naogaon road crash,2021-09-23 13:20:26,https://en.prothomalo.com/bangladesh/accident/two-die-in-naogaon-road-crash,naogaon-rajshahi highway near sreerampur,Naogaon,2,0,Motorbike And Pickup Van,head-on collision,Bangladesh,event,road accident,2021-09-23,13:20:26,Sep,9,Light rain,13,Sep,head-on collision
1513,Three farmers killed as truck overturns in Narsingdi,2022-06-30 12:02:47,https://en.prothomalo.com/bangladesh/accident/three-farmers-killed-as-truck-overturns-in-narshingdi,mahmudabad area of dhaka-sylhet highway in musapur union parishad,Narsingdi,3,5,Covered Van,overturned after losing control,Bangladesh,event,road accident,2022-06-30,12:02:47,Jun,6,Moderate rain,12,Jun,overturned after losing control
1525,"Traffic pressure, no traffic jams during Eid journey: Obaidul Quader",2024-06-14 17:54:18,,dhanmondi,Dhaka,0,0,"Cars, Trucks, Motorcycles","eid travel pressure, random cattle markets, party vehicles carrying sacrificial animals",Bangladesh,event,road accident,2024-06-14,17:54:18,Jun,6,Light rain,17,Jun,eid travel pressure random cattle markets party vehicles carrying sacrificial animals
1526,Hill cutting in Sylhet: How many more deaths before authorities wake up?,2024-06-13 19:02:48,,majortila chamelibag area,Sylhet,3,0,,landslide,Bangladesh,event,road accident,2024-06-13,19:02:48,Jun,6,Heavy rain,19,Jun,landslide
1529,Speeding truck kills 7 co-workers on Sylhet trip,2023-08-25 13:05:01,,ghasirdia area of the dhaka-sylhet highway in shibpur upazila,Narsingdi,7,4,"Microbus, Truck",head-on collision due to a speeding truck attempting to overtake another vehicle,Bangladesh,event,road accident,2023-08-25,13:05:01,Aug,8,Moderate rain,13,Aug,headon collision due to a speeding truck attempting to overtake another vehicle
1532,HSC candidate killed in Chattogram road crash,2021-11-30 19:05:00,https://en.prothomalo.com/bangladesh/accident/now-hsc-candidate-killed-in-chattogram-road-crash,station road area of chattogram city,Chattogram,1,0,"Truck, Motorcycle",truck hit a motorcycle,Bangladesh,event,road accident,2021-11-30,19:05:00,Nov,11,Partly cloudy,19,Nov,truck hit a motorcycle
1533,Helper of bus detained over SSC examinee's death in Rampura,2021-11-30 15:35:52,https://en.prothomalo.com/bangladesh/crime-and-law/helper-of-bus-detained-over-ssc-examinees-death-in-rampura,rampura bazaar,Dhaka,1,0,Bus,hit and run,Bangladesh,event,road accident,2021-11-30,15:35:52,Nov,11,Partly cloudy,15,Nov,hit and run
1534,"Five killed in Sylhet road crash

",2021-05-02 09:22:44,https://en.prothomalo.com/bangladesh/accident/five-killed-in-sylhet-road-crash,sylhet-tamabil highway in ferry ghat area,Sylhet,5,0,"Truck, Auto-Rickshaw",truck hitting auto-rickshaw,Bangladesh,event,road accident,2021-05-02,09:22:44,May,5,Moderate rain,9,May,truck hitting autorickshaw
1535,"Trawlers with 24 fishermen capsize in Bay, one dies",2021-09-28 19:02:48,https://en.prothomalo.com/bangladesh/accident/trawlers-with-24-fishermen-capsize-in-bay-one-dies,office kella off dublar char,Bagerhat,1,23,Trawler (Fishing),capsized due to rough weather,Bangladesh,event,road accident,2021-09-28,19:02:48,Sep,9,Moderate rain,19,Sep,capsized due to rough weather
1536,DNCC driver arrested over death of Ahsan Kabir : RAB,2021-11-27 11:26:17,https://en.prothomalo.com/bangladesh/crime-and-law/dncc-driver-arrested-over-death-of-ahsan-kabir-rab,dhaka,Dhaka,1,0,Garbage Disposal Truck,vehicle accident leading to death,Bangladesh,event,road accident,2021-11-27,11:26:17,Nov,11,Clear sky,11,Nov,vehicle accident leading to death
1540,98 injured still groaning at hospitals,2022-06-10 13:26:08,https://en.prothomalo.com/bangladesh/local-news/98-injured-still-groaning-at-hospitals,bm container depot,Chattogram,0,1,,,Bangladesh,event,road accident,2022-06-10,13:26:08,Jun,6,Dense rain,13,Jun,
1544,Locals leave depot area fearing another explosion in Sitakunda,2022-06-06 12:10:55,https://en.prothomalo.com/bangladesh/local-news/locals-leave-depot-area-fearing-another-explosion-in-sitakunda,bm container depot area,Narayanganj,0,0,Container,explosion,Bangladesh,event,road accident,2022-06-06,12:10:55,Jun,6,Moderate rain,12,Jun,explosion
1545,Schoolgirl killed after truck hit motorbike: Police,2021-11-26 18:07:31,https://en.prothomalo.com/bangladesh/accident/schoolgirl-killed-after-truck-hit-motorbike-police,mirpur upazila,Kushtia,1,0,"Truck, Motorcycle",speeding truck crushed student after she fell off a motorbike,Bangladesh,event,road accident,2021-11-26,18:07:31,Nov,11,Mainly clear,18,Nov,speeding truck crushed student after she fell off a motorbike
1547,"1 killed, 2 injured in motorcycle collision in Chuadanga",2022-01-03 10:07:39,https://en.prothomalo.com/bangladesh/accident/1-killed-2-injured-in-motorcycle-collision-in-chuadanga,karpashdanga,Chuadanga,1,2,Motorcycle,head-on collision,Bangladesh,event,road accident,2022-01-03,10:07:39,Jan,1,Partly cloudy,10,Jan,head-on collision
1548,Assistant driver arrested,2021-11-25 12:30:59,https://en.prothomalo.com/bangladesh/accident/assistant-driver-arrested,gulistan area,Dhaka,1,0,Dumpster Carrier Truck,ran over a student,Bangladesh,event,road accident,2021-11-25,12:30:59,Nov,11,Clear sky,12,Nov,ran over a student
1549,Motorcyclist killed in Dhaka,2022-01-02 08:25:34,https://en.prothomalo.com/bangladesh/city/motorcyclist-killed-in-dhaka,technical intersection of darus salam,Dhaka,1,0,"Truck, Motorcycle",hit by a truck,Bangladesh,event,road accident,2022-01-02,08:25:34,Jan,1,Partly cloudy,8,Jan,hit by a truck
1550,Road crash kills two SSC candidates,2021-11-24 12:49:21,https://en.prothomalo.com/bangladesh/accident/road-crash-kills-two-ssc-candidates,mahamaya area of chandpur sadar upazila,Chandpur,3,0,Motorcycle,hit a tree and fell into a roadside ditch,Bangladesh,event,road accident,2021-11-24,12:49:21,Nov,11,Mainly clear,12,Nov,hit a tree and fell into a roadside ditch
1555,2 children killed in Chattogram road crash,2021-10-10 15:05:34,https://en.prothomalo.com/bangladesh/accident/2-children-killed-in-chattogram-road-crash,dhaka-chittagong highway,Chattogram,2,2,Mini Truck,hit them,Bangladesh,event,road accident,2021-10-10,15:05:34,Oct,10,Light rain,15,Oct,hit them
1556,Dhaka Nagar Paribahan to be launched on 3 more routes: Taposh ,2022-02-07 20:21:22,https://en.prothomalo.com/bangladesh/city/dhaka-nagar-paribahan-to-be-launched-on-3-more-routes-taposh,"nagar bhaban, buriganga hall",Dhaka,0,0,Bus,,Bangladesh,event,road accident,2022-02-07,20:21:22,Feb,2,Partly cloudy,20,Feb,
1557,2 die in Chattogram as bikes collide,2021-05-15 10:36:37,https://en.prothomalo.com/bangladesh/accident/2-die-in-chattogram-as-bikes-collide,rangunia,Chattogram,2,0,"Motorcycle, Auto Rickshaw",collision between bikes while overtaking an auto rickshaw,Bangladesh,event,road accident,2021-05-15,10:36:37,May,5,Light rain,10,May,collision between bikes while overtaking an auto rickshaw
1559,"Truck driver, helper killed in Naogaon road crash",2021-06-25 09:00:35,https://en.prothomalo.com/bangladesh/accident/truck-driver-helper-killed-in-naogaon-road-crash,satihat panchamitala,Naogaon,2,0,Truck And Bus,head-on collision,Bangladesh,event,road accident,2021-06-25,09:00:35,Jun,6,Light rain,9,Jun,head-on collision
1561,"'If everyone goes on holiday, who will do the work?'",2024-04-12 08:16:00,,bijoy sarani intersection,Dhaka,0,0,,,Bangladesh,event,road accident,2024-04-12,08:16:00,Apr,4,Light rain,8,Apr,
1564,Chattogram couple loses three daughters in 19 days,2023-07-13 14:01:37,,budel sebok colony residence,Chattogram,3,3,,burn injuries,Bangladesh,event,road accident,2023-07-13,14:01:37,Jul,7,Dense rain,14,Jul,burn injuries
1567,"One killed, seven injured in Jhalakathi Oil tanker explosion

",2021-11-12 16:58:54,https://en.prothomalo.com/bangladesh/accident/one-killed-seven-injured-in-jhalakathi-oil-tanker-explosion,sugandha river,Jhalokati,1,7,Truck (Tanker),oil tanker explosion,Bangladesh,event,road accident,2021-11-12,16:58:54,Nov,11,Partly cloudy,16,Nov,oil tanker explosion
1570,Teen killed as bike crashes into tree,2021-12-17 11:21:05,https://en.prothomalo.com/bangladesh/accident/teen-killed-as-bike-crashes-into-tree,badarpur area on the hajiganj-kachua-gouripur road,,1,2,Motorcycle,crashed into a tree,Bangladesh,event,road accident,2021-12-17,11:21:05,Dec,12,,11,Dec,crashed into a tree
1571,Biker killed on Dhaka-Barishal highway,2021-07-28 10:05:39,https://en.prothomalo.com/bangladesh/accident/biker-killed-on-dhaka-barishal-highway,khanjapur battala area of gournadi upazila on the dhaka-barishal highway,Barishal,1,0,Motorcycle,road crash,Bangladesh,event,road accident,2021-07-28,10:05:39,Jul,7,Heavy rain,10,Jul,road accident
1574,"Five of a family, two others killed as truck hits bus in Trishal ",2021-10-16 18:01:02,https://en.prothomalo.com/bangladesh/accident/six-people-killed-as-a-truck-hits-a-stationary-bus-in-trishal,dhaka-mymensingh highway in trishal,Mymensingh,7,0,"Truck, Bus",truck hit a bus from behind,Bangladesh,event,road accident,2021-10-16,18:01:02,Oct,10,Moderate rain,18,Oct,truck hit a bus from behind
1575,Thakurgaon road crash kills 2,2021-09-05 11:34:59,https://en.prothomalo.com/bangladesh/accident/thakurgaon-road-crash-kills-2,bhulli-munshirhat bazar on thakurgaon-panchagarh road,Thakurgaon,2,1,"Truck, Motorcycle",truck hit motorbike,Bangladesh,event,road accident,2021-09-05,11:34:59,Sep,9,Moderate rain,11,Sep,truck hit motorbike
1581,Couple electrocuted to death in Khulna,2021-09-02 17:08:31,https://en.prothomalo.com/bangladesh/accident/couple-electrocuted-to-death-in-khulna,south tutpara area of khulna city,Khulna,2,0,,electrocution,Bangladesh,event,road accident,2021-09-02,17:08:31,Sep,9,Moderate rain,17,Sep,electrocution
1582,Jobseeker killed in city road crash,2021-10-12 16:02:56,https://en.prothomalo.com/bangladesh/accident/jobseeker-killed-in-city-road-crash,airport road,Kishoreganj,1,0,,,Bangladesh,event,road accident,2021-10-12,16:02:56,Oct,10,Partly cloudy,16,Oct,
1583,2 killed as bus overturns in Gazipur,2021-11-01 13:09:52,https://en.prothomalo.com/bangladesh/accident/2-killed-as-bus-overturns-in-gazipur,dhaka-mymensingh highway at membarbari,Gazipur,2,0,Bus,overturned,Bangladesh,event,road accident,2021-11-01,13:09:52,Nov,11,Clear sky,13,Nov,overturned
1584,Death toll from Rangpur road crash rises to eight,2022-09-05 13:34:58,,taraganj,Rangpur,8,50,Buses,head-on collision,Bangladesh,event,road accident,2022-09-05,13:34:58,Sep,9,Heavy rain,13,Sep,head-on collision
1586,"BIDA plans to inspect 10,000 more factories: Salman F Rahman",2023-02-02 11:42:38,,ministry of home affairs at the secretariat,Dhaka,0,0,Other (Industrial),lack of safety measures,Bangladesh,event,road accident,2023-02-02,11:42:38,Feb,2,Partly cloudy,11,Feb,lack of safety measures
1587,2 children killed in Munshiganj road crash,2022-02-24 13:13:28,https://en.prothomalo.com/bangladesh/accident/2-children-killed-in-munshiganj-road-crash,munshiganj,Munshiganj,2,0,,separate road crashes,Bangladesh,event,road accident,2022-02-24,13:13:28,Feb,2,Moderate rain,13,Feb,separate road crashes
1588,Cumilla road crash kills 3,2021-09-18 14:38:40,https://en.prothomalo.com/bangladesh/accident/cumilla-road-crash-kills-3,dhaka-chattogram highway,Cumilla,3,1,"Passenger Bus, Car",bus crashed into car,Bangladesh,event,road accident,2021-09-18,14:38:40,Sep,9,Heavy rain,14,Sep,bus crashed into car
1589,Cumilla road crash kills 3,2021-09-18 14:38:40,https://en.prothomalo.com/bangladesh/Cumilla-road-crash-kills-3,dhaka-chattogram highway in cumilla,Cumilla,3,1,"Passenger Bus, Car",bus crashed into car,Bangladesh,event,road accident,2021-09-18,14:38:40,Sep,9,Heavy rain,14,Sep,bus crashed into car
1590,Students in the streets protest in the rain ,2021-12-06 16:54:24,https://en.prothomalo.com/bangladesh/city/students-in-the-streets-protest-in-the-rain,gulistan area,Dhaka,1,0,Garbage Truck,hit while crossing a road,Bangladesh,event,road accident,2021-12-06,16:54:24,Dec,12,Heavy rain,16,Dec,hit while crossing a road
1594,Five killed in head-on collision between two buses,2021-07-18 10:15:42,,dhaka-rangpur highway,Rangpur,5,0,Bus,head-on collision,Bangladesh,event,road accident,2021-07-18,10:15:42,Jul,7,Moderate rain,10,Jul,head-on collision
1595,Students takes out symbolic coffin procession at Shahbagh ,2021-12-05 18:43:59,https://en.prothomalo.com/bangladesh/students-takes-out-symbolic-coffin-procession-at-shahbagh,shahbagh,Dhaka,0,0,,,Bangladesh,event,road accident,2021-12-05,18:43:59,Dec,12,Heavy rain,18,Dec,
1597,Law enforcers being used get ruling party’s interests: Rizvi,2023-07-02 22:41:49,,naya paltan central office,Dhaka,35,0,,negligence of law enforcers,Bangladesh,event,road accident,2023-07-02,22:41:49,Jul,7,Moderate rain,22,Jul,negligence of law enforcers
1598,10 injured in Narayanganj gas cylinder blast,2022-02-20 20:23:09,https://en.prothomalo.com/bangladesh/accident/10-injured-in-narayanganj-gas-cylinder-blast,"aliganj, fotulla, narayanganj",Narayanganj,0,10,Vehicle (Type Not Specified),gas cylinder explosion following cigarette fire during vehicle repair,Bangladesh,event,road accident,2022-02-20,20:23:09,Feb,2,Light rain,20,Feb,gas cylinder explosion following cigarette fire during vehicle repair
1601,One arrested over death of Chattogram physician,2022-02-18 11:13:54,https://en.prothomalo.com/bangladesh/accident/physician-killed-in-chattogram-road-crash,chattogram city,Chattogram,1,0,"Rickshaw, Cng-Run Auto-Rickshaw",hit by a cng-run auto-rickshaw,Bangladesh,event,road accident,2022-02-18,11:13:54,Feb,2,Clear sky,11,Feb,hit by a cngrun autorickshaw
1602,BUET designs new rickshaw to run on Dhaka streets,2025-04-29 13:08:25,https://en.prothomalo.com/bangladesh/city/70f4qp2uka,dhaka,Dhaka,0,0,Rickshaw,,Bangladesh,event,road accident,2025-04-29,13:08:25,Apr,4,Moderate rain,13,Apr,
1605,Custodial death of Jesmin to have no impact on BD-US relations: Momen,2023-03-29 22:57:40,https://en.prothomalo.com/bangladesh/nhujpkrdae,rab custody,Naogaon,1,0,,custodial death,Bangladesh,event,road accident,2023-03-29,22:57:40,Mar,3,Squalls,22,Mar,custodial death
1606,4 bodies recovered after trawler capsizes in Bay,2021-01-23 19:36:29,https://en.prothomalo.com/bangladesh/accident/4-bodies-recovered-after-trawler-capsizes-in-bay,bay of bengal near st martin's island,Cox's Bazar,4,13,Fishing Trawler,capsized,Bangladesh,event,road accident,2021-01-23,19:36:29,Jan,1,Clear sky,19,Jan,unknown
1618,"Mother, daughter killed in Magura road crash ",2021-09-27 15:40:56,https://en.prothomalo.com/bangladesh/accident/mother-daughter-killed-in-magura-road-crash,magura-shalikha road at junary,Magura,2,2,Truck And A Three Wheeler,collision,Bangladesh,event,road accident,2021-09-27,15:40:56,Sep,9,Moderate rain,15,Sep,collision
1619,"Bus, auto-rickshaw collision kills 3 college students in Chandpur",2021-11-25 13:00:06,https://en.prothomalo.com/bangladesh/accident/bus-auto-collision-kills-3-college-students-in-chandpur,bishwa road area,Chandpur,3,2,"Bus, Auto-Rickshaw",head-on collision,Bangladesh,event,road accident,2021-11-25,13:00:06,Nov,11,Clear sky,13,Nov,head-on collision
1620,DSCC forms probe body over death of Notre Dame College student,2021-11-24 22:24:06,https://en.prothomalo.com/bangladesh/accident/dscc-forms-probe-body-over-death-of-notre-dame-college-student,gulistan,Dhaka,1,0,Garbage Truck,vehicle accident,Bangladesh,event,road accident,2021-11-24,22:24:06,Nov,11,Clear sky,22,Nov,vehicle accident
1622,Landslide at Rohingya camps kills six,2021-07-27 16:06:57,https://en.prothomalo.com/bangladesh/accident/six-killed-in-landslide-at-rohingya-camps-in-coxs-bazar,rohingya camps,Cox's Bazar,6,0,,landslide,Bangladesh,event,road accident,2021-07-27,16:06:57,Jul,7,Heavy rain,16,Jul,landslide
1623,Dhaka road crash kills food delivery person,2022-02-11 15:14:09,https://en.prothomalo.com/bangladesh/accident/dhaka-road-crash-kills-food-delivery-person,polashi,Lakshmipur,1,0,Mini Covered-Van,hit by a mini covered-van,Bangladesh,event,road accident,2022-02-11,15:14:09,Feb,2,Clear sky,15,Feb,hit by a mini coveredvan
1625,BNP wants dead bodies to intensify movement: Quader,2022-10-22 22:50:45,https://en.prothomalo.com/bangladesh/politics/p40wz67v8m,osmani memorial auditorium,Dhaka,0,0,,,Bangladesh,event,road accident,2022-10-22,22:50:45,Oct,10,Partly cloudy,22,Oct,
1627,Risky movement on dilapidated Jashore-Jhenaidah highway,2024-05-09 09:29:32,https://en.prothomalo.com/bangladesh/local-news/t6eztigzog,jashore-jhenaidah highway,Jhenaidah,0,0,"Heavy Vehicles, Buses","potholes, uneven road surface, melted bitumen due to heat",Bangladesh,event,road accident,2024-05-09,09:29:32,May,5,Heavy rain,9,May,potholes uneven road surface melted bitumen due to heat
1630,1 killed in Narayanganj road crash,2021-10-19 09:46:17,https://en.prothomalo.com/bangladesh/accident/1-killed-in-narayanganj-road-crash,bardi area,Narayanganj,1,0,Car,hit by a car,Bangladesh,event,road accident,2021-10-19,09:46:17,Oct,10,Moderate rain,9,Oct,hit by a car
1642,2 motorcyclists killed in Chattogram road crash,2021-06-21 12:06:26,,economic zone area,Chattogram,2,1,Motorcycle,,Bangladesh,event,road accident,2021-06-21,12:06:26,Jun,6,Moderate rain,12,Jun,
1643,"CUET protest: Transport owners, workers and BRTA must wake up",2024-04-26 14:55:32,https://en.prothomalo.com/opinion/editorial/v5l6fowe15,chattogram-kaptai road in zianagar area near chittagong university of engineering and technology (cuet),Chattogram,2,0,"Bus, Motorcycle",bus hit motorcycle,Bangladesh,event,road accident,2024-04-26,14:55:32,Apr,4,Partly cloudy,14,Apr,bus hit motorcycle accident
1649,Death toll rises to 36 in Jhalakathi launch fire,2021-12-24 11:18:20,https://en.prothomalo.com/bangladesh/accident/death-toll-rises-to-36-in-jhalakathi-launch-fire,barguna,Barguna,36,75,,fire,Bangladesh,event,road accident,2021-12-24,11:18:20,Dec,12,Clear sky,11,Dec,fire
1653,Constable on patrol at Dhaka SP residence shot dead ,2021-08-06 18:01:53,https://en.prothomalo.com/bangladesh/accident/constable-on-patrol-at-dhaka-sp-residence-shot-dead,bailey road,Dhaka,1,0,,shooting,Bangladesh,event,road accident,2021-08-06,18:01:53,Aug,8,Moderate rain,18,Aug,shooting
1654,Two buses catch fire in Dhaka   ,2021-07-25 17:28:55,https://en.prothomalo.com/bangladesh/accident/two-buses-catch-fire-in-dhaka,"gopibagh area, motijheel",Dhaka,0,0,Bus,fire,Bangladesh,event,road accident,2021-07-25,17:28:55,Jul,7,Light rain,17,Jul,fire
1655,"Five dead, two missing in Turag trawler capsize ",2021-10-09 19:06:02,https://en.prothomalo.com/bangladesh/accident/five-dead-two-missing-in-turag-trawler-capsize,river turag at amin bazar area in savar upazila,Dhaka,5,0,Trawler,capsized,Bangladesh,event,road accident,2021-10-09,19:06:02,Oct,10,Dense rain,19,Oct,unknown
1656,"Trawler capsize in Turag river: Bodies of 2 children, woman recovered",2021-10-09 14:08:25,https://en.prothomalo.com/bangladesh/city/trawler-capsize-in-turag-river-bodies-of-2-children-woman-recovered,turag river at gabtoli,Dhaka,3,0,Passenger Trawler,capsized,Bangladesh,event,road accident,2021-10-09,14:08:25,Oct,10,Dense rain,14,Oct,unknown
1658,Three different bridges to be toll free on inauguration day,2022-06-20 11:09:57,https://en.prothomalo.com/bangladesh/three-different-bridges-to-be-toll-free-on-inauguration-day,dhaka-mawa highway,Dhaka,0,0,Bus,toll collection closure due to event,Bangladesh,event,road accident,2022-06-20,11:09:57,Jun,6,Moderate rain,11,Jun,toll collection closure due to event
1663,"Four killed in collision between covered van, auto-rickshaw",2022-03-02 12:18:36,,rampura area of ​​bijoynagar section of dhaka-sylhet highway,Brahmanbaria,4,0,Covered Van And Cng-Run Auto-Rickshaw,head-on collision,Bangladesh,event,road accident,2022-03-02,12:18:36,Mar,3,Clear sky,12,Mar,head-on collision
1664,Motorcycles can’t cross 30 km/h threshold in cities,2023-02-20 19:51:58,,dhaka and highways,Dhaka,0,0,Motorcycle And Scooter,"high speed, use of sports bikes, lack of awareness",Bangladesh,policy proposal,road accident,2023-02-20,19:51:58,Feb,2,Clear sky,19,Feb,high speed use of sports bikes lack of awareness
1665,"One killed, 40 injured in road crash on Dhaka-Bogura highway",2021-12-18 12:23:30,,sherua battala area of shahbandegi union,Dhaka,1,40,Passenger Buses,collision between two passenger buses,Bangladesh,event,road accident,2021-12-18,12:23:30,Dec,12,Partly cloudy,12,Dec,collision between two passenger buses
1666,Journalist killed as UNO’s SUV runs over his bike,2022-05-09 19:49:04,,ningoin area of singra upazila,Natore,1,0,Suv And Motorbike,run over by a government vehicle,Bangladesh,event,road accident,2022-05-09,19:49:04,May,5,Dense rain,19,May,run over by a government vehicle
1667,ICU facilities: When will the health ministry wake up?,2023-04-29 13:44:01,,"feni, chattogram and dhaka",Feni,1,0,Motorcycle,head injuries from motorbike accident,Bangladesh,event,road accident,2023-04-29,13:44:01,Apr,4,Light rain,13,Apr,head injuries from motorbike accident
1672,2 police officers die as microbus overturns in Narayanganj,2022-01-18 08:38:15,https://en.prothomalo.com/bangladesh/accident/2-police-officers-die-as-microbus-overturns-in-narayanganj,sonargaon municipality,Narayanganj,2,1,Microbus,overturned and fell into a roadside pit,Bangladesh,event,road accident,2022-01-18,08:38:15,Jan,1,Partly cloudy,8,Jan,overturned and fell into a roadside pit
1673,Six family members burnt in fire in Chattogram,2021-11-02 13:18:27,https://en.prothomalo.com/bangladesh/accident/six-family-members-burnt-in-fire-in-chattogram,kattoli area,Chattogram,0,6,Building,fire,Bangladesh,event,road accident,2021-11-02,13:18:27,Nov,11,Partly cloudy,13,Nov,fire
1674,Boy electrocuted while flying kite in Brahmanbaria,2021-04-16 22:04:09,,fulbaria,Brahmanbaria,1,0,Kite,electrocution from live wire while retrieving kite,Bangladesh,event,road accident,2021-04-16,22:04:09,Apr,4,Light rain,22,Apr,electrocution from live wire while retrieving kite
1675,Five killed as car plunges into pond,2022-02-23 09:32:21,https://en.prothomalo.com/bangladesh/accident/five-killed-as-car-plunges-into-pond,east norah village,Chandpur,5,0,Car,car fell into a pond,Bangladesh,event,road accident,2022-02-23,09:32:21,Feb,2,Funnel cloud / tornado,9,Feb,car fell into a pond
1676,5 killed in Jhenidah road accident,2016-07-27 23:28:48,,katakhali,Jhenaidah,5,1,,,Bangladesh,event,road accident,2016-07-27,23:28:48,Jul,7,Light rain,23,Jul,
1677,"Dhaka's Cumilla Patti catches fire

",2021-02-21 17:03:40,https://en.prothomalo.com/bangladesh/accident/dhakas-cumilla-patti-catches-fire,cumilla patti at maniknagar area of mugda,Dhaka,0,0,Tin-Sheds,,Bangladesh,event,road accident,2021-02-21,17:03:40,Feb,2,Clear sky,17,Feb,
1682,Death toll rises to 26,2021-05-03 09:27:12,https://en.prothomalo.com/bangladesh/accident/death-toll-rises-to-25,kathalbari ghat area near banglabazar ferry ghat,Madaripur,26,1,Speedboat,head-on collision with a sand-laden bulkhead,Bangladesh,event,road accident,2021-05-03,09:27:12,May,5,Heavy rain,9,May,headon collision with a sandladen bulkhead
1683,Army person killed in Bogura road crash,2021-09-19 15:04:15,https://en.prothomalo.com/bangladesh/accident/army-person-killed-in-bogura-road-crash,shajahanpur,,1,0,Bus,hit by a bus,Bangladesh,event,road accident,2021-09-19,15:04:15,Sep,9,,15,Sep,hit by a bus
1684,Ferry sinks in Padma river with 17 trucks,2021-10-27 12:33:25,https://en.prothomalo.com/bangladesh/accident/ferry-sinks-in-padma-with-17-trucks,"paturia ghat area, padma river",Manikganj,0,0,Ro Ro Ferry,sunk partially,Bangladesh,event,road accident,2021-10-27,12:33:25,Oct,10,Mainly clear,12,Oct,sunk partially
1685,"Accused driver in custody, police complete autopsy",2022-12-03 18:14:17,https://en.prothomalo.com/bangladesh/city/j0y4gyj0pb,dhaka university campus,Dhaka,1,0,Car,driver ran over a woman and dragged her,Bangladesh,event,road accident,2022-12-03,18:14:17,Dec,12,Clear sky,18,Dec,driver ran over a woman and dragged her
1688,3 killed as bus hits bike in Barishal,2021-09-18 11:06:07,https://en.prothomalo.com/bangladesh/accident/3-killed-as-bus-hits-bike-in-barishal,shaheed abdur rab serniabat bridge,Barishal,3,0,"Bus, Bike",speeding bus hit bike,Bangladesh,event,road accident,2021-09-18,11:06:07,Sep,9,Light rain,11,Sep,speeding bus hit bike
1689,"Four of a family electrocuted, killed ",2021-09-17 22:46:45,,shilmudi village,,4,0,,electrocution,Bangladesh,event,road accident,2021-09-17,22:46:45,Sep,9,,22,Sep,electrocution
1690,"2 killed in Bogura road crash

",2021-09-17 19:38:35,,jhopgari area on the dhaka-rangpur highway,Dhaka,2,4,Bus And Autorickshaw,head-on collision between bus and autorickshaw,Bangladesh,event,road accident,2021-09-17,19:38:35,Sep,9,Light rain,19,Sep,headon collision between bus and autorickshaw
1691,Make waterways safe: GM Quader,2021-08-28 19:55:44,https://en.prothomalo.com/bangladesh/politics/make-waterways-safe-gm-quader,laiska beel,Brahmanbaria,0,0,Trawler,,Bangladesh,event,road accident,2021-08-28,19:55:44,Aug,8,Moderate rain,19,Aug,
1692,3 killed in Satkhira road crash,2021-06-30 09:04:41,https://en.prothomalo.com/bangladesh/accident/3-killed-in-satkhira-road-crash,satkhira-kaliganj road at parulia area,Satkhira,3,0,,,Bangladesh,event,road accident,2021-06-30,09:04:41,Jun,6,Moderate rain,9,Jun,
1693,"Youth killed in Naogaon road crash

",2021-05-20 08:48:05,https://en.prothomalo.com/bangladesh/accident/youth-killed-in-naogaon-road-crash,saraigachhi crossroad,Naogaon,1,0,,,Bangladesh,event,road accident,2021-05-20,08:48:05,May,5,Heavy rain,8,May,
1694,4 held over Narayanganj trawler capsize,2022-01-06 08:42:03,https://en.prothomalo.com/bangladesh/4-held-over-narayanganj-trawler-capsize,river dhaleshwari off the coast of narayanganj sadar upazila,Narayanganj,0,0,"Launch, Trawler",collision between launch and trawler,Bangladesh,event,road accident,2022-01-06,08:42:03,Jan,1,Partly cloudy,8,Jan,collision between launch and trawler
1697,"1m motorbikes in Dhaka, with more new bikes taking to the roads than in the US ",2022-04-24 21:47:59,https://en.prothomalo.com/bangladesh/city/1m-motorbikes-in-dhaka-higher-than-in-the-entire-usa,dhaka,Dhaka,0,0,Motorbikes,increase in motorbikes,Bangladesh,event,road accident,2022-04-24,21:47:59,Apr,4,Mainly clear,21,Apr,increase in motorbikes
1698,Fire breaks out at Singer Electronics’ warehouse in Savar ,2021-08-05 12:40:40,https://en.prothomalo.com/bangladesh/accident/fire-breaks-out-at-singer-electronics-warehouse-20-injured,singer electronics warehouse near rajphulbaria bus stand,Dhaka,0,0,,fire,Bangladesh,event,road accident,2021-08-05,12:40:40,Aug,8,Light rain,12,Aug,fire
1699,5 killed in road crashes in 4 districts,2022-07-04 22:23:47,https://en.prothomalo.com/bangladesh/accident/5-killed-in-road-crashes-in-4-districts,bijaynagar area of companiganj upazila,Noakhali,2,2,"Pickup Van, Auto Rickshaw",collision,Bangladesh,event,road accident,2022-07-04,22:23:47,Jul,7,Moderate rain,22,Jul,collision
1701,Four die as bus falls into ditch in Magura ,2021-09-12 19:43:49,https://en.prothomalo.com/bangladesh/accident/four-die-as-bus-falls-into-ditch-in-magura,near the dhaka-khulna highway in magura,Magura,4,0,Bus,fell into a ditch,Bangladesh,event,road accident,2021-09-12,19:43:49,Sep,9,Light rain,19,Sep,fell into a ditch
1703,Trader’s death in Gazipur: How many have to die in police custody?,2023-01-22 19:28:30,https://en.prothomalo.com/opinion/editorial/m04rsg9vqj,gazipur's bhogra bypass payarabagan area,Gazipur,1,0,,"police custody death, covered up as road accident",Bangladesh,event,road accident,2023-01-22,19:28:30,Jan,1,Clear sky,19,Jan,police custody death covered up as road accident
1705,5 killed in separate road crashes,2022-01-02 16:20:20,https://en.prothomalo.com/bangladesh/accident/5-killed-in-separate-road-crashes-3,kajirhat in muladi upazila,Barishal,3,0,Motorcycle,crashing into a roadside tree,Bangladesh,event,road accident,2022-01-02,16:20:20,Jan,1,Mist,16,Jan,crashing into a roadside tree
1706,5 killed in separate road crashes,2022-01-02 16:20:20,https://en.prothomalo.com/bangladesh/5-killed-in-separate-road-crashes,kajirhat in muladi upazila,Barishal,3,0,Motorcycle,motorbike hit a tree and overturned,Bangladesh,event,road accident,2022-01-02,16:20:20,Jan,1,Mist,16,Jan,motorbike hit a tree and overturned
1707,5 killed in separate road crashes,2022-01-02 16:20:20,https://en.prothomalo.com/bangladesh/5-killed-in-separate-road-crashes-2,kajirhat in muladi upazila,Barishal,3,0,Motorcycle,motorbike hit a tree and overturned,Bangladesh,event,road accident,2022-01-02,16:20:20,Jan,1,Mist,16,Jan,motorbike hit a tree and overturned
1708,Notre Dame College student’s death: Truck driver put on 3-day remand,2021-11-25 20:15:26,https://en.prothomalo.com/bangladesh/crime-and-law/notre-dame-college-students-death-truck-driver-put-on-3-day-remand,dhaka,Dhaka,1,0,Garbage Truck,,Bangladesh,event,road accident,2021-11-25,20:15:26,Nov,11,Clear sky,20,Nov,
1709,Truck-human hauler collision kills 5 in Sirajganj,2022-05-26 12:36:17,,goja bridge area on hatikumrul-bonpara highway,Sirajganj,5,5,Stone-Laden Truck And A Human Hauler,truck collided with a human hauler,Bangladesh,event,road accident,2022-05-26,12:36:17,May,5,Moderate rain,12,May,truck collided with a human hauler
1715,3 killed in Gaibandha road crash,2021-07-30 21:40:05,https://en.prothomalo.com/bangladesh/accident/3-killed-in-gaibandha-road-crash,palashbari area,Gaibandha,3,0,Cng Autorickshaw,,Bangladesh,event,road accident,2021-07-30,21:40:05,Jul,7,Moderate rain,21,Jul,
1716,3 killed in Gaibandha road crash,2021-07-30 21:40:05,https://en.prothomalo.com/bangladesh/3-killed-in-Gaibandha-road-crash,palashbari area,Gaibandha,3,0,Cng Autorickshaw,,Bangladesh,event,road accident,2021-07-30,21:40:05,Jul,7,Moderate rain,21,Jul,
1724,"Four killed in Cumilla road crashes
",2021-07-13 22:31:25,https://en.prothomalo.com/bangladesh/accident/four-killed-in-cumilla-road-crashes,cumilla- sylhet regional highway,Cumilla,4,0,"Auto-Rickshaw, Truck",truck hitting auto-rickshaw from behind,Bangladesh,event,road accident,2021-07-13,22:31:25,Jul,7,Light rain,22,Jul,truck hitting autorickshaw from behind
1725,"Woman loses son, daughter, son-in-law, granddaughter in road crash",2023-01-07 22:58:22,https://en.prothomalo.com/bangladesh/accident/tbr1hupq1r,dhaka-sylhet highway in noapara area,Habiganj,5,0,,,Bangladesh,event,road accident,2023-01-07,22:58:22,Jan,1,Partly cloudy,22,Jan,
1726,DSCC garbage truck kills another person,2021-12-23 17:06:10,https://en.prothomalo.com/bangladesh/city/dscc-garbage-truck-kills-another-person,tikatuli,Dhaka,1,0,Garbage Truck,hit by a garbage truck,Bangladesh,event,road accident,2021-12-23,17:06:10,Dec,12,Mainly clear,17,Dec,hit by a garbage truck
1727,Kurigram road crash leaves 3 dead,2021-09-05 17:03:57,https://en.prothomalo.com/bangladesh/accident/kurigram-road-crash-leaves-3-dead,near the kurarpar area on the north side of kurigram dharala bridge road,Kurigram,3,3,Auto-Rickshaw And A Tractor,collision,Bangladesh,event,road accident,2021-09-05,17:03:57,Sep,9,Moderate rain,17,Sep,collision
1730,"Bodies of mother, daughter recovered in Turag trawler capsize

",2021-10-11 22:44:45,https://en.prothomalo.com/bangladesh/accident/bodies-of-mother-daughter-recovered-in-turag-trawler-capsize,turag river at aminbazar point,Dhaka,2,0,Trawler,capsized,Bangladesh,event,road accident,2021-10-11,22:44:45,Oct,10,Partly cloudy,22,Oct,unknown
1731,"Teenager killed after human hauler overturns in Narail

",2021-05-14 19:49:52,https://en.prothomalo.com/bangladesh/accident/teenager-killed-after-human-hauler-overturns-in-narail,narail-kalia highway,Narail,1,3,Human Hauler,overturned,Bangladesh,event,road accident,2021-05-14,19:49:52,May,5,,19,May,overturned
1733,Ruling party men obstacle to discipline in transport sector: RSF,2023-10-21 19:24:12,https://en.prothomalo.com/bangladesh/j62bawbtmt,dhanmondi,Dhaka,0,0,Transport Sector,political interference and extortion,Bangladesh,event,road accident,2023-10-21,19:24:12,Oct,10,Clear sky,19,Oct,political interference and extortion
1734,Lightning kills 3 fishermen in Shariatpur,2021-10-10 21:27:23,https://en.prothomalo.com/bangladesh/accident/lightning-kills-3-fishermen-in-shariatpur,padma river,Shariatpur,3,0,,lightning strike,Bangladesh,event,road accident,2021-10-10,21:27:23,Oct,10,Light rain,21,Oct,lightning strike
1735,2 motorcyclists killed in Natore road crash,2021-04-24 11:03:57,https://en.prothomalo.com/bangladesh/accident/2-motorcyclists-killed-in-natore-road-crash,near old ferryghat,Natore,2,1,Truck And Motorbike,truck hit a motorbike,Bangladesh,event,road accident,2021-04-24,11:03:57,Apr,4,Funnel cloud / tornado,11,Apr,truck hit motorcycle accident
1743,Two workers killed as juice factory catches fire in Narayanganj,2021-07-08 21:43:59,,narayanganj,Narayanganj,2,0,Other (Industrial),fire,Bangladesh,event,road accident,2021-07-08,21:43:59,Jul,7,Light rain,21,Jul,fire
1744,4 injured as girder of under-construction elevated expressway collapses,2021-03-14 13:49:52,,near hazrat shahjalal international airport,Dhaka,0,4,Girder Of The Under-Construction Elevated Expressway,partial collapse of the girder,Bangladesh,event,road accident,2021-03-14,13:49:52,Mar,3,Clear sky,13,Mar,partial collapse of the girder
1746,"Dhaka road crash kills mother, injures daughter

",2021-06-19 09:33:24,,"gulshan, in front of the suvastu nazar valley shopping mall",Dhaka,1,1,Bus,bus ran over them when they were crossing a road,Bangladesh,event,road accident,2021-06-19,09:33:24,Jun,6,Moderate rain,9,Jun,bus ran over them when they were crossing a road
1747,"1 killed in road crash at city’s Nawabpur
",2021-10-08 09:02:26,,nawabpur road,Dhaka,1,1,Pick-Up Van,hit a roadside tree,Bangladesh,event,road accident,2021-10-08,09:02:26,Oct,10,Light rain,9,Oct,hit a roadside tree
1749,Case lodged against BRT contractor,2022-08-16 09:55:36,https://en.prothomalo.com/bangladesh/accident/2wdxrc8gwe,uttara,Dhaka,5,0,Car,"girder of the project
under-construction flyover fell on a private car",Bangladesh,event,road accident,2022-08-16,09:55:36,Aug,8,Moderate rain,9,Aug,"girder of the project
underconstruction flyover fell on a private car"
1750,1st JCC meeting for Dhaka road traffic safety project held,2022-03-31 17:30:13,https://en.prothomalo.com/bangladesh/1st-jcc-meeting-for-dhaka-road-traffic-safety-project-held,dhaka metropolitan area,Dhaka,0,0,,,Bangladesh,event,road accident,2022-03-31,17:30:13,Mar,3,Dense rain,17,Mar,
1753,"'Perpetrator is AL leader, that is his source of power'",2022-06-06 21:32:56,https://en.prothomalo.com/bangladesh/city/perpetrator-is-al-leader-that-is-his-source-of-power,sitakunda's bm container depot,Chattogram,0,0,Container Truck,"negligence of owners, possible violation of rules and regulations",Bangladesh,event,road accident,2022-06-06,21:32:56,Jun,6,Light rain,21,Jun,negligence of owners possible violation of rules and regulations
1754,Man killed in capital road crash,2021-07-04 14:05:09,,"padma diagnostic centre, kathalbagan area",Dhaka,1,1,Rickshaw-Van,overturned,Bangladesh,event,road accident,2021-07-04,14:05:09,Jul,7,Dense rain,14,Jul,overturned
1756,Chattogram container depot explosion: Death toll rises to 16,2022-06-05 08:56:59,https://en.prothomalo.com/bangladesh/accident/chattogram-container-depot-explosion-death-toll-rises-to-15,sitakunda container depot,Chattogram,16,150,Container,explosion,Bangladesh,event,road accident,2022-06-05,08:56:59,Jun,6,Moderate rain,8,Jun,explosion
1757,Trawler sinks in Bay: 13 Bhola fishermen go missing ,2021-12-06 21:07:45,https://en.prothomalo.com/bangladesh/local-news/trawler-sinks-in-bay-13-bhola-fishermen-go-missing,bay of bengal,Bhola,13,0,"Trawler, Fishing Ship",collision between trawler and fishing ship,Bangladesh,event,road accident,2021-12-06,21:07:45,Dec,12,Moderate rain,21,Dec,collision between trawler and fishing ship
1759,Trader killed as truck overturns in Pabna,2021-09-23 14:52:50,https://en.prothomalo.com/bangladesh/accident/trader-killed-as-truck-overturns-in-pabna,kayemkhola,Pabna,1,2,Truck,overturned,Bangladesh,event,road accident,2021-09-23,14:52:50,Sep,9,Light rain,14,Sep,overturned
1760,BCL clashes: Why are CU authorities not taking any action ,2023-09-24 09:48:38,https://en.prothomalo.com/opinion/editorial/hndbgi1qsm,chattogram university,Chattogram,0,0,,infighting between student political factions,Bangladesh,event,road accident,2023-09-24,09:48:38,Sep,9,Light rain,9,Sep,infighting between student political factions
1761,Road crash kills 3 in Gaibandha ,2021-08-21 11:51:42,https://en.prothomalo.com/bangladesh/accident/road-crash-kills-3-in-gaibandha,dhaka-rangpur highway,Gaibandha,3,0,"Bus, Bike",speeding bus hit their bike,Bangladesh,event,road accident,2021-08-21,11:51:42,Aug,8,Moderate rain,11,Aug,speeding bus hit their bike
1762,Dhaka's Cumilla Patti's fire brought under control ,2021-02-21 17:56:41,https://en.prothomalo.com/bangladesh/accident/dhakas-cumilla-pattis-fire-brought-under-control,cumilla patti at maniknagar area,Dhaka,0,0,,fire,Bangladesh,event,road accident,2021-02-21,17:56:41,Feb,2,Clear sky,17,Feb,fire
1764,4 killed in Chittagong road accident,2016-07-22 16:23:54,https://en.prothomalo.com/bangladesh/4-killed-in-Chittagong-road-accident,chittagong-cox’s bazar highway in chunti area of lohagara upazila,Chattogram,4,15,Bus,collision between two buses,Bangladesh,event,road accident,2016-07-22,16:23:54,Jul,7,Light rain,16,Jul,collision between two buses
1768,"Traffic inspector suspended, sergeant withdrawn in Fatikchhari",2022-02-10 22:48:48,https://en.prothomalo.com/bangladesh/local-news/traffic-inspector-suspended-sergeant-withdrawn-in-fatikchari,fatikchhari,,2,0,,escaping police chase,Bangladesh,event,road accident,2022-02-10,22:48:48,Feb,2,,22,Feb,escaping police chase
1769,Will workers continue to die like this?,2023-05-07 18:19:08,,rahima industrial complex limited,Narayanganj,5,0,,"lack of safety regulations and equipment, furnace explosion",Bangladesh,event,road accident,2023-05-07,18:19:08,May,5,Mainly clear,18,May,lack of safety regulations and equipment furnace explosion
1771,4 of a family burn in gas cylinder explosion,2021-04-16 15:47:54,https://en.prothomalo.com/bangladesh/accident/4-of-a-family-burn-in-gas-cylinder-explosion,kaloni village,,0,4,Gas Cylinder,gas cylinder leakage and explosion,Bangladesh,event,road accident,2021-04-16,15:47:54,Apr,4,,15,Apr,gas cylinder leakage and explosion
1773,Two masons found dead in Chattogram,2021-05-24 17:21:06,https://en.prothomalo.com/bangladesh/accident/two-masons-found-dead-in-chattogram,west boroia godarpool,Chattogram,2,0,,"mystery, investigation launched",Bangladesh,event,road accident,2021-05-24,17:21:06,May,5,Moderate rain,17,May,mystery investigation launched
1774,"Imam killed in Rajshahi road crash

",2021-02-02 08:37:39,https://en.prothomalo.com/bangladesh/accident/imam-killed-in-rajshahi-road-crash,shayergacha area,Rajshahi,1,0,Bus,crushed under the wheels of a bus while crossing a road,Bangladesh,event,road accident,2021-02-02,08:37:39,Feb,2,,8,Feb,crushed under the wheels of a bus while crossing a road
1777,'I didn’t jump into the water to be praised' ,2023-06-26 09:14:02,,sandwip channel,Chattogram,0,0,Lifeboat,fell into water due to tide,Bangladesh,event,road accident,2023-06-26,09:14:02,Jun,6,Light rain,9,Jun,fell into water due to tide
1778,"Bangabandhu expressway has many safety lapses: ARI

",2023-04-16 16:57:32,,kutubpur area of madaripur’s shibchar upazila bangabandhu expressway (dhaka-bhanga highway),Madaripur,19,0,,"safety lapses, lack of competent drivers, standard road safety devices, and undisciplined traffic operating conditions",Bangladesh,event,road accident,2023-04-16,16:57:32,Apr,4,Partly cloudy,16,Apr,safety lapses lack of competent drivers standard road safety devices and undisciplined traffic operating conditions
1780,Student deaths on road: When will the govt pay heed,2023-02-06 13:12:48,,sherpur-nalitabari road in nalitabari gollarpar area,Sherpur,5,0,Battery-Operated Autorickshaw,overturned,Bangladesh,event,road accident,2023-02-06,13:12:48,Feb,2,Partly cloudy,13,Feb,overturned
1783,"Electrocution kills 3 in Kishoreganj

",2021-05-29 08:43:07,,"karsha karail union, kishoreganj sadar upazila",Kishoreganj,3,0,Bicycle,electrocution from live wire,Bangladesh,event,road accident,2021-05-29,08:43:07,May,5,Moderate rain,8,May,electrocution from live wire
1787,Another cop dies from bullet 'triggered by own gun' at RAB headquarters  ,2021-09-13 22:26:56,https://en.prothomalo.com/bangladesh/accident/another-cop-dies-from-bullet-triggered-by-own-gun-at-rab-headquarters,main entrance of rapid action battalion (rab) headquarters,Dhaka,1,0,,bullet reportedly triggered by own gun,Bangladesh,event,road accident,2021-09-13,22:26:56,Sep,9,Moderate rain,22,Sep,bullet reportedly triggered by own gun
1788,"Pabna road crash leaves 3 dead

",2021-04-19 10:36:37,https://en.prothomalo.com/bangladesh/accident/pabna-road-crash-leaves-3-dead,chargargari alhaz intersection,Pabna,3,6,Truck,driver lost control,Bangladesh,event,road accident,2021-04-19,10:36:37,Apr,4,Mainly clear,10,Apr,driver lost control
1790,Students’ demand for safe roads goes unheeded,2024-04-25 08:50:05,https://en.prothomalo.com/opinion/op-ed/2g9v2alyty,dhaka,Dhaka,2,0,,road accidents and deaths have increased further due to mismanagement and chaos on the roads.,Bangladesh,event,road accident,2024-04-25,08:50:05,Apr,4,Mainly clear,8,Apr,road accidents and deaths have increased further due to mismanagement and chaos on the roads
1791,Death toll reaches 41,2021-12-26 08:58:56,https://en.prothomalo.com/bangladesh/accident/death-toll-reaches-41,sugandha river off the coast of jhalakathi sadar upazila,Jhalokati,41,0,,fire broke out from the engine room,Bangladesh,event,road accident,2021-12-26,08:58:56,Dec,12,Clear sky,8,Dec,fire broke out from the engine room
1793,Anything can happen with MP Harunur Rashid in JS lobby: Mashiur Rahman Ranga,2022-01-28 13:41:51,https://en.prothomalo.com/bangladesh/parliament/anything-can-happen-with-mp-harunur-rashid-in-js-lobby-mashiur-rahman-ranga,jatiya sangsad (parliament),Dhaka,0,0,,political remarks,Bangladesh,event,road accident,2022-01-28,13:41:51,Jan,1,Partly cloudy,13,Jan,political remarks
1795,Savar fire yet to be doused in 5 hours,2021-08-05 16:41:54,https://en.prothomalo.com/bangladesh/local-news/savar-fire-yet-to-be-doused-in-5-hours,singer electronics warehouse near the dhaka-aricha highway in the rajphulbaria bus stand area,Dhaka,0,0,,fire,Bangladesh,event,road accident,2021-08-05,16:41:54,Aug,8,Light rain,16,Aug,fire
1797,"ASI killed in Cumilla road crash

",2021-08-03 21:21:44,https://en.prothomalo.com/bangladesh/accident/asi-killed-in-cumilla-road-crash,cumilla-sylhet highway,Cumilla,1,0,Motorcycle,collision between two motorcycles,Bangladesh,event,road accident,2021-08-03,21:21:44,Aug,8,Dense rain,21,Aug,collision between two motorcycles
1799,"Coal-laden bulkhead sinks near Mongla port, five missing",2021-11-16 13:36:44,https://en.prothomalo.com/bangladesh/local-news/coal-laden-bulkhead-sinks-near-mongla-port-five-missing,poshur river near mongla port,Bagerhat,0,0,"Bulkhead Ship, Merchant Vessel",collision between vessels,Bangladesh,event,road accident,2021-11-16,13:36:44,Nov,11,Light rain,13,Nov,collision between vessels
1802,"Boat capsizes in Mediterranean, 9 of the missing from Narsingdi",2023-08-13 13:41:38,https://en.prothomalo.com/bangladesh/5uzy56v0w6,mediterranean sea,Narsingdi,9,11,,boat capsized while crossing the mediterranean sea illegally,Bangladesh,event,road accident,2023-08-13,13:41:38,Aug,8,Heavy rain,13,Aug,boat capsized while crossing the mediterranean sea illegally
1807,Separate incidents kill four in city,2021-11-12 16:14:53,https://en.prothomalo.com/bangladesh/city/separate-incidents-kill-four-in-city,namapara area in khilkhet,Dhaka,4,0,,falling from under-construction building,Bangladesh,event,road accident,2021-11-12,16:14:53,Nov,11,Light rain,16,Nov,falling from underconstruction building
1811,2 killed in Chattogram road crash,2021-03-20 20:44:30,https://en.prothomalo.com/bangladesh/accident/2-killed-in-chattogram-road-crash-4,satkania,Chattogram,2,0,Motorbike And Microbus,crash,Bangladesh,event,road accident,2021-03-20,20:44:30,Mar,3,Partly cloudy,20,Mar,crash
1812,2 killed in Chattogram road crash,2021-03-20 20:44:30,https://en.prothomalo.com/bangladesh/accident/2-killed-in-chattogram-road-crash-2,satkania on chattogram-cox's bazar highway,Chattogram,2,0,Motorbike And Microbus,,Bangladesh,event,road accident,2021-03-20,20:44:30,Mar,3,Partly cloudy,20,Mar,
1813,2 killed in Chattogram road crash,2021-03-20 20:44:30,https://en.prothomalo.com/bangladesh/2-killed-in-Chattogram-road-crash-2,satkania,Chattogram,2,0,"Motorbike, Microbus",collision,Bangladesh,event,road accident,2021-03-20,20:44:30,Mar,3,Partly cloudy,20,Mar,collision
1814,"Teen killed in Gazipur road crash

",2021-06-03 15:35:04,https://en.prothomalo.com/bangladesh/accident/teen-killed-in-gazipur-road-crash,dhaka-mymensingh highway,Gazipur,1,2,"Pickup Van, Truck",crash between pickup van and truck,Bangladesh,event,road accident,2021-06-03,15:35:04,Jun,6,Light rain,15,Jun,crash between pickup van and truck
1815,Freight vehicle catches fire on ferry,2021-04-08 12:27:11,https://en.prothomalo.com/bangladesh/accident/freight-vehicle-catches-fire-on-ferry,meghna river on the bhola-lakshmipur water route,Bhola,0,0,"Freight Vehicle, Ferry",fire,Bangladesh,event,road accident,2021-04-08,12:27:11,Apr,4,Rain showers (slight),12,Apr,fire
1818,DU employee dies in road crash,2022-03-20 18:32:29,https://en.prothomalo.com/bangladesh/accident/du-employee-dies-in-road-crash,chanderchar area,Madaripur,1,0,Human Hauler (Nasiman),hit by a bamboo-laden vehicle,Bangladesh,event,road accident,2022-03-20,18:32:29,Mar,3,Clear sky,18,Mar,hit by a bambooladen vehicle
1820,3 reasons behind insufferable traffic jam  in Dhaka during rain,2023-10-07 15:12:05,https://en.prothomalo.com/bangladesh/city/740hvx98xg,dhaka,Dhaka,0,0,Public Transport,waterlogging and ditches on the road due to unplanned drainage system,Bangladesh,event,road accident,2023-10-07,15:12:05,Oct,10,Heavy rain,15,Oct,waterlogging and ditches on the road due to unplanned drainage system
1821,"Truck, auto-rickshaw collision kills 6 in Bagerhat",2021-07-23 11:24:05,https://en.prothomalo.com/bangladesh/accident/truck-auto-rickshaw-collision-kills-6-in-bagerhat,bagerhat-mawa highway in bailtali area,Bagerhat,6,1,"Truck, Auto-Rickshaw",head-on collision,Bangladesh,event,road accident,2021-07-23,11:24:05,Jul,7,Moderate rain,11,Jul,head-on collision
1822,Chattogram road crash kills 3  ,2021-02-05 14:30:57,https://en.prothomalo.com/bangladesh/accident/chattogram-road-crash-kills-3,"bakolia, chattogram city",Chattogram,3,5,"Truck, Cng-Run Auto-Rickshaw",head-on collision,Bangladesh,event,road accident,2021-02-05,14:30:57,Feb,2,Clear sky,14,Feb,head-on collision
1826,Road crash leaves three dead in Sylhet,2021-05-03 17:46:42,https://en.prothomalo.com/bangladesh/accident/road-crash-leaves-three-dead-in-sylhet,darbast bazar in jaintapur upazila on sylhet-tamabil highway,Sylhet,3,0,Truck,driver lost control of the vehicle,Bangladesh,event,road accident,2021-05-03,17:46:42,May,5,Moderate rain,17,May,driver lost control of the vehicle
1827,Chattogram road crash kills 2,2021-03-24 15:58:32,https://en.prothomalo.com/bangladesh/accident/chattogram-road-crash-kills-2,bibirhat bazar,Chattogram,2,2,"Cng-Run Auto-Rickshaw, Truck, Human Hauler",collision,Bangladesh,event,road accident,2021-03-24,15:58:32,Mar,3,Clear sky,15,Mar,collision
1828,Boy goes missing after falling into Ctg drain,2021-12-07 21:31:10,https://en.prothomalo.com/bangladesh/accident/boy-goes-missing-after-falling-into-ctg-drain,sholoshahar,Chattogram,0,1,,falling into a roadside drain,Bangladesh,event,road accident,2021-12-07,21:31:10,Dec,12,Moderate rain,21,Dec,falling into a roadside drain
1829,Truck runs over two in Dhaka ,2021-07-16 11:58:27,https://en.prothomalo.com/bangladesh/accident/truck-runs-over-two-in-dhaka,gulistan,Dhaka,2,0,Truck,truck ran over pedestrians,Bangladesh,event,road accident,2021-07-16,11:58:27,Jul,7,Light rain,11,Jul,truck ran over pedestrians
1830,Titas doesn’t want to take responsibility of blasts from leakages,2023-09-30 09:27:05,,araihazar upazila,Narayanganj,0,0,Gas Pipeline,accumulated gas from pipeline leakage,Bangladesh,event,road accident,2023-09-30,09:27:05,Sep,9,Moderate rain,9,Sep,accumulated gas from pipeline leakage
1832,What did the monitoring authority do,2023-03-06 20:03:30,https://en.prothomalo.com/opinion/editorial/wnx4ph9qjs,seema oxygen plant by the dhaka-chittagong highway in kadamrasul area,Chattogram,6,25,,gas explosion,Bangladesh,event,road accident,2023-03-06,20:03:30,Mar,3,Clear sky,20,Mar,gas explosion
1834,2 killed as truck hits CNG-run auto-rickshaw,2021-06-12 10:23:01,https://en.prothomalo.com/bangladesh/accident/2-killed-as-truck-hits-cng-run-auto-rickshaw,netrokona-mohanganj road,Netrakona,2,2,"Truck, Auto-Rickshaw",truck hit auto-rickshaw,Bangladesh,event,road accident,2021-06-12,10:23:01,Jun,6,,10,Jun,truck hit autorickshaw
1837,3 killed in Mymensingh road accident,2016-06-24 10:48:24,https://en.prothomalo.com/bangladesh/3-killed-in-Mymensingh-road-accident,kuripara,Mymensingh,3,4,Truck And Cng-Run Auto Rickshaw,head-on collision,Bangladesh,event,road accident,2016-06-24,10:48:24,Jun,6,Moderate rain,10,Jun,head-on collision
1838,3 killed in Mymensingh road accident,2016-06-24 10:48:24,https://en.prothomalo.com/bangladesh/3-killed-as-truck-hits-auto-rickshaw-in-M’singh,kuripara,Mymensingh,3,4,Truck And Cng-Run Auto Rickshaw,head-on collision,Bangladesh,event,road accident,2016-06-24,10:48:24,Jun,6,Moderate rain,10,Jun,head-on collision
1852,Policeman apologises to demonstrating students at Farmgate,2021-11-25 19:42:00,https://en.prothomalo.com/bangladesh/city/policeman-apologises-to-demonstrating-students-at-farmgate,farmgate intersection,Dhaka,0,0,Car,protest and road blockage,Bangladesh,event,road accident,2021-11-25,19:42:00,Nov,11,Clear sky,19,Nov,protest and road blockage
1853,"Father, daughter killed in Pabna road crash

",2021-04-02 14:39:31,https://en.prothomalo.com/bangladesh/accident/father-daughter-killed-in-pabna-road-crash,taribaria bazar area of pabna sadar upazila,Pabna,2,1,Bike And Truck,truck hit their bike,Bangladesh,event,road accident,2021-04-02,14:39:31,Apr,4,Precipitation within sight,14,Apr,truck hit their bike
1855,"Man killed in Rangamati road crash

",2021-02-02 08:43:18,https://en.prothomalo.com/bangladesh/accident/man-killed-in-rangamati-road-crash,rangamati sadar,Rangamati,1,0,"Motorcycle, Jeep",head-on collision,Bangladesh,event,road accident,2021-02-02,08:43:18,Feb,2,,8,Feb,head-on collision
1856,Death toll climbs to 44 in launch inferno ,2021-12-28 15:44:05,https://en.prothomalo.com/bangladesh/accident/death-toll-climbs-to-44-in-launch-inferno,sugandha river adjacent to jhalakathi launch terminal,Jhalokati,44,0,,deadly launch fire,Bangladesh,event,road accident,2021-12-28,15:44:05,Dec,12,Partly cloudy,15,Dec,deadly launch fire
1859,"Killer Bus was unfit, without route permit",2022-06-06 20:38:05,https://en.prothomalo.com/bangladesh/accident/killer-bus-was-unfit-without-route-permit,dhaka-aricha highway,Dhaka,4,20,Bus,"operating without route permit, fitness certificate and paying taxes",Bangladesh,event,road accident,2022-06-06,20:38:05,Jun,6,Moderate rain,20,Jun,operating without route permit fitness certificate and paying taxes
1861,Maisha’s death: NSU students stage demo,2022-04-02 19:34:46,https://en.prothomalo.com/bangladesh/accident/maishas-death-nsu-students-stage-demo,khilkhet flyover,Dhaka,1,0,Covered Van,crushed to death by a covered van,Bangladesh,event,road accident,2022-04-02,19:34:46,Apr,4,Light rain,19,Apr,crushed to death by a covered van
1863,"1,100 children killed on roads in 2023: Road Safety Foundation",2024-01-27 10:57:14,https://en.prothomalo.com/bangladesh/accident/fb1tip4hiv,tarakandi village,,1,0,Three-Wheeler,run over by a paddy-laden three-wheeler while playing,Bangladesh,event,road accident,2024-01-27,10:57:14,Jan,1,,10,Jan,run over by a paddyladen threewheeler while playing
1870,2 killed in Sitakunda road crashes,2021-06-28 09:00:21,https://en.prothomalo.com/bangladesh/accident/2-killed-in-sitakunda-road-crashes-2,sitakunda,Chattogram,2,0,Motorcycle,separate road accidents,Bangladesh,event,road accident,2021-06-28,09:00:21,Jun,6,Light rain,9,Jun,separate road accidents
1871,Road crash claims two lives in Brahmanbaria ,2021-05-21 19:00:26,,dhaka-sylhet highway in budhanti union of bijoynagar upazila,Brahmanbaria,2,3,Microbus And Pickup Van,head-on collision,Bangladesh,event,road accident,2021-05-21,19:00:26,May,5,Light rain,19,May,head-on collision
1872,Garbage truck kills city cleaner in Dhaka,2022-01-23 14:42:07,https://en.prothomalo.com/bangladesh/accident/garbage-truck-kills-city-cleaner-in-dhaka,mohakhali,Dhaka,1,0,Refuse Collection Vehicle (Rcv),ran over,Bangladesh,event,road accident,2022-01-23,14:42:07,Jan,1,Light rain,14,Jan,ran over
1873,Two Ansar men killed in Jashore road crash,2021-06-25 22:01:00,,abhaynagar upazila,Jashore,2,0,"Truck, Motorcycle",motorcycle hit a stationed truck,Bangladesh,event,road accident,2021-06-25,22:01:00,Jun,6,Light rain,22,Jun,motorcycle hit a stationed truck
1876,3 killed in Jhenaidah road crash,2021-04-28 20:49:43,,jhenaidah-kushtia highway,Jhenaidah,3,4,,,Bangladesh,event,road accident,2021-04-28,20:49:43,Apr,4,Patches of fog,20,Apr,
1878,"Mother, daughter killed in road accident",2016-06-15 22:20:02,https://en.prothomalo.com/bangladesh/Mother-daughter-killed-in-road-accident-2,kanchpur crossing,Narayanganj,2,0,Tank Lorry,ran over them,Bangladesh,event,road accident,2016-06-15,22:20:02,Jun,6,Moderate rain,22,Jun,ran over them
1879,"Mother, daughter killed in road accident",2016-06-15 22:20:02,https://en.prothomalo.com/bangladesh/Mother-daughter-killed-in-road-accident,kanchpur crossing,Narsingdi,2,0,Tank Lorry,ran over,Bangladesh,event,road accident,2016-06-15,22:20:02,Jun,6,Light rain,22,Jun,ran over
1883,3 die as truck hits bike in Brahmanbaria,2021-02-19 16:03:09,,paniarup area of kashba upazila,Brahmanbaria,3,0,Truck And Bike,speeding truck hit the bike,Bangladesh,event,road accident,2021-02-19,16:03:09,Feb,2,Partly cloudy,16,Feb,speeding truck hit the bike
1886,Gutsy woman in Uttara and the government's Operation Devil Hunt,2025-02-20 16:18:43,,uttara,Dhaka,0,2,"Motorbike, Rickshaw","motorbike ramming into a rickshaw, followed by assault",Bangladesh,event,road accident,2025-02-20,16:18:43,Feb,2,Partly cloudy,16,Feb,motorbike ramming into a rickshaw followed by assault
1890,"PM Hasina opens underpass near Ramiz Uddin College, 3 other projects",2022-01-12 12:21:27,https://en.prothomalo.com/bangladesh/government/pm-hasina-opens-underpass-near-ramiz-uddin-college-3-other-projects,dhaka airport road,Dhaka,0,0,,,Bangladesh,event,road accident,2022-01-12,12:21:27,Jan,1,Moderate rain,12,Jan,
1893,Driver Raju was carrying 13.5 tons on 7-ton truck,2022-07-19 18:42:31,https://en.prothomalo.com/bangladesh/crime-and-law/k5nzfxk2st,trishal,Mymensingh,3,0,Truck,overloaded truck lost balance and drove into pedestrians,Bangladesh,event,road accident,2022-07-19,18:42:31,Jul,7,Moderate rain,18,Jul,overloaded truck lost balance and drove into pedestrians
1895,Two workers die from electrocution in Dhaka ,2021-07-26 21:29:47,https://en.prothomalo.com/bangladesh/accident/two-workers-die-from-electrocution-in-dhaka,munshikhola kutubpur area,Dhaka,1,0,Factory Motor,electrocution,Bangladesh,event,road accident,2021-07-26,21:29:47,Jul,7,Light rain,21,Jul,electrocution
1898,Padma Bridge loan repayment starts with Tk 3.17b given to govt,2023-04-05 19:40:36,https://en.prothomalo.com/bangladesh/xob1nb1jx7,ganabhaban,Dhaka,0,0,,,Bangladesh,event,road accident,2023-04-05,19:40:36,Apr,4,Light rain,19,Apr,
1902,6 killed as truck hits stationed bus in Tangail,2020-12-04 10:12:15,https://en.prothomalo.com/bangladesh/accident/6-killed-as-truck-hits-stationed-bus-in-tangail,dhaka-tangail highway in mirzapur,Tangail,6,0,Truck And Bus,truck hit a stationed bus from behind,Bangladesh,event,road accident,2020-12-04,10:12:15,Dec,12,Mainly clear,10,Dec,truck hit a stationed bus from behind
1903,Three die as baily bridge collapses in Rangamati,2021-01-12 11:03:35,https://en.prothomalo.com/bangladesh/accident/three-die-as-baily-bridge-collapses-in-rangamati,naniarchar and sadar upazila,Rangamati,3,0,Truck,baily bridge collapsed,Bangladesh,event,road accident,2021-01-12,11:03:35,Jan,1,,11,Jan,baily bridge collapsed
1904,Four killed in separate road crashes in Dinajpur and Magura,2022-05-16 14:56:51,https://en.prothomalo.com/bangladesh/accident/three-killed-in-dinajpur-road-crash,mangalpur area,Dinajpur,3,0,"Truck, Motorcycle",truck hit motorbike,Bangladesh,event,road accident,2022-05-16,14:56:51,May,5,Light rain,14,May,truck hit motorbike
1907,Two electrocuted on waterlogged Dhaka road,2021-06-01 22:20:03,https://en.prothomalo.com/bangladesh/accident/two-electrocuted-on-waterlogged-dhaka-road,road no-21 of uttara sector-10,Dhaka,2,0,,electrocution due to waterlogging,Bangladesh,event,road accident,2021-06-01,22:20:03,Jun,6,Moderate rain,22,Jun,electrocution due to waterlogging
1908,3 children killed under mud pile,2021-03-20 11:15:40,https://en.prothomalo.com/bangladesh/local-news/3-children-killed-under-mud-pile,kishamat village,Gaibandha,3,0,,collapse of piled soil,Bangladesh,event,road accident,2021-03-20,11:15:40,Mar,3,Partly cloudy,11,Mar,collapse of piled soil
1910,"Rajshahi road crash leaves 2 dead

",2021-04-05 12:20:55,https://en.prothomalo.com/bangladesh/accident/rajshahi-road-crash-leaves-2-dead,rajshahi-dhaka highway at jewpara borosenbagh,Rajshahi,2,0,"Truck, Van",truck hit a van,Bangladesh,event,road accident,2021-04-05,12:20:55,Apr,4,,12,Apr,truck hit a van
1915,"Bus-truck collision leaves one dead, 7 injured in Sylhet

",2021-03-16 15:22:00,https://en.prothomalo.com/bangladesh/accident/bus-truck-collision-leaves-one-dead-7-injured-in-sylhet,osmaninagar upazila,Sylhet,1,7,"Bus, Truck",collision between a bus and a truck,Bangladesh,event,road accident,2021-03-16,15:22:00,Mar,3,Clear sky,15,Mar,collision between a bus and a truck
1921,"Explosion at Siddique Bazar: Factory, market, residence everything unsafe",2023-03-09 16:44:58,https://en.prothomalo.com/opinion/editorial/nb3sz0zwb0,siddique bazar near gulistan,Dhaka,21,100,,explosion at a building,Bangladesh,event,road accident,2023-03-09,16:44:58,Mar,3,Partly cloudy,16,Mar,explosion at a building
1930,ASI killed in Bhola road crash,2021-05-02 20:39:28,,kunjerhat area,Bhola,1,0,Motorcycle,investigation of a complaint,Bangladesh,event,road accident,2021-05-02,20:39:28,May,5,Light rain,20,May,investigation of a complaint
1933,"Three killed in Faridpur road crash

",2021-01-20 15:07:35,https://en.prothomalo.com/bangladesh/accident/three-killed-in-faridpur-road-crash,dhaka-khulna highway in bhanga upazila,Faridpur,3,25,Bus,lost control and overturned,Bangladesh,event,road accident,2021-01-20,15:07:35,Jan,1,Light rain,15,Jan,lost control and overturned
1935,No one kept scissors inside Monira's stomach during surgery: report ,2021-12-21 16:19:51,https://en.prothomalo.com/bangladesh/local-news/no-one-kept-scissors-inside-moniras-stomach-during-surgery-report,bangabandhu sheikh mujib medical college and hospital,Faridpur,0,0,,medical negligence,Bangladesh,event,road accident,2021-12-21,16:19:51,Dec,12,rain,16,Dec,medical negligence
1936,Child killed in Satkhira road crash,2021-05-10 10:17:34,https://en.prothomalo.com/bangladesh/accident/child-killed-in-satkhira-road-crash,"joliler mor area, burigoalini union",Satkhira,1,0,Motor Run Van,hit by motor run van while playing,Bangladesh,event,road accident,2021-05-10,10:17:34,May,5,Light rain,10,May,hit by motor run van while playing
1937,Road crash kills three in Bhola,2021-05-27 22:07:15,https://en.prothomalo.com/bangladesh/accident/road-crash-kills-three-in-bhola,ginger haat area on the bhola-charfashion road,Bhola,3,5,Passenger Bus And Auto-Rickshaw,head-on collision,Bangladesh,event,road accident,2021-05-27,22:07:15,May,5,Moderate rain,22,May,head-on collision
1938,"Bus races, where lives are lost",2024-10-13 16:47:59,https://en.prothomalo.com/opinion/op-ed/5l1t0dtpg7,pragati sarani,Dhaka,1,1,Public Bus,recklessness and racing between buses,Bangladesh,event,road accident,2024-10-13,16:47:59,Oct,10,Clear sky,16,Oct,recklessness and racing between buses
1940,"Extra caution required on roads,  waterways",2023-06-25 15:33:49,https://en.prothomalo.com/opinion/editorial/2je52nw4sq,"dhaka, narayanganj, gazipur, chattogram",Dhaka,0,0,,increased travel during eid,Bangladesh,event,road accident,2023-06-25,15:33:49,Jun,6,Light rain,15,Jun,increased travel during eid
1942,Ten people put on remand,2022-08-19 21:46:31,https://en.prothomalo.com/bangladesh/city/b5q3qhlc5f,"uttara, dhaka",Dhaka,5,0,"Private Car, Girder",girder of brt project fell on a private car,Bangladesh,event,road accident,2022-08-19,21:46:31,Aug,8,Moderate rain,21,Aug,girder of brt project fell on a private car
1952,Three injured after being hit by girder of under-construction bridge,2021-06-26 15:49:12,https://en.prothomalo.com/bangladesh/local-news/three-injured-after-being-hit-by-girder-of-under-construction-bridge,patiya upazila over the sikalbaha canal,Chattogram,0,3,Girder Of An Under-Construction Bridge,girder falling,Bangladesh,event,road accident,2021-06-26,15:49:12,Jun,6,Moderate rain,15,Jun,girder falling
1955,"2 killed, 10 injured in Satkhira road crash",2021-04-17 18:55:05,,subhashini area of tala upazila,Satkhira,2,10,Pick-Up Van,head-on collision,Bangladesh,event,road accident,2021-04-17,18:55:05,Apr,4,Light rain,18,Apr,head-on collision
1956,"Owners ignore regulations, RAJUK is an infirm institution",2024-03-03 13:48:17,https://en.prothomalo.com/opinion/interview/3zl8ryqdqt,bailey road,Dhaka,46,0,Building,fire,Bangladesh,event,road accident,2024-03-03,13:48:17,Mar,3,Partly cloudy,13,Mar,fire
1959,Two die as tractor overturns in Panchagarh,2021-03-12 14:03:20,,kamlapur area,Panchagarh,2,1,Tractor,overturned,Bangladesh,event,road accident,2021-03-12,14:03:20,Mar,3,,14,Mar,overturned
1962,Ferry master arrested for colliding with Padma bridge pillar ,2021-07-24 17:03:27,https://en.prothomalo.com/bangladesh/accident/ferry-master-arrested-for-colliding-with-padma-bridge-pillar,padma bridge,Madaripur,0,0,Ro-Ro Ferry,collision with a pillar of the under-construction padma bridge,Bangladesh,event,road accident,2021-07-24,17:03:27,Jul,7,Heavy rain,17,Jul,collision with a pillar of the underconstruction padma bridge
1963,Buses torched in Rampura after SSC examinee run over,2021-11-30 10:03:45,https://en.prothomalo.com/bangladesh/accident/buses-torched-in-rampura-after-ssc-examinee-run-over,rampura bazar area near better life hospital,Dhaka,1,0,Bus,run over,Bangladesh,event,road accident,2021-11-30,10:03:45,Nov,11,Partly cloudy,10,Nov,run over
1964,"3 luxury launches fined Tk 85,000 in Barishal",2021-12-31 09:34:23,https://en.prothomalo.com/bangladesh/3-luxury-launches-fined-tk-85000-in-barishal,barishal river port,Barishal,0,0,,failure to have required safety equipment in engine rooms and not following rules for safe journey,Bangladesh,event,road accident,2021-12-31,09:34:23,Dec,12,Clear sky,9,Dec,failure to have required safety equipment in engine rooms and not following rules for safe journey
1967,"3 dead in Chapainawabganj road crash

",2021-05-15 14:36:41,https://en.prothomalo.com/bangladesh/accident/3-dead-in-chapainawabganj-road-crash,dhansuramor,Nawabganj,3,7,Truck And Electric Rickshaw,head-on collision,Bangladesh,event,road accident,2021-05-15,14:36:41,May,5,Dust in suspension,14,May,head-on collision
1968,"1 killed in Sylhet road crash

",2021-04-28 08:22:53,,sylhet-zakiganj road in chowghari area,Sylhet,1,0,"Truck, Auto-Rickshaw",collision between truck and auto-rickshaw,Bangladesh,event,road accident,2021-04-28,08:22:53,Apr,4,Light rain,8,Apr,collision between truck and autorickshaw
1971,"‘Enforcement of law, awareness needed to ensure motorbike riders wear standard helmets’",2023-05-21 20:19:06,https://en.prothomalo.com/bangladesh/c4j0a91glh,dhaka city,Dhaka,0,0,Motorcycle,use of substandard helmets,Bangladesh,event,road accident,2023-05-21,20:19:06,May,5,Heavy rain,20,May,use of substandard helmets
1972,Notre Dame College student’s death: DSCC driver arrested,2021-11-26 18:45:50,https://en.prothomalo.com/bangladesh/crime-and-law/notre-dame-college-students-death-dscc-driver-arrested,"jatrabari area, dhaka",Dhaka,1,0,Garbage Truck,"not specified, but related to the death of a student",Bangladesh,event,road accident,2021-11-26,18:45:50,Nov,11,Clear sky,18,Nov,not specified but related to the death of a student
1981,Sirajganj road crash kills 3 auto-rickshaw passengers,2021-03-19 12:51:17,https://en.prothomalo.com/bangladesh/accident/sirajganj-road-crash-kills-3-auto-rickshaw-passengers,bogura-nagarbari road in dwariapur area,Sirajganj,3,0,"Truck, Auto-Rickshaw",truck hit the cng-run auto-rickshaw,Bangladesh,event,road accident,2021-03-19,12:51:17,Mar,3,Partly cloudy,12,Mar,truck hit the cngrun autorickshaw
1983,Fraudulence to get July Foundation donation,2025-03-12 21:52:08,,keraniganj,Dhaka,0,2,,forgery of medical documents for government donation,Bangladesh,event,road accident,2025-03-12,21:52:08,Mar,3,Clear sky,21,Mar,forgery of medical documents for government donation
1985,"Driver detained, 8 deceased identified",2021-05-03 17:14:32,,kathalbari ghat,Madaripur,26,1,Speedboat And Bulk Carrier,collision between speedboat and bulk carrier,Bangladesh,event,road accident,2021-05-03,17:14:32,May,5,Heavy rain,17,May,collision between speedboat and bulk carrier
1986,Teenager killed by fellow teen workers for alleged theft,2021-10-19 10:14:18,https://en.prothomalo.com/bangladesh/crime-and-law/teenager-killed-by-fellow-teen-workers-for-alleged-theft,savar,Dhaka,1,0,Bus,assaulted by fellow workers,Bangladesh,event,road accident,2021-10-19,10:14:18,Oct,10,Moderate rain,10,Oct,assaulted by fellow workers
1988,Lightning causes 3 deaths in Dhaka,2021-06-05 19:53:30,,malibagh,Dhaka,3,0,,,Bangladesh,event,road accident,2021-06-05,19:53:30,Jun,6,Heavy rain,19,Jun,
1993,Death toll in Shitalakkhya launch capsize rises to six,2022-03-20 22:59:44,https://en.prothomalo.com/bangladesh/accident/death-toll-in-shitalakkhya-launch-capsize-rises-to-six,shitalakkhya river,Narayanganj,6,0,Launch And Cargo Vessel,collision between launch and cargo vessel,Bangladesh,event,road accident,2022-03-20,22:59:44,Mar,3,Not used,22,Mar,collision between launch and cargo vessel
1994,Three killed in Faridpur road crash,2021-03-04 09:28:17,https://en.prothomalo.com/bangladesh/accident/three-killed-in-faridpur-road-crash-2,dhaka-khulna highway at kalai intersection of bhanga upazila,Faridpur,3,1,"Bus, Microbus",bus hit a microbus,Bangladesh,event,road accident,2021-03-04,09:28:17,Mar,3,Clear sky,9,Mar,bus hit a microbus
2000,"Dense fog disrupts ferry services on Paturia-Daulatdia route

",2021-01-22 10:53:57,,paturia-daulatdia route,Manikganj,0,0,,poor visibility,Bangladesh,event,road accident,2021-01-22,10:53:57,Jan,1,Clear sky,10,Jan,poor visibility
2003,"Man killed in city road crash

",2021-02-08 22:47:12,,airport area of dhaka-mymensingh highway,Dhaka,1,1,Motorcycle,lost control over motorcycle,Bangladesh,event,road accident,2021-02-08,22:47:12,Feb,2,Clear sky,22,Feb,lost control over motorcycle
2007,Students take to the streets again in Rampura,2021-12-03 13:56:03,https://en.prothomalo.com/bangladesh/city/students-take-to-the-streets-against-in-rampura,rampura bridge,Dhaka,0,0,,road safety protest,Bangladesh,event,road accident,2021-12-03,13:56:03,Dec,12,Partly cloudy,13,Dec,road safety protest
2009,Two polling officers die in Thakurgaon road accident,2016-05-28 11:55:07,https://en.prothomalo.com/bangladesh/Two-polling-officers-die-in-Thakurgaon-road,thakurgaon sadar upazila,Thakurgaon,2,0,"Bus, Motorcycle",bus rammed motorcycle,Bangladesh,event,road accident,2016-05-28,11:55:07,May,5,Moderate rain,11,May,bus rammed motorcycle
2010,None liable for failure and public sufferings!,2022-10-30 16:36:30,https://en.prothomalo.com/opinion/editorial/h0h3yeojq6,hazrat shahjalal international airport to joydevpur in gazipur,Gazipur,0,0,Bus Rapid Transit (Brt),"project delays and cost overruns, not a specific accident",Bangladesh,event,road accident,2022-10-30,16:36:30,Oct,10,Clear sky,16,Oct,project delays and cost overruns not a specific accident
2011,"Husband, wife among three killed in road crash",2021-05-20 13:10:14,https://en.prothomalo.com/bangladesh/accident/husband-wife-among-three-killed-in-road-crash,dhaka-sylhet highway in bijaynagar upazila,Brahmanbaria,3,4,"Private Car, Parked Truck",driver lost control of the speeding vehicle and hit a parked truck,Bangladesh,event,road accident,2021-05-20,13:10:14,May,5,Partly cloudy,13,May,driver lost control of the speeding vehicle and hit a parked truck
2014,"Two killed in separate road crashes in Lakshmipur

",2021-02-01 08:50:07,https://en.prothomalo.com/bangladesh/accident/two-killed-in-separate-road-crashes-in-lakshmipur,lakshmipur-dhaka highway and chandpur road in raipur,Lakshmipur,2,5,"Pickup Van, Bicycle, Truck, Cng-Run Auto-Rickshaw",collision between vehicles,Bangladesh,event,road accident,2021-02-01,08:50:07,Feb,2,Clear sky,8,Feb,collision between vehicles
2015,Dhaka gas pipeline explosion burns seven,2021-08-26 10:41:05,https://en.prothomalo.com/bangladesh/accident/dhaka-gas-pipeline-explosion-burns-seven,mirpur-11 building,Dhaka,0,7,Gas Pipeline,gas pipeline explosion,Bangladesh,event,road accident,2021-08-26,10:41:05,Aug,8,Moderate rain,10,Aug,gas pipeline explosion
2017,AC explosion at Gulshan UAE visa centre leaves one dead ,2021-01-13 16:56:53,https://en.prothomalo.com/bangladesh/ac-explosion-at-gulshan-uae-visa-centre-leaves-one-dead,uae visa processing centre,Dhaka,1,7,Ac,ac exploded during repairing work,Bangladesh,event,road accident,2021-01-13,16:56:53,Jan,1,Mainly clear,16,Jan,ac exploded during repairing work
2021,BRT project: Bus operations begin with work pending,2024-12-11 13:04:01,https://en.prothomalo.com/bangladesh/kwfz9eyplq,gazipur to hazrat shahjalal international airport,Dhaka,0,0,Bus,incomplete construction works,Bangladesh,event,road accident,2024-12-11,13:04:01,Dec,12,Partly cloudy,13,Dec,incomplete construction works
2023,"2 killed in Satkhira road crash

",2021-01-10 14:57:31,https://en.prothomalo.com/bangladesh/accident/2-killed-in-satkhira-road-crash-2,satkhira-khulna highway at bhairabnagar in tala upazila,Satkhira,2,3,Bus,plunged into a road side ditch,Bangladesh,event,road accident,2021-01-10,14:57:31,Jan,1,Mainly clear,14,Jan,plunged into a road side ditch
2024,"2 killed in Satkhira road crash

",2021-01-10 14:57:31,https://en.prothomalo.com/bangladesh/accident/2-killed-in-satkhira-road-crash,satkhira-khulna highway at bhairabnagar,Satkhira,2,3,Bus,plunged into a road side ditch,Bangladesh,event,road accident,2021-01-10,14:57:31,Jan,1,Mainly clear,14,Jan,plunged into a road side ditch
2027,3 pedestrians die in Narayanganj road mishap,2021-02-05 21:38:02,https://en.prothomalo.com/bangladesh/accident/3-pedestrians-die-in-narayanganj-road-mishap,kanchpur bus stand area,Narayanganj,3,0,Bus,bus crushed pedestrians,Bangladesh,event,road accident,2021-02-05,21:38:02,Feb,2,Clear sky,21,Feb,bus crushed pedestrians
2028,"Over 600,000 illegal vehicles plying on the roads",2024-04-18 22:45:28,https://en.prothomalo.com/bangladesh/accident/0vvjgccz5l,"gabkhan bridge, jhalakathi",Jhalokati,14,0,"Cement-Laden Truck, Easybike, Private Car, Small Truck, Bus","truck ramming vehicles in queue, bus colliding with truck carrying passengers illegally",Bangladesh,event,road accident,2024-04-18,22:45:28,Apr,4,Light rain,22,Apr,truck ramming vehicles in queue bus colliding with truck carrying passengers illegally
2030,Truck claims life of Khulna college teacher,2021-02-05 15:41:47,https://en.prothomalo.com/bangladesh/accident/truck-claims-life-of-khulna-college-teacher,zero point area of khulna city,Khulna,1,0,Truck,speedy truck hit the victim while he was walking,Bangladesh,event,road accident,2021-02-05,15:41:47,Feb,2,Clear sky,15,Feb,speedy truck hit the victim while he was walking
2031,"Jatrabari road crash: 60-year-old man killed

",2021-02-05 08:39:14,https://en.prothomalo.com/bangladesh/accident/jatrabari-road-crash-60-year-old-man-killed,jatrabari,Dhaka,1,0,Bus,bus hit pedestrian,Bangladesh,event,road accident,2021-02-05,08:39:14,Feb,2,Clear sky,8,Feb,bus hit pedestrian
2034,"Like failures, successes also there in containing anarchy on road: Ministry",2023-03-23 21:13:57,https://en.prothomalo.com/bangladesh/cnr2i6yxbl,road,Dhaka,0,0,"Pedestrians, Transport Owners, Bike Riders",lack of cautious movement of commuters,Bangladesh,event,road accident,2023-03-23,21:13:57,Mar,3,Light rain,21,Mar,lack of cautious movement of commuters
2036,"3 killed in separate road crashes in Dhaka, Jashore",2021-12-19 08:38:44,https://en.prothomalo.com/bangladesh/accident/3-killed-in-separate-road-crashes-in-dhaka-jashore,gulshan area,Dhaka,3,6,Bus,hit by a bus,Bangladesh,event,road accident,2021-12-19,08:38:44,Dec,12,Clear sky,8,Dec,hit by a bus
2037,"Body of missing microbus driver recovered in Daulatdia

",2021-05-13 21:25:26,https://en.prothomalo.com/bangladesh/accident/body-of-missing-microbus-driver-recovered-in-daulatdia,daulatdia ghat,Rajbari,1,0,Microbus,wire of a pontoon snapped amid a sudden nor'wester causing the vehicle to fall into the river,Bangladesh,event,road accident,2021-05-13,21:25:26,May,5,Heavy rain,21,May,wire of a pontoon snapped amid a sudden norwester causing the vehicle to fall into the river
2038,Five homegoers die in stampede ,2021-05-12 16:04:06,https://en.prothomalo.com/bangladesh/accident/five-homegoers-die-in-stampede,bangla bazar,Madaripur,5,0,,stampede while getting down from ferry,Bangladesh,event,road accident,2021-05-12,16:04:06,May,5,Moderate rain,16,May,stampede while getting down from ferry
2039,"Five buses torched in Dhaka, Narayanganj",2023-11-13 09:26:15,https://en.prothomalo.com/bangladesh/politics/9bn68vum0w,"dhaka, sutrapur, mirpur, tejgaon, sylhet, bagura",Dhaka,0,0,Bus,political unrest/blockade,Bangladesh,event,road accident,2023-11-13,09:26:15,Nov,11,Partly cloudy,9,Nov,political unrestblockade
2041,Digital security flaws exposed,2023-07-11 08:01:00,https://en.prothomalo.com/opinion/9ph9qj9xe4,bangladeshi government website,Dhaka,0,0,Website,data leak,Bangladesh,event,road accident,2023-07-11,08:01:00,Jul,7,Light rain,8,Jul,data leak
2044,Road crash kills 1 in Natore,2021-02-09 14:48:10,https://en.prothomalo.com/bangladesh/accident/road-crash-kills-1-in-natore,gunaihati,Natore,1,1,"Truck, Microbus",truck hit microbus,Bangladesh,event,road accident,2021-02-09,14:48:10,Feb,2,Clear sky,14,Feb,truck hit microbus
2045,Policeman hit by car in Gulshan dies,2021-07-12 09:05:40,https://en.prothomalo.com/bangladesh/accident/policeman-hit-by-car-in-gulshan-dies,dhaka hospital,Dhaka,1,0,Car,speeding car hit policeman at check-post,Bangladesh,event,road accident,2021-07-12,09:05:40,Jul,7,Moderate rain,9,Jul,speeding car hit policeman at checkpost
2046,University teacher among five killed in road crashes,2021-10-14 12:41:13,https://en.prothomalo.com/bangladesh/accident/university-teacher-among-five-killed-in-road-crashes,pirojpur-gopalganj regional highway near kabirajbari in nazirpur upazila,Pirojpur,2,0,"Bus, Battery-Run Auto-Rickshaw",bus hit auto-rickshaw,Bangladesh,event,road accident,2021-10-14,12:41:13,Oct,10,Moderate rain,12,Oct,bus hit autorickshaw
2047,Gas cylinder blast burns 6 of family,2021-07-09 13:49:32,https://en.prothomalo.com/bangladesh/local-news/gas-cylinder-blast-burns-6-of-family,satkania upazila,Chattogram,0,6,Gas Cylinder,cooking gas cylinder blast,Bangladesh,event,road accident,2021-07-09,13:49:32,Jul,7,Light rain,13,Jul,cooking gas cylinder blast
2048,RMG worker goes missing in Sitalakkhya,2021-01-18 15:59:26,https://en.prothomalo.com/bangladesh/rmg-worker-goes-missing-in-sitalakkhya,nabiganj kheyaghat in sitalakkhya river,Narayanganj,0,0,"Boat, Trawler",apprehending possible crash,Bangladesh,event,road accident,2021-01-18,15:59:26,Jan,1,Partly cloudy,15,Jan,apprehending possible crash
2049,4 killed in Nawabganj road crash,2021-04-04 15:21:55,https://en.prothomalo.com/bangladesh/accident/4-killed-in-nawabganj-road-crash,dhaka-nawabganj road near tulshikhani bridge,Dhaka,4,0,"Auto-Rickshaw, Covered Van",covered van hit auto-rickshaw from behind,Bangladesh,event,road accident,2021-04-04,15:21:55,Apr,4,Partly cloudy,15,Apr,covered van hit autorickshaw from behind
2051,Coal-laden vessel sinks in Pashur river near Sundarbans,2021-02-28 18:29:13,https://en.prothomalo.com/bangladesh/accident/coal-laden-vessel-sinks-in-pashur-river-near-sundarbans,pashur river at ismailer char near the sundarbans,Bagerhat,0,0,Cargo Vessel,crack at the bottom of the vessel,Bangladesh,event,road accident,2021-02-28,18:29:13,Feb,2,Smoke,18,Feb,crack at the bottom of the vessel
2058,Infant now at Chhottomoni Nibas ,2022-07-30 22:57:43,,dhaka-mymensingh highway at trishal,Mymensingh,3,1,Truck,"truck ran over father, mother and sister",Bangladesh,event,road accident,2022-07-30,22:57:43,Jul,7,Heavy rain,22,Jul,truck ran over father mother and sister
2060,"Seven killed as human hauler overturns

",2020-11-19 09:27:00,https://en.prothomalo.com/bangladesh/accident/seven-killed-as-human-hauler-overturns,barikbazar area,Nawabganj,7,5,Human Hauler,driver lost control and the hauler overturned,Bangladesh,event,road accident,2020-11-19,09:27:00,Nov,11,Partly cloudy,9,Nov,driver lost control and the hauler overturned
2061,Worker burned to death in Gazipur fire ,2021-03-06 15:43:57,,"sreepur, gazipur district",Gazipur,1,7,Not Applicable,fire at a chemical godown,Bangladesh,event,road accident,2021-03-06,15:43:57,Mar,3,Rain showers (slight),15,Mar,fire at a chemical godown
2063,Two pedestrians killed in Munshiganj road crash,2021-01-29 14:33:42,https://en.prothomalo.com/bangladesh/accident/two-pedestrians-killed-in-munshiganj-road-crash,jamaldi bus stand,Munshiganj,2,0,,,Bangladesh,event,road accident,2021-01-29,14:33:42,Jan,1,Partly cloudy,14,Jan,
2068,4 killed in Chattogram road crash,2021-03-26 08:51:10,,chattogram-kaptai road,Chattogram,4,3,"Auto-Rickshaw, Truck",collision between two auto-rickshaws and a truck,Bangladesh,event,road accident,2021-03-26,08:51:10,Mar,3,Squalls,8,Mar,collision between two autorickshaws and a truck
2072,"Five killed in Moghbazar blast, 10 critically injured  ",2021-06-27 21:37:01,https://en.prothomalo.com/bangladesh/accident/five-killed-in-moghbazar-blast,moghbazar wireless gate area,Dhaka,5,48,,blast,Bangladesh,event,road accident,2021-06-27,21:37:01,Jun,6,Dense rain,21,Jun,blast
2073,Three succumb to burn injuries so far ,2021-08-27 16:59:26,https://en.prothomalo.com/bangladesh/accident/three-succumb-to-burn-injuries-so-far,mirpur-11,Dhaka,3,0,Building,gas line explosion,Bangladesh,event,road accident,2021-08-27,16:59:26,Aug,8,Moderate rain,16,Aug,gas line explosion
2079,"4 missing after boat capsizes in Patuakhali

",2020-10-22 22:35:07,https://en.prothomalo.com/bangladesh/accident/4-missing-after-boat-capsizes-in-patuakhali,agunmukha river,Patuakhali,0,13,Speedboat,capsized,Bangladesh,event,road accident,2020-10-22,22:35:07,Oct,10,Heavy rain,22,Oct,unknown
2081,Garment worker burned to death in Savar fire,2021-03-13 17:59:13,,"nagarchar, rajphulbaria, savar",Dhaka,1,0,,fire,Bangladesh,event,road accident,2021-03-13,17:59:13,Mar,3,Partly cloudy,17,Mar,fire
2082,Three killed as microbus crashed into covered van,2021-05-19 10:59:48,,pakulya bus stand area in jamurki union,Tangail,3,1,"Microbus, Covered Van",microbus crashed into a stationed covered van,Bangladesh,event,road accident,2021-05-19,10:59:48,May,5,Heavy rain,10,May,microbus crashed into a stationed covered van
2083,"Ageing, dilapidated bailey bridges turn death traps in hilly Khagrachhari roads",2021-11-23 16:54:28,https://en.prothomalo.com/bangladesh/local-news/ageing-dilapidated-bailey-bridges-turn-death-traps-in-hilly-khagrachhari-roads,khagrachhari,Khagrachhari,0,0,25-Tonne Trucks,overloading of trucks exceeding the bridge's weight capacity,Bangladesh,event,road accident,2021-11-23,16:54:28,Nov,11,Clear sky,16,Nov,overloading of trucks exceeding the bridges weight capacity
2086,Child drowning rate doubled in three years,2023-05-26 18:36:04,,near their house,Patuakhali,3,0,Auto-Rickshaw Driver,drowning,Bangladesh,event,road accident,2023-05-26,18:36:04,May,5,Moderate rain,18,May,drowning
2091,"Head-on collision between truck, ambulance kills 5",2020-11-03 16:52:09,https://en.prothomalo.com/bangladesh/accident/head-on-collision-between-truck-ambulance-kills-5,"kushtia-jhenaidah highway, lakshmipur area",Kushtia,5,0,Truck And Ambulance,head-on collision,Bangladesh,event,road accident,2020-11-03,16:52:09,Nov,11,Light rain,16,Nov,head-on collision
2092,"3 killed in Chandpur road crash

",2020-11-03 08:30:03,https://en.prothomalo.com/bangladesh/accident/3-killed-in-chandpur-road-crash,faridganj upazila,Chandpur,3,0,"Cng-Run Auto-Rickshaw, Motorcycle",head-on collision between auto-rickshaw and motorcycle,Bangladesh,event,road accident,2020-11-03,08:30:03,Nov,11,Moderate rain,8,Nov,headon collision between autorickshaw and motorcycle
2093,"Barguna road crash kills two Chinese, Bangladeshi interpreter
",2021-08-16 19:05:09,https://en.prothomalo.com/bangladesh/accident/barguna-road-crash-kills-two-chinese-bangladeshi-interpreter,kewabunia near brickfield on the amtali-patuakhali highway,Barguna,3,1,Microbus,plunged into a ditch,Bangladesh,event,road accident,2021-08-16,19:05:09,Aug,8,Light rain,19,Aug,plunged into a ditch
2097,Newly-elected UP member killed in road accident,2016-04-25 20:28:12,https://en.prothomalo.com/bangladesh/Newly-elected-UP-member-killed-in-road-accident,dhulauri village,,1,0,Truck,speeding truck dashed victim,Bangladesh,event,road accident,2016-04-25,20:28:12,Apr,4,,20,Apr,speeding truck dashed victim
2098,Lakshmipur road crash kills 2,2020-10-31 14:04:14,https://en.prothomalo.com/bangladesh/accident/lakshmipur-road-crash-kills-2,birahimpur village,Lakshmipur,2,2,"Auto-Rickshaw, Motorcycle",head-on collision,Bangladesh,event,road accident,2020-10-31,14:04:14,Oct,10,Heavy rain,14,Oct,head-on collision
2099,Lakshmipur road crash kills 2,2020-10-31 14:04:14,https://en.prothomalo.com/bangladesh/Lakshmipur-road-crash-kills-2,birahimpur village,Lakshmipur,2,2,"Auto-Rickshaw, Motorcycle",head-on collision,Bangladesh,event,road accident,2020-10-31,14:04:14,Oct,10,Heavy rain,14,Oct,head-on collision
2100,"Four killed in road crashes in Kushtia, Lakshmipur

",2020-11-18 09:57:53,https://en.prothomalo.com/bangladesh/accident/four-killed-in-road-crashes-in-kushtia-lakshmipur,bheramara power house area and sadarghat area of chandraganj,Kushtia,4,0,"Covered Van, Motorcycle, Bus, Cng-Run Auto-Rickshaw",collision between vehicles,Bangladesh,event,road accident,2020-11-18,09:57:53,Nov,11,Mainly clear,9,Nov,collision between vehicles
2101,"Couple burned to death in Pirojpur fire

",2021-02-14 15:25:07,https://en.prothomalo.com/bangladesh/accident/couple-burned-to-death-in-pirojpur-fire,"college road, nalbunia village",Pirojpur,2,0,,fire,Bangladesh,event,road accident,2021-02-14,15:25:07,Feb,2,Partly cloudy,15,Feb,fire
2102,5 killed in N'ganj road accidents,2016-04-23 17:09:25,,masdair and nayapur,Narayanganj,5,30,"Truck, Battery-Run Easy-Bike, Bus, Pickup","head-on collision between a truck and a battery-run easy-bike, bus carrying a bridal party plunged into a roadside ditch after it collided with a pickup",Bangladesh,event,road accident,2016-04-23,17:09:25,Apr,4,Partly cloudy,17,Apr,headon collision between a truck and a batteryrun easybike bus carrying a bridal party plunged into a roadside ditch after it collided with a pickup
2105,"Elderly woman run over by covered van in Dhaka

",2021-05-06 09:10:08,https://en.prothomalo.com/bangladesh/accident/elderly-woman-run-over-by-covered-van-in-dhaka,bakshibazar intersection,Dhaka,1,0,"Covered Van, Rickshaw",speeding covered van,Bangladesh,event,road accident,2021-05-06,09:10:08,May,5,Moderate rain,9,May,speeding covered van
2108,Jubo League leader killed in Sirajganj road crash,2020-10-26 11:56:47,https://en.prothomalo.com/bangladesh/local-news/jubo-league-leader-killed-in-sirajganj-road-crash,hatikumrul-bonpara highway at mohishluti,Sirajganj,1,0,"Bike, Truck",truck hit bike,Bangladesh,event,road accident,2020-10-26,11:56:47,Oct,10,Light rain,11,Oct,truck hit bike
2110,A killing out of negligence,2022-08-17 15:24:23,,uttara,Dhaka,5,0,Construction Equipment,inadequate security measures and negligence,Bangladesh,event,road accident,2022-08-17,15:24:23,Aug,8,Light rain,15,Aug,inadequate security measures and negligence
2111,Nihaduzzaman: A Bangladeshi cricketer who refuses to give up,2023-01-28 18:09:08,,rajshahi,Rajshahi,0,1,,serious road accident,Bangladesh,event,road accident,2023-01-28,18:09:08,Jan,1,,18,Jan,serious road accident
2115,Looting and rape in bus: Where is  passenger security?,2022-08-05 14:08:53,https://en.prothomalo.com/opinion/editorial/bobeeww325,bangabandhu bridge,Sirajganj,0,0,Bus,robbery and gang rape,Bangladesh,event,road accident,2022-08-05,14:08:53,Aug,8,Moderate rain,14,Aug,robbery and gang rape
2116,Indomitable girls play football despite losing limbs,2024-10-14 08:44:39,https://en.prothomalo.com/bangladesh/good-day-bangladesh/1dpdpud813,teknaf,Cox's Bazar,1,4,Auto Rickshaw (Cng),collision between two auto-rickshaws,Bangladesh,event,road accident,2024-10-14,08:44:39,Oct,10,Partly cloudy,8,Oct,collision between two autorickshaws
2119,No ICU service at government facilities in 22 districts,2023-04-28 16:06:30,https://en.prothomalo.com/bangladesh/shjstykgjk,feni,Feni,1,0,,lack of icu bed and medical treatment,Bangladesh,event,road accident,2023-04-28,16:06:30,Apr,4,Partly cloudy,16,Apr,lack of icu bed and medical treatment
2123,"Unsafe roads: How many more deaths, rapes will wake the authorities up",2022-08-08 14:26:19,https://en.prothomalo.com/opinion/editorial/lqs81nqpw3,"bhogra bypass area of gazipur, mauna on dhaka-mymensingh highway",Gazipur,0,0,Minibus,rape and robbery by bus staff,Bangladesh,event,road accident,2022-08-08,14:26:19,Aug,8,Moderate rain,14,Aug,rape and robbery by bus staff
2126,Armanitola building fire: One more dies,2021-04-25 12:05:59,https://en.prothomalo.com/bangladesh/accident/armanitola-building-fire-one-more-dies,armanitola area of old dhaka,Dhaka,5,4,Building Fire,fire,Bangladesh,event,road accident,2021-04-25,12:05:59,Apr,4,Partly cloudy,12,Apr,fire
2130,"5-year-old crushed under pick-up van in Sylhet

",2021-02-07 08:52:39,https://en.prothomalo.com/bangladesh/accident/5-year-old-crushed-under-pick-up-van-in-sylhet,bishwanath-jagannathpur road,Sylhet,1,0,Pick-Up Van,hit by a pick-up van while crossing the road,Bangladesh,event,road accident,2021-02-07,08:52:39,Feb,2,Moderate rain,8,Feb,hit by a pickup van while crossing the road
2131,"Bus-truck collision leaves 2 dead in Chattogram

",2021-02-22 14:32:51,https://en.prothomalo.com/bangladesh/accident/bus-truck-collision-leaves-2-dead-in-chattogram,chunti forest gate,Chattogram,2,6,"Bus, Truck",head-on-collision,Bangladesh,event,road accident,2021-02-22,14:32:51,Feb,2,Clear sky,14,Feb,headoncollision
2132,"2 youths killed in Satkhira road crash

",2020-12-17 15:15:54,https://en.prothomalo.com/bangladesh/accident/2-youths-killed-in-satkhira-road-crash,satkhira-khulna highway in front of bangladesh small and cottage industries corporation (bscic) industrial area,Satkhira,2,1,"Truck, Motorcycle",truck hit motorbike,Bangladesh,event,road accident,2020-12-17,15:15:54,Dec,12,rain not reaching ground,15,Dec,truck hit motorbike
2133,We even found traces of bacteria and fungus in Dhaka air,2024-03-31 12:52:32,https://en.prothomalo.com/opinion/interview/0o47o77bjt,dhaka,Dhaka,0,0,Outdated Vehicles,outdated vehicles without licenses or fitness certificates openly spewing out black fumes,Bangladesh,event,road accident,2024-03-31,12:52:32,Mar,3,Moderate rain,12,Mar,outdated vehicles without licenses or fitness certificates openly spewing out black fumes
2136,Chinese engineer still untraced in 24 hrs ,2021-06-23 22:52:17,https://en.prothomalo.com/bangladesh/accident/chinese-engineer-still-untraced-in-24-hrs,near the shimulia ferry terminal,Munshiganj,0,0,,fell in the river,Bangladesh,event,road accident,2021-06-23,22:52:17,Jun,6,Moderate rain,22,Jun,fell in the river
2138,Death of Notre Dame College student: Nine DSCC drivers suspended,2021-12-13 20:47:30,https://en.prothomalo.com/bangladesh/crime-and-law/death-of-notre-dame-college-student-nine-dscc-drivers-suspended,gulistan area,Dhaka,1,0,Garbage Truck,drivers engaging others to drive their vehicles.,Bangladesh,event,road accident,2021-12-13,20:47:30,Dec,12,Clear sky,20,Dec,drivers engaging others to drive their vehicles
2140,4 killed in Bogura road crash,2021-03-20 17:00:14,,dhaka-bogura highway at dashmile in sherpur upazila,Bogra,4,10,Bus,head-on collision,Bangladesh,event,road accident,2021-03-20,17:00:14,Mar,3,Partly cloudy,17,Mar,head-on collision
2141,Bangabandhu Tunnel: Narrow roads hinder benefits,2023-07-20 13:46:47,,"karnaphuli river tunnel, chattogram-cox's bazar highway",Chattogram,0,0,"Vehicles, Cars, Trucks, Motorcycles",inadequate highway width and potential increase in vehicular traffic,Bangladesh,event,road accident,2023-07-20,13:46:47,Jul,7,Light rain,13,Jul,inadequate highway width and potential increase in vehicular traffic
2148,"Use Paturia ferry terminal instead of Shimulia: BIWTC to passengers

",2021-08-14 10:14:40,https://en.prothomalo.com/bangladesh/city/use-paturia-ferry-terminal-instead-of-shimulia-biwta-to-passengers,shimulia ferry terminal,Munshiganj,0,0,,ferry crisis,Bangladesh,event,road accident,2021-08-14,10:14:40,Aug,8,Light rain,10,Aug,ferry crisis
2149,"Nine killed as truck hits bus in Jhenaidah

",2021-02-10 17:25:40,https://en.prothomalo.com/bangladesh/accident/nine-people-killed-as-truck-hits-bus-in-jehaidah,barobazar area of kaliganj,Jhenaidah,9,0,"Bus, Truck",driver tried to overtake a truck and lost control,Bangladesh,event,road accident,2021-02-10,17:25:40,Feb,2,Clear sky,17,Feb,driver tried to overtake a truck and lost control
2150,Narayanganj launch capsize: Death toll rises to 12,2022-03-23 11:01:29,,shitalakkhya river off narayanganj coast,Narayanganj,12,0,,launch accident,Bangladesh,event,road accident,2022-03-23,11:01:29,Mar,3,Partly cloudy,11,Mar,launch accident
2151,Feni road crash kills 2,2020-10-30 19:36:23,https://en.prothomalo.com/bangladesh/Feni-road-crash-kills-2,basurhat,Feni,2,3,"Bus, Cng Auto-Rickshaw",bus rammed a cng auto-rickshaw,Bangladesh,event,road accident,2020-10-30,19:36:23,Oct,10,Dense rain,19,Oct,bus rammed a cng autorickshaw
2152,"Two killed, 22 injured as bus catches fire in Cumilla",2021-03-11 20:08:03,https://en.prothomalo.com/bangladesh/accident/three-killed-as-bus-catches-fire-in-cumilla,gouripur bus stand area,Cumilla,2,22,Bus,fire originating from the gas cylinder,Bangladesh,event,road accident,2021-03-11,20:08:03,Mar,3,Partly cloudy,20,Mar,fire originating from the gas cylinder
2154,"Father, daughter killed as truck ploughs into Pabna house

",2021-02-06 11:59:03,https://en.prothomalo.com/bangladesh/accident/father-daughter-killed-as-truck-ploughs-into-pabna-house,bhitapara,Pabna,2,0,Truck,driver lost control of the speeding vehicle,Bangladesh,event,road accident,2021-02-06,11:59:03,Feb,2,Duststorm or sandstorm,11,Feb,driver lost control of the speeding vehicle
2155,"3 killed in Kishoreganj road crash

",2020-12-18 08:57:09,https://en.prothomalo.com/bangladesh/accident/3-killed-in-kishoreganj-road-crash,kalikaprasad area,Kishoreganj,3,3,"Truck, Cng Autorickshaw",head-on collision,Bangladesh,event,road accident,2020-12-18,08:57:09,Dec,12,Duststorm or sandstorm,8,Dec,head-on collision
2158,ASI killed in Chattogram road crash,2021-02-04 21:49:57,https://en.prothomalo.com/bangladesh/accident/asi-killed-in-chattogram-road-crash,kumia area,Chattogram,1,0,"Truck, Motorcycle",hit by a truck,Bangladesh,event,road accident,2021-02-04,21:49:57,Feb,2,Clear sky,21,Feb,hit by a truck
2165,2 BRAC officials die in Natore road accident,2016-04-20 12:10:51,,natore-bogra highway,Natore,2,0,"Bus, Motorcycle",bus hit motorcycle,Bangladesh,event,road accident,2016-04-20,12:10:51,Apr,4,Partly cloudy,12,Apr,bus hit motorcycle accident
2167,2 elderly persons killed in road crash,2020-10-25 10:58:51,https://en.prothomalo.com/bangladesh/accident/2-elderly-persons-killed-in-road-crash,dhaka-khulna highway at kamarkhali,Faridpur,2,5,"Microbus, Truck",microbus hit a truck,Bangladesh,event,road accident,2020-10-25,10:58:51,Oct,10,Light rain,10,Oct,microbus hit a truck
2168,Death toll in Shitalakshya launch capsize reaches 25,2021-04-05 14:22:56,,narayanganj,Narayanganj,25,0,,capsized,Bangladesh,event,road accident,2021-04-05,14:22:56,Apr,4,Mainly clear,14,Apr,unknown
2177,Truck kills three in Dinajpur,2021-01-27 12:33:56,https://en.prothomalo.com/bangladesh/accident/truck-kills-three-in-dinajpur,dinajpur-bochaganj road near zainul mudikhana bazar in farakkabad union,Dinajpur,3,0,Motorbike And Truck,truck hit motorbike,Bangladesh,event,road accident,2021-01-27,12:33:56,Jan,1,Clear sky,12,Jan,truck hit motorbike
2178,"Woman killed in Netrakona road crash

",2020-10-19 13:26:50,,netrakona district town,Netrakona,1,0,"Truck, Rickshaw",truck hit a rickshaw,Bangladesh,event,road accident,2020-10-19,13:26:50,Oct,10,,13,Oct,truck hit a rickshaw
2179,Barishal road crash leaves one dead ,2021-02-27 17:11:05,https://en.prothomalo.com/bangladesh/accident/barishal-road-crash-leaves-one-dead,barisal-dhaka highway,Barishal,1,0,"Motorbike, Bus",hit by a bus,Bangladesh,event,road accident,2021-02-27,17:11:05,Feb,2,Partly cloudy,17,Feb,hit by a bus
2180,Teacher killed in road accident in C'nawabganj,2016-04-16 20:10:58,,kamarpara avaya square,Rajshahi,1,0,Truck,truck hit victim,Bangladesh,event,road accident,2016-04-16,20:10:58,Apr,4,,20,Apr,truck hit victim
2186,"Khaleda Zia, Dr Yunus, WB chief to get invitation at Padma Bridge inauguration: Quader",2022-06-12 22:42:24,,padma bridge,Munshiganj,0,0,,,Bangladesh,event,road accident,2022-06-12,22:42:24,Jun,6,Heavy rain,22,Jun,
2188,17 killed in Rajshahi road crash,2021-03-26 16:40:45,https://en.prothomalo.com/bangladesh/accident/17-killed-in-road-crash-involving-bus-microbus-human-hauler-in-rajshahi,dhaka-rajshahi highway in katakhali area of rajshahi’s kapasia upazila,Rajshahi,17,0,"Bus, Microbus, Leguna",,Bangladesh,event,road accident,2021-03-26,16:40:45,Mar,3,,16,Mar,
2189,Bus-truck collision in Sirajganj leaves 5 dead,2021-02-23 10:44:56,https://en.prothomalo.com/bangladesh/accident/bus-truck-collision-in-sirajganj-leaves-5-dead,konabari,Sirajganj,5,23,"Bus, Truck",head-on collision,Bangladesh,event,road accident,2021-02-23,10:44:56,Feb,2,Clear sky,10,Feb,head-on collision
2193,"Two killed as motorbike crashes into tree

",2020-11-16 10:19:21,https://en.prothomalo.com/bangladesh/accident/two-killed-as-motorbike-crashes-into-tree,hatia,Noakhali,2,0,Motorcycle,motorbike losing control rammed into a roadside tree,Bangladesh,event,road accident,2020-11-16,10:19:21,Nov,11,Partly cloudy,10,Nov,motorbike losing control rammed into a roadside tree
2194,Chattogram depot explosion: How many more people will have to die?,2022-06-07 15:12:57,https://en.prothomalo.com/opinion/editorial/chattogram-depot-explosion-how-many-more-people-will-have-to-die,bm container depot at sitakunda,Chattogram,40,200,Container,"irregularities, irresponsibility and negligence leading to a fire and explosion of chemicals in containers.",Bangladesh,event,road accident,2022-06-07,15:12:57,Jun,6,Light rain,15,Jun,irregularities irresponsibility and negligence leading to a fire and explosion of chemicals in containers
2202,Four burnt to death as microbus gas cylinder explodes in Sylhet,2020-12-30 12:03:50,https://en.prothomalo.com/bangladesh/accident/four-burnt-to-death-as-microbus-gas-cylinder-explodes-in-sylhet,sylhet-jokeyganj road near the mollagram government primary school in hetimganj paschim bazar,Sylhet,4,4,"Microbus, Truck","microbus hit a cement-laden truck from behind, gas cylinder exploded",Bangladesh,event,road accident,2020-12-30,12:03:50,Dec,12,Clear sky,12,Dec,microbus hit a cementladen truck from behind gas cylinder exploded
2203,"Three killed in motorbike crash
",2020-12-06 11:43:53,,duariya area of lalpur upazila,Natore,3,0,Motorcycle,,Bangladesh,event,road accident,2020-12-06,11:43:53,Dec,12,Clear sky,11,Dec,
2205,Padma bridge must be protected from ferry collision ,2021-08-11 22:46:04,https://en.prothomalo.com/opinion/editorial/padma-bridge-must-be-protected-from-ferry-collision,padma bridge,Munshiganj,0,0,Ro Ro Ferry,collision with pillar,Bangladesh,event,road accident,2021-08-11,22:46:04,Aug,8,Light rain,22,Aug,collision with pillar
2209,Jhalakathi launch fire: Death toll climbs to 39 ,2021-12-24 16:21:49,https://en.prothomalo.com/bangladesh/accident/jhalakathi-launch-fire-death-toll-rises-to-39,sugandha river off the coast of jhalakathi district's sadar upazila,Jhalokati,39,72,,fire,Bangladesh,event,road accident,2021-12-24,16:21:49,Dec,12,Clear sky,16,Dec,fire
2211,Two workers killed as lift falls off in Bogura ,2021-02-03 23:01:54,https://en.prothomalo.com/bangladesh/accident/two-workers-killed-as-lift-falls-off-in-bogura,tamim agro industries poultry farm,Bogra,2,0,Escalator,lift fell off,Bangladesh,event,road accident,2021-02-03,23:01:54,Feb,2,Clear sky,23,Feb,lift fell off
2212,Cox’s Bazar road crash kills 4,2020-10-26 22:22:10,https://en.prothomalo.com/bangladesh/accident/coxs-bazar-road-crash-kills-4,nandirpara station,,4,2,"Truck, Auto-Rickshaw",head-on collision,Bangladesh,event,road accident,2020-10-26,22:22:10,Oct,10,,22,Oct,head-on collision
2214,How do vehicles run without licences?,2022-02-13 21:52:05,https://en.prothomalo.com/opinion/editorial/how-do-vehicles-run-without-licences,malumghat area of chakaria upazila of cox's bazar-chattogram highway,Cox's Bazar,5,0,Pickup Van,"recklessly speeding, vehicle without license, driver without license",Bangladesh,event,road accident,2022-02-13,21:52:05,Feb,2,Mainly clear,21,Feb,recklessly speeding vehicle without license driver without license
2215,'Operation of bus on two new routes differed as bus not ready',2022-09-06 19:38:34,https://en.prothomalo.com/bangladesh/city/q3lmuqjx1a,,Dhaka,0,0,Bus,,Bangladesh,event,road accident,2022-09-06,19:38:34,Sep,9,Dense rain,19,Sep,
2216,College student goes missing in Kirtonkhola River,2020-11-03 15:30:31,,kirtankhola river,Barishal,1,0,Trawler,fell into the river,Bangladesh,event,road accident,2020-11-03,15:30:31,Nov,11,Moderate rain,15,Nov,fell into the river
2219,Boat capsize shatters dream of a family,2021-08-28 19:40:55,https://en.prothomalo.com/bangladesh/local-news/boat-capsize-shatters-dream-of-a-family,titas river at laiska canal of pattan union,Brahmanbaria,22,0,,boat capsize,Bangladesh,event,road accident,2021-08-28,19:40:55,Aug,8,Moderate rain,19,Aug,boat capsize
2223,"Fire safety: Disjointed drives, dragging investigations",2024-03-14 17:58:04,,bailey road,Dhaka,46,0,Building,fire,Bangladesh,event,road accident,2024-03-14,17:58:04,Mar,3,Moderate rain,17,Mar,fire
2226,RU proctor removed in the face of students' demo,2022-02-02 19:40:55,,rajshahi university campus,Rajshahi,1,0,,,Bangladesh,event,road accident,2022-02-02,19:40:55,Feb,2,,19,Feb,
2227,"One body recovered after launch capsizes in Shitalakshya

",2021-04-04 20:36:27,https://en.prothomalo.com/bangladesh/accident/launch-capsizes-in-shitalakkhya,shitalakshya river at madanganj ghat area,Narayanganj,1,0,"Launch, Cargo Vessel",collision between launch and cargo vessel,Bangladesh,event,road accident,2021-04-04,20:36:27,Apr,4,Partly cloudy,20,Apr,collision between launch and cargo vessel
2230,Issue a circular on half bus fare,2021-12-08 17:13:06,,dhaka,Dhaka,0,0,Bus,protests,Bangladesh,event,road accident,2021-12-08,17:13:06,Dec,12,Mainly clear,17,Dec,protests
2231,Death toll climbs to 7,2021-06-28 08:36:58,https://en.prothomalo.com/bangladesh/accident/death-toll-climbs-to-7,moghbazar area,Dhaka,7,50,Buses,explosion/blast,Bangladesh,event,road accident,2021-06-28,08:36:58,Jun,6,Moderate rain,8,Jun,explosionblast
2232,"Mother, daughter among three killed in Lakshmipur road crash

",2021-03-01 08:56:50,https://en.prothomalo.com/bangladesh/accident/mother-daughter-among-three-killed-in-lakshmipur-road-crash,charchamita area,Lakshmipur,3,0,Pickup Van,driver lost control,Bangladesh,event,road accident,2021-03-01,08:56:50,Mar,3,Partly cloudy,8,Mar,driver lost control
2234,"Bus-truck collision in Manikganj leaves one killed, 10 injured",2021-02-25 14:09:00,https://en.prothomalo.com/bangladesh/accident/bus-truck-collision-in-manikganj-leaves-one-killed-10-injured,pachuria area of dhaka-aricha highway,Manikganj,1,10,Passenger Bus And A Truck,driver lost control of the vehicle and crashed into the truck at high speed,Bangladesh,event,road accident,2021-02-25,14:09:00,Feb,2,Mainly clear,14,Feb,driver lost control of the vehicle and crashed into the truck at high speed
2235,Truck-auto rickshaw collision kills 2 in Pabna,2021-01-22 14:33:50,https://en.prothomalo.com/bangladesh/accident/truck-auto-rickshaw-collision-kills-2-in-pabna,dublia village,Pabna,2,3,"Truck, Auto Rickshaw",collision,Bangladesh,event,road accident,2021-01-22,14:33:50,Jan,1,Clear sky,14,Jan,collision
2236,All roads need integrated public transport,2022-03-11 14:56:02,https://en.prothomalo.com/opinion/editorial/all-roads-need-integrated-public-transport,dhaka city,Dhaka,0,0,,reopening of educational institutions,Bangladesh,event,road accident,2022-03-11,14:56:02,Mar,3,Partly cloudy,14,Mar,reopening of educational institutions
2240,Garments factory lift collapse injures 15 workers ,2020-08-12 20:57:14,https://en.prothomalo.com/bangladesh/accident/garments-factory-lift-collapse-injures-15-workers,chandgaon area of chattogram city,Chattogram,0,15,Lift,lift of a garment factory collapsed,Bangladesh,event,road accident,2020-08-12,20:57:14,Aug,8,Light rain,20,Aug,lift of a garment factory collapsed
2242,Protests erupt in Dhaka over Notre Dame College student’s death,2021-11-25 16:38:24,https://en.prothomalo.com/bangladesh/accident/protests-erupt-in-dhaka-over-notre-dame-college-students-death,farmgate,Dhaka,1,0,Garbage Truck,run over by a garbage truck,Bangladesh,event,road accident,2021-11-25,16:38:24,Nov,11,Clear sky,16,Nov,run over by a garbage truck
2243,Notre Dame College students take to the streets for the second day,2021-11-25 14:06:58,https://en.prothomalo.com/bangladesh/city/notre-dame-college-students-take-to-the-streets,shapla chattar,Dhaka,1,0,Dumpster Carrier Truck,run over,Bangladesh,event,road accident,2021-11-25,14:06:58,Nov,11,Clear sky,14,Nov,run over
2244,"Most DNCC vehicles’ registration, fitness certificate out of date, probe finds",2022-01-14 23:22:40,https://en.prothomalo.com/bangladesh/city/most-dncc-vehicles-registration-fitness-certificate-out-of-date-probe-finds,dhaka north city corporation,Dhaka,1,0,Garbage Truck,"unspecified, but related to vehicle registration and fitness",Bangladesh,event,road accident,2022-01-14,23:22:40,Jan,1,Partly cloudy,23,Jan,unspecified but related to vehicle registration and fitness
2246,"Police can't evade responsibility for death of scientists, engineer",2022-06-10 13:18:08,https://en.prothomalo.com/opinion/editorial/police-cant-evade-responsibility-for-death-of-scientists-engineer,"shailakupa, jhenaidah",Jhenaidah,5,0,Bus,"mismanagement, anarchy on streets, vehicle negligence (no route permit, expired tax papers)",Bangladesh,event,road accident,2022-06-10,13:18:08,Jun,6,Partly cloudy,13,Jun,mismanagement anarchy on streets vehicle negligence no route permit expired tax papers
2250,Narayanganj factory fire: 49 bodies recovered,2021-07-09 15:33:06,https://en.prothomalo.com/bangladesh/accident/narayanganj-factory-fire-49-bodies-recovered,karnagop area of rupganj,Narayanganj,49,0,Factory Building,massive fire,Bangladesh,event,road accident,2021-07-09,15:33:06,Jul,7,Light rain,15,Jul,massive fire
2255,6 killed in road accidents in 3 districts,2016-03-25 19:55:37,https://en.prothomalo.com/bangladesh/6-killed-in-road-accidents-in-3-districts,kutumbapur on dhaka-chittagong highway in chandina upazila,Cumilla,2,0,Truck,gas cylinder explosion,Bangladesh,event,road accident,2016-03-25,19:55:37,Mar,3,Clear sky,19,Mar,gas cylinder explosion
2257,Two crews missing after lighterage vessel sinks in Meghna,2020-08-20 21:57:48,,meghna river near hatiya upazila,Noakhali,0,0,Lighterage Vessel,vessel sank,Bangladesh,event,road accident,2020-08-20,21:57:48,Aug,8,Moderate rain,21,Aug,vessel sank
2259,Grandparents want to raise the child,2022-07-18 23:31:02,https://en.prothomalo.com/bangladesh/local-news/qzohcixht1,dhaka-mymensingh highway at the court building area in trishal,Mymensingh,3,0,Truck,run over by a truck while crossing the highway,Bangladesh,event,road accident,2022-07-18,23:31:02,Jul,7,Light rain,23,Jul,run over by a truck while crossing the highway
2260,Now is the time to resolve Dhaka's traffic congestion,2024-09-19 17:43:18,https://en.prothomalo.com/opinion/op-ed/icxvw7yop1,dhaka,Dhaka,0,0,"Bus, Car",traffic congestion,Bangladesh,event,road accident,2024-09-19,17:43:18,Sep,9,Light rain,17,Sep,traffic congestion
2267,Another landslide kills five children of a family in Teknaf,2021-07-28 11:17:49,https://en.prothomalo.com/bangladesh/local-news/second-landslide-in-two-days-kills-five-children-of-a-family-in-teknaf,hnila union of teknaf upazila,Cox's Bazar,5,0,,landslide,Bangladesh,event,road accident,2021-07-28,11:17:49,Jul,7,Heavy rain,11,Jul,landslide
2269,"Policeman killed by covered van in city

",2020-10-21 12:10:42,,jatrabari,Dhaka,1,0,Covered Van,ran over,Bangladesh,event,road accident,2020-10-21,12:10:42,Oct,10,Moderate rain,12,Oct,ran over
2270,"Child loses life, mother loses limb",2022-02-17 16:28:36,https://en.prothomalo.com/bangladesh/accident/child-loses-life-mother-loses-limb,kazir shimla area of ​​trishal upazila on the dhaka-mymensingh highway,Mymensingh,1,7,"Bus, Truck",reckless driving,Bangladesh,event,road accident,2022-02-17,16:28:36,Feb,2,Clear sky,16,Feb,reckless driving
2271,Shitalakshya launch capsize: Another five bodies recovered,2021-04-06 13:31:01,https://en.prothomalo.com/bangladesh/accident/shitalakshya-launch-capsize-another-five-bodies-recovered,narayanganj,Narayanganj,34,0,,capsize,Bangladesh,event,road accident,2021-04-06,13:31:01,Apr,4,Mainly clear,13,Apr,capsize
2272,Death toll rises to 46,2021-12-29 15:47:36,https://en.prothomalo.com/bangladesh/accident/death-toll-from-jhalakathi-launch-fire-rises-to-46,"sugandha river, charkathi",Jhalokati,46,0,,fire,Bangladesh,event,road accident,2021-12-29,15:47:36,Dec,12,Partly cloudy,15,Dec,fire
2275,"Truck, auto-rickshaw head-on collision kills 4 in Chattogram",2021-03-31 11:49:36,https://en.prothomalo.com/bangladesh/accident/truck-auto-rickshaw-head-on-collision-kills-4-in-chattogram,chattogram-kaptai road in raujan,Chattogram,4,0,Sand-Laden Truck And A Cng-Run Auto-Rickshaw,head-on collision,Bangladesh,event,road accident,2021-03-31,11:49:36,Mar,3,Light rain,11,Mar,head-on collision
2276,Road crash kills three,2020-09-05 10:56:11,https://en.prothomalo.com/bangladesh/accident/road-crash-kills-three,nishkanda bridge area,Nawabganj,3,1,"Bus, Auto-Rickshaw",head-on collision,Bangladesh,event,road accident,2020-09-05,10:56:11,Sep,9,Moderate rain,10,Sep,head-on collision
2277,May Dhaka Nagar Paribahan restore order on city roads,2021-12-28 15:05:24,https://en.prothomalo.com/opinion/editorial/may-dhaka-nagar-paribahan-restore-order-on-city-roads,dhaka,Dhaka,0,0,Bus,traffic jams and public transport issues,Bangladesh,event,road accident,2021-12-28,15:05:24,Dec,12,Partly cloudy,15,Dec,traffic jams and public transport issues
2280,2 truck drivers killed in Lakshmipur road crash,2020-07-04 18:30:45,https://en.prothomalo.com/bangladesh/accident/2-truck-drivers-killed-in-lakshmipur-road-crash,raipur upazila,Lakshmipur,2,3,Mini Trucks,head-on collision,Bangladesh,event,road accident,2020-07-04,18:30:45,Jul,7,Light rain,18,Jul,head-on collision
2282,No cracks in the pillars of Bahaddarhat flyover: Designer company,2021-10-28 09:25:44,https://en.prothomalo.com/bangladesh/local-news/no-cracks-in-the-pillars-of-bahaddarhat-flyover-designer-company,bahaddarhat flyover,Chattogram,0,0,Not Applicable,not applicable,Bangladesh,event,road accident,2021-10-28,09:25:44,Oct,10,Light rain,9,Oct,not applicable
2283,"University student, schoolboy missing in Padma boat capsize ",2020-09-25 20:44:23,https://en.prothomalo.com/bangladesh/accident/ru-student-schoolboy-missing-in-rajshahi-boat-capsize,padma river near harupur area,Rajshahi,0,0,Motorised Boat,capsized,Bangladesh,event,road accident,2020-09-25,20:44:23,Sep,9,,20,Sep,unknown
2286,"When anomalies become the norm, what about political liability?",2024-03-09 14:38:34,,bailey road,Dhaka,46,0,Building,"fire in a building, possibly due to lack of fire safety and running restaurants without approval.",Bangladesh,event,road accident,2024-03-09,14:38:34,Mar,3,Clear sky,14,Mar,fire in a building possibly due to lack of fire safety and running restaurants without approval
2295,"Chapainawabganj road crash toll rises to 8, injured 5",2020-11-19 15:08:27,https://en.prothomalo.com/bangladesh/accident/chapainawabganj-road-crash-toll-rises-to-8-injured-5,barek bazar area,Nawabganj,8,5,Engine-Run Vehicle (Bhutbhuti),vehicle skidded off the road and plunged into a roadside ditch,Bangladesh,event,road accident,2020-11-19,15:08:27,Nov,11,Partly cloudy,15,Nov,vehicle skidded off the road and plunged into a roadside ditch
2296,Cumilla road crash leaves 2 dead,2020-10-03 13:47:09,https://en.prothomalo.com/bangladesh/accident/fzz3v8z981,dhaka-chattogram highway at korpai,Cumilla,2,5,"Bus, Microbus, Truck",collision among three vehicles,Bangladesh,event,road accident,2020-10-03,13:47:09,Oct,10,Light rain,13,Oct,collision among three vehicles
2297,Cumilla road crash leaves 2 dead,2020-10-03 13:47:09,https://en.prothomalo.com/bangladesh/accident/cumilla-road-crash-leaves-2-dead,dhaka-chattogram highway at korpai,Cumilla,2,5,"Bus, Microbus, Truck",collision among three vehicles,Bangladesh,event,road accident,2020-10-03,13:47:09,Oct,10,Light rain,13,Oct,collision among three vehicles
2300,Anarchy and chaos on the road must stop,2022-01-22 15:13:20,https://en.prothomalo.com/opinion/editorial/anarchy-and-chaos-on-the-road-must-stop,near joykali mandir in the capital,Dhaka,2,0,Bus,"scuffle over fare, buses competing to overtake",Bangladesh,event,road accident,2022-01-22,15:13:20,Jan,1,Light rain,15,Jan,scuffle over fare buses competing to overtake
2302,Dhaka public transport: How long dilapidated buses will ply,2023-07-27 08:30:00,https://en.prothomalo.com/bangladesh/yw5ec1xcda,dhaka,Dhaka,0,0,Passenger Buses,"owners of the buses add extra seats, buses are not washed, most of the buses do not have headlights, body paints are faded and looking glasses as well as indicators are being broken, buses vie to pick up extra passengers and their tussles",Bangladesh,event,road accident,2023-07-27,08:30:00,Jul,7,Light rain,8,Jul,owners of the buses add extra seats buses are not washed most of the buses do not have headlights body paints are faded and looking glasses as well as indicators are being broken buses vie to pick up extra passengers and their tussles
2304,Suspended Gazipur mayor Mannan faces road accident,2016-03-11 20:20:50,https://en.prothomalo.com/bangladesh/Suspended-Gazipur-mayor-Mannan-faces-road-accident,meghdubi,Gazipur,0,4,,,Bangladesh,event,road accident,2016-03-11,20:20:50,Mar,3,Partly cloudy,20,Mar,
2306,Why not half fare for students all over the country,2021-12-01 17:11:55,https://en.prothomalo.com/opinion/editorial/why-not-half-fare-for-students-all-over-the-country,dhaka,Dhaka,0,0,Bus,student protest for half fare,Bangladesh,event,road accident,2021-12-01,17:11:55,Dec,12,Partly cloudy,17,Dec,student protest for half fare
2307,"2 killed in Satkhira road crash

",2020-09-29 15:12:41,https://en.prothomalo.com/bangladesh/accident/2-killed-in-satkhira-road-crash-2,satkhira-jashore highway in madhabkathi area,Satkhira,2,3,Motorbike And A Pick-Up Van,collision,Bangladesh,event,road accident,2020-09-29,15:12:41,Sep,9,Moderate rain,15,Sep,collision
2308,"2 killed in Satkhira road crash

",2020-09-29 15:12:41,https://en.prothomalo.com/bangladesh/accident/2-killed-in-satkhira-road-crash,satkhira-jashore highway in madhabkathi area,Satkhira,2,3,Motorbike And Pick-Up Van,collision,Bangladesh,event,road accident,2020-09-29,15:12:41,Sep,9,Moderate rain,15,Sep,collision
2313,"What happens in BM Container Depot, who are the owners",2022-06-05 23:26:56,https://en.prothomalo.com/bangladesh/what-happens-in-bm-container-depot-who-are-the-owners,bm container depot,Chattogram,0,0,,,Bangladesh,event,road accident,2022-06-05,23:26:56,Jun,6,Moderate rain,23,Jun,
2317,Dhaka city corporations must take responsibilities,2021-11-26 15:43:54,https://en.prothomalo.com/opinion/editorial/dhaka-city-corporations-must-take-responsibilities,gulistan and panthapath,Dhaka,2,0,"Garbage Truck, Motorcycle",hit by garbage truck,Bangladesh,event,road accident,2021-11-26,15:43:54,Nov,11,Clear sky,15,Nov,hit by garbage truck
2318,Cox’s Bazar road crash kills 2 tourists ,2020-10-11 17:11:53,https://en.prothomalo.com/bangladesh/accident/coxs-bazar-road-crash-kills-2-tourists,chattogram-cox's bazar highway at islamabad hasherdighi area,Chattogram,2,17,Bus,hitting an electric pole,Bangladesh,event,road accident,2020-10-11,17:11:53,Oct,10,Light rain,17,Oct,hitting an electric pole
2319,Death toll in Netrakona trawler capsize climbs to 11,2020-09-09 19:45:40,https://en.prothomalo.com/bangladesh/accident/death-toll-in-netrakona-trawler-capsize-climbs-to-11,gumai river,Netrakona,11,0,Trawler,capsized,Bangladesh,event,road accident,2020-09-09,19:45:40,Sep,9,,19,Sep,unknown
2320,Mother of two crushed between two buses in city,2021-03-08 09:59:30,https://en.prothomalo.com/bangladesh/accident/mother-of-two-crushed-between-two-buses-in-city,in front of gulistan golap shah mazar,Dhaka,1,0,Two Vehicles,crushed between two vehicles,Bangladesh,event,road accident,2021-03-08,09:59:30,Mar,3,Light rain,9,Mar,crushed between two vehicles
2324,6 killed as bus hits car in Mymensingh,2020-08-22 13:03:48,https://en.prothomalo.com/bangladesh/accident/6-killed-as-bus-hits-car-in-mymensingh,bhaluka municipality,Mymensingh,6,2,"Bus, Car",bus hit a car making a u-turn,Bangladesh,event,road accident,2020-08-22,13:03:48,Aug,8,Moderate rain,13,Aug,bus hit a car making a uturn
2326,"Mother, daughter killed in Cumilla road crash

",2020-09-22 09:43:48,https://en.prothomalo.com/bangladesh/accident/mother-daughter-killed-in-cumilla-road-crash,mainamoti area,Cumilla,2,0,Motorcycle And Passenger Bus,passenger bus hit a motorcycle,Bangladesh,event,road accident,2020-09-22,09:43:48,Sep,9,Moderate rain,9,Sep,passenger bus hit a motorcycle
2327,Eid travel: There should be no compromise in preparations,2022-04-12 17:16:19,https://en.prothomalo.com/opinion/editorial/eid-travel-there-should-be-no-compromise-in-preparations,shimulia-banglabazar ferry,,5,0,,overcrowding,Bangladesh,event,road accident,2022-04-12,17:16:19,Apr,4,,17,Apr,overcrowding
2328,"Plying of battery-run auto-rickshaws, vans to stay banned: Home minister",2021-06-20 22:30:23,https://en.prothomalo.com/bangladesh/plying-of-battery-run-auto-rickshaws-vans-to-stay-banned-home-minister,bangladesh secretariat,Dhaka,0,0,Battery-Run Auto-Rickshaws And Vans,lack of discipline in the road transport sector,Bangladesh,event,road accident,2021-06-20,22:30:23,Jun,6,Moderate rain,22,Jun,lack of discipline in the road transport sector
2329,"Five killed in Narsingdi truck-microbus collision, 7 injured",2021-06-20 10:28:11,https://en.prothomalo.com/bangladesh/accident/five-killed-in-narsingdi-truck-microbus-collision-7-injured,ghorashal-tongi regional road in panchdona area,Narsingdi,5,7,"Truck, Microbus",collision,Bangladesh,event,road accident,2021-06-20,10:28:11,Jun,6,Moderate rain,10,Jun,collision
2330,Cargo vessel sinks in Meghna,2020-07-22 09:24:39,,meghna river at harina,Chandpur,0,0,Cargo Ship,anchor got displaced due to strong current,Bangladesh,event,road accident,2020-07-22,09:24:39,Jul,7,Moderate rain,9,Jul,anchor got displaced due to strong current
2331,"3 killed in Sirajganj road crash

",2020-07-03 10:13:54,https://en.prothomalo.com/bangladesh/local-news/3-killed-in-sirajganj-road-crash,hatikumrul-banpara highway at hamkuria,Sirajganj,3,0,Vehicle,vehicle knocked them down as they were standing alongside the road,Bangladesh,event,road accident,2020-07-03,10:13:54,Jul,7,Light rain,10,Jul,vehicle knocked them down as they were standing alongside the road
2335,Five bodies retrieved as speed boat capsizes in Patuakhali,2020-10-24 14:24:14,,agunmukha river,Patuakhali,5,0,Speed Boat,capsized,Bangladesh,event,road accident,2020-10-24,14:24:14,Oct,10,Light rain,14,Oct,unknown
2337,Youth killed  in Chuadanga road crash ,2020-05-25 18:00:46,https://en.prothomalo.com/bangladesh/accident/chuadanga-road-crash-kills-youth,alamdanga upazila,Chuadanga,1,2,Motorcycle,head-on collision,Bangladesh,event,road accident,2020-05-25,18:00:46,May,5,Partly cloudy,18,May,head-on collision
2338,"Motorcyclist killed in city road crash

",2020-08-19 15:01:22,https://en.prothomalo.com/bangladesh/accident/motorcyclist-killed-in-city-road-crash-2,shanir akhra,Dhaka,1,0,Bus And Motorbike,bus hit motorbike from behind,Bangladesh,event,road accident,2020-08-19,15:01:22,Aug,8,Heavy rain,15,Aug,bus hit motorbike from behind
2339,Gas cylinder explosion kills 3 in Moheshkhali,2021-01-22 22:50:53,,matarbari,Cox's Bazar,3,8,Not Applicable,gas cylinder explosion used for inflating balloons,Bangladesh,event,road accident,2021-01-22,22:50:53,Jan,1,Partly cloudy,22,Jan,gas cylinder explosion used for inflating balloons
2340,Mountaineer Reshma's death: Police arrest microbus driver,2020-08-19 10:00:04,https://en.prothomalo.com/bangladesh/crime-and-law/mountaineer-reshmas-death-police-arrest-microbus-driver,sher-e-bangla nagar lake road,Dhaka,1,0,"Microbus, Bicycle",microbus hit bicycle,Bangladesh,event,road accident,2020-08-19,10:00:04,Aug,8,Heavy rain,10,Aug,microbus hit bicycle
2341,Manikganj road crash kills 3,2020-10-22 19:11:00,https://en.prothomalo.com/bangladesh/accident/manikganj-road-crash-kills-3,bakchar area of singair upazila,Manikganj,3,20,Bus,bus fell into a roadside ditch,Bangladesh,event,road accident,2020-10-22,19:11:00,Oct,10,Heavy rain,19,Oct,bus fell into a roadside ditch
2345,Two die of electrocution in Kishoreganj,2020-08-16 20:44:04,https://en.prothomalo.com/bangladesh/accident/two-die-of-electrocution-in-kishoreganj,mirzapur village,Kishoreganj,2,0,,contact with an electrical line,Bangladesh,event,road accident,2020-08-16,20:44:04,Aug,8,Light rain,20,Aug,contact with an electrical line
2346,"3 killed, 4 hurt in road accident",2016-02-17 15:33:41,https://en.prothomalo.com/bangladesh/3-killed-4-hurt-in-road-accident,"gauripur bazar, daudkandi upazila",Cumilla,3,4,Covered Van,driver lost control,Bangladesh,event,road accident,2016-02-17,15:33:41,Feb,2,Partly cloudy,15,Feb,driver lost control
2347,Three killed in Chandpur road crash,2020-07-29 20:54:44,https://en.prothomalo.com/bangladesh/accident/three-killed-in-chandpur-road-crash,kakoirtola area of chandpur-cumilla highway,Chandpur,3,3,"Bus, Auto-Rickshaw",collision,Bangladesh,event,road accident,2020-07-29,20:54:44,Jul,7,Light rain,20,Jul,collision
2348,"MP vessel's recklessness, bridge's faulty design responsible: Probe body",2021-04-13 21:54:24,https://en.prothomalo.com/bangladesh/crime-and-law/mp-vessels-recklessness-bridges-faulty-design-responsible-probe-body,river shitalakshya,,34,0,Passenger Launch And Cargo Vessel,"recklessness of mp's cargo vessel, faulty design of the under-construction 3rd shitalakshya bridge, and bridge construction materials kept in the waterways",Bangladesh,event,road accident,2021-04-13,21:54:24,Apr,4,,21,Apr,recklessness of mps cargo vessel faulty design of the underconstruction 3rd shitalakshya bridge and bridge construction materials kept in the waterways
2354,Sylhet road crash kills four ,2020-08-14 01:45:49,,bhanga area of dhaka-sylhet highway,Sylhet,4,2,"Bus, Auto-Rickshaw",bus hit auto-rickshaw,Bangladesh,event,road accident,2020-08-14,01:45:49,Aug,8,Moderate rain,1,Aug,bus hit autorickshaw
2355,Anarchy on the roads must stop,2022-02-11 15:29:16,https://en.prothomalo.com/opinion/editorial/anarchy-on-the-roads-must-stop,"chakaria upazila of cox's bazar, chittagong-fatikchhari road",,7,0,"Pickup Van, Chander Gari (Locally Modified Vehicle), Motorcycle","crushed by pickup van, ran over by vehicle while fleeing police",Bangladesh,event,road accident,2022-02-11,15:29:16,Feb,2,,15,Feb,crushed by pickup van ran over by vehicle while fleeing police
2356,Mismanagement leads to speedboat crash: Probe body,2021-05-09 22:24:42,,river routes between banglabazar in madaripur and shimulia in munshiganj,Madaripur,26,0,Speedboat,driver under the influence of drugs,Bangladesh,event,road accident,2021-05-09,22:24:42,May,5,Light rain,22,May,driver under the influence of drugs
2358,Road crash kills five in Sylhet,2020-08-29 18:17:03,,chowghari bazar area of sylhet-zakiganj highway,Gopalganj,5,0,"Bus, Auto-Rickshaw",collision,Bangladesh,event,road accident,2020-08-29,18:17:03,Aug,8,Moderate rain,18,Aug,collision
2373,ATN News official among 2 killed in road crash,2020-08-02 16:59:47,,bamundi nishipur in gangni upazila,Meherpur,2,0,Truck,truck hit them,Bangladesh,event,road accident,2020-08-02,16:59:47,Aug,8,Moderate rain,16,Aug,truck hit them
2374,"RMG worker killed in Savar road crash

",2020-10-05 10:27:34,,kalma bus stand,Dhaka,1,1,Pick-Up Van And Motorcycle,pick-up van hit a motorcycle,Bangladesh,event,road accident,2020-10-05,10:27:34,Oct,10,Moderate rain,10,Oct,pickup van hit a motorcycle
2376,"3 killed in city road crash

",2020-05-25 18:51:54,https://en.prothomalo.com/bangladesh/3-killed-in-city-road-crash,kalyanpur,Dhaka,3,6,"Private Car, Cng-Run Auto-Rickshaw",head on collision,Bangladesh,event,road accident,2020-05-25,18:51:54,May,5,Light rain,18,May,head-on collision
2377,Three die inhaling toxic gas,2020-07-31 15:46:36,https://en.prothomalo.com/bangladesh/local-news/three-die-inhaling-toxic-gas,puijala village,,3,0,,inhalation of toxic gas in a septic tank,Bangladesh,event,road accident,2020-07-31,15:46:36,Jul,7,,15,Jul,inhalation of toxic gas in a septic tank
2384,Rajbari road crash kills 3 members of a family,2020-06-14 15:28:58,https://en.prothomalo.com/bangladesh/accident/rajbari-road-crash-kills-3-members-of-a-family,dhaka-khulna highway at khankhanapur,Rajbari,3,3,Truck And Private Car,truck hit private car,Bangladesh,event,road accident,2020-06-14,15:28:58,Jun,6,Moderate rain,15,Jun,truck hit private car
2386,"'How can I live alone', wife laments",2021-11-27 18:18:16,https://en.prothomalo.com/bangladesh/accident/how-can-i-live-alone-wife-laments,in front of bashundhara city shopping complex,Dhaka,1,0,Garbage Truck,run over by a garbage truck,Bangladesh,event,road accident,2021-11-27,18:18:16,Nov,11,Clear sky,18,Nov,run over by a garbage truck
2388,4 labourers killed in Parbatipur truck accident,2016-02-03 12:16:49,,barapukuria coalmine,Dinajpur,4,3,Truck,plunged into a roadside ditch,Bangladesh,event,road accident,2016-02-03,12:16:49,Feb,2,Partly cloudy,12,Feb,plunged into a roadside ditch
2391,Bodies of 6 including bridegroom recovered as trawler capsizes in Meghna,2020-12-15 20:28:21,https://en.prothomalo.com/bangladesh/local-news/bodies-of-6-including-bridegroom-recovered-as-trawler-capsizes-in-meghna,meghna river in hatia upazila,Noakhali,6,0,Trawler,capsized due to strong current,Bangladesh,event,road accident,2020-12-15,20:28:21,Dec,12,Clear sky,20,Dec,capsized due to strong current
2392,"2 HSC examinees killed in Savar road crash

",2020-08-16 13:43:05,https://en.prothomalo.com/bangladesh/accident/2-hsc-examinees-killed-in-savar-road-crash,dhaka-aricha highway at srirampur,Dhaka,2,0,"Bus, Motorcycle",,Bangladesh,event,road accident,2020-08-16,13:43:05,Aug,8,Moderate rain,13,Aug,
2393,Khulna road accident death toll 4,2016-01-31 11:47:17,https://en.prothomalo.com/bangladesh/Khulna-road-accident-death-toll-4,zero point area,Khulna,4,20,Bus,driver lost control over the steering,Bangladesh,event,road accident,2016-01-31,11:47:17,Jan,1,Light rain,11,Jan,driver lost control over the steering
2394,Ex-minister Shahjahan Khan declared persona non grata in Khulna,2021-02-08 20:07:30,https://en.prothomalo.com/bangladesh/ex-minister-shahjahan-khan-declared-persona-non-grata-in-khulna,khulna press club,Khulna,0,0,Road Transport,unsavoury remarks about a safe roads activist,Bangladesh,event,road accident,2021-02-08,20:07:30,Feb,2,Clear sky,20,Feb,unsavoury remarks about a safe roads activist
2395,3 killed in Cox’s Bazar road crash,2021-03-07 13:11:05,https://en.prothomalo.com/bangladesh/accident/3-killed-in-coxs-bazar-road-crash,kalatoli dolphin chattar,Cox's Bazar,3,7,Truck,ploughed through a footpath,Bangladesh,event,road accident,2021-03-07,13:11:05,Mar,3,Rain showers (moderate or heavy),13,Mar,ploughed through a footpath
2397,City road crash kills man ,2020-07-11 17:54:21,https://en.prothomalo.com/bangladesh/accident/city-road-crash-kills-man,near banani setu bhaban,Dhaka,1,0,,crossing a road,Bangladesh,event,road accident,2020-07-11,17:54:21,Jul,7,Light rain,17,Jul,crossing a road
2402,Explosion at Narayanganj flat burns 11 of two families,2021-04-23 11:41:02,https://en.prothomalo.com/bangladesh/accident/explosion-at-narayanganj-flat-burns-11-of-two-families,paschim talla area,Narayanganj,0,11,Apartment,gas accumulation from leakage,Bangladesh,event,road accident,2021-04-23,11:41:02,Apr,4,Partly cloudy,11,Apr,gas accumulation from leakage
2407,Woman dies of burn injuries in Chattogram fire,2020-11-09 14:38:08,https://en.prothomalo.com/bangladesh/accident/woman-dies-of-burn-injuries-in-chattogram-fire,"mariam bhaban, uttar kattali",Chattogram,1,8,,short circuit,Bangladesh,event,road accident,2020-11-09,14:38:08,Nov,11,Clear sky,14,Nov,short circuit
2409,Five deaths and the government's development vision,2022-10-11 17:13:00,https://en.prothomalo.com/opinion/op-ed/iooq2q6f1w,kanchpur bridge,,5,0,"Microbus, Battery-Run Auto-Rickshaw",auto-rickshaw coming down the wrong side of the road,Bangladesh,event,road accident,2022-10-11,17:13:00,Oct,10,,17,Oct,autorickshaw coming down the wrong side of the road
2410,Sirajganj road crash kills 3,2020-06-17 20:26:21,https://en.prothomalo.com/bangladesh/accident/sirajganj-road-crash-kills-3,nalka talukdar area of kamarkhand upazila,Sirajganj,3,2,Truck,head-on collision,Bangladesh,event,road accident,2020-06-17,20:26:21,Jun,6,Moderate rain,20,Jun,head-on collision
2411,Two cousins electrocuted in Kishoreganj,2020-07-03 19:00:13,https://en.prothomalo.com/bangladesh/accident/two-cousins-die-from-electrocution-in-kishoreganj,machimpur village,Kishoreganj,2,1,,electrocution,Bangladesh,event,road accident,2020-07-03,19:00:13,Jul,7,Light rain,19,Jul,electrocution
2412,Two killed in city road crash,2020-05-28 21:58:47,https://en.prothomalo.com/bangladesh/accident/two-killed-in-city-road-crash,minto road,Dhaka,2,0,Motorcycle,head-on collision,Bangladesh,event,road accident,2020-05-28,21:58:47,May,5,Heavy rain,21,May,head-on collision
2413,Two killed in city road crash,2020-05-28 21:58:47,https://en.prothomalo.com/bangladesh/Two-killed-in-city-road-crash,minto road,Dhaka,2,0,Motorcycle,head-on collision,Bangladesh,event,road accident,2020-05-28,21:58:47,May,5,Heavy rain,21,May,head-on collision
2414,Man killed in Jatrabari road accident,2016-01-23 12:57:13,https://en.prothomalo.com/bangladesh/Man-killed-in-Jatrabari-road-accident,jatrabari,Dhaka,1,0,Bus,bus hit him,Bangladesh,event,road accident,2016-01-23,12:57:13,Jan,1,Partly cloudy,12,Jan,bus hit him
2416,"Negligence of officials, owners behind MV Abhijan-10 fire: Citizens’ probe body",2022-01-22 20:52:24,https://en.prothomalo.com/bangladesh/accident/negligence-of-officials-owners-behind-mv-abhijan-10-fire-citizens-probe-body,jhalakathi,Jhalokati,50,0,Launch (Mv Abhijan-10),fire,Bangladesh,event,road accident,2022-01-22,20:52:24,Jan,1,Moderate rain,20,Jan,fire
2421,Two killed in road crash,2020-04-01 11:19:27,https://en.prothomalo.com/bangladesh/accident/two-killed-in-road-crash,mymensingh-kishoreganj road at charanipara in nandail upazila,Mymensingh,2,0,"Truck, By-Cycle",truck ran them over,Bangladesh,event,road accident,2020-04-01,11:19:27,Apr,4,Mainly clear,11,Apr,truck ran them over
2422,Agriculture official dies in road accident,2016-01-19 12:32:53,https://en.prothomalo.com/bangladesh/Agriculture-official-dies-in-road-accident,prodhaner haat area on the debiganj-nilphamari road in debiganj upazila,Panchagarh,2,0,Motorcycle And Bus,bus knocked down their vehicle,Bangladesh,event,road accident,2016-01-19,12:32:53,Jan,1,,12,Jan,bus knocked down their vehicle
2428,Motorcyclist killed on Mayor Hanif flyover,2020-08-06 20:12:36,https://en.prothomalo.com/bangladesh/accident/motorcyclist-killed-on-mayor-hanif-flyover,mayor hanif flyover in jatrabari,Dhaka,1,1,"Motorcycle, Passenger Bus",passenger bus hit motorcycle from behind,Bangladesh,event,road accident,2020-08-06,20:12:36,Aug,8,Moderate rain,20,Aug,passenger bus hit motorcycle from behind
2429,Trawler capsize kills at least 17 in Netrokona haor,2020-08-05 18:27:05,https://en.prothomalo.com/bangladesh/accident/trawler-capsize-kills-at-least-17-in-netrokona-haor,razalikanda haor,,17,0,Trawler,strong current,Bangladesh,event,road accident,2020-08-05,18:27:05,Aug,8,,18,Aug,strong current
2430,"ASI killed while chasing mugger in Dhaka

",2020-03-19 09:21:37,https://en.prothomalo.com/bangladesh/accident/asi-killed-while-chasing-mugger-in-dhaka,old airport,Dhaka,1,0,Motorcycle,chasing a snatcher,Bangladesh,event,road accident,2020-03-19,09:21:37,Mar,3,Partly cloudy,9,Mar,chasing a snatcher
2431,"Father, son killed as their motorbike hits power pole

",2020-10-19 08:34:54,https://en.prothomalo.com/bangladesh/accident/father-son-killed-as-their-motorbike-hits-power-pole,"konapara, jatrabari",Dhaka,2,0,Motorcycle,rammed into a roadside electrical pole,Bangladesh,event,road accident,2020-10-19,08:34:54,Oct,10,Light rain,8,Oct,rammed into a roadside electrical pole
2432,Three youths killed as bus crushes motorcycle,2020-09-19 12:13:16,https://en.prothomalo.com/bangladesh/accident/three-youths-killed-as-bus-crushes-motorcycle,dhaka-khulna highway at the college intersection,Gopalganj,3,0,"Bus, Motorcycle",bus hit motorcyclists,Bangladesh,event,road accident,2020-09-19,12:13:16,Sep,9,Light rain,12,Sep,bus hit motorcyclists
2442,Road crash kills three in Dhamrai,2020-08-03 16:21:08,https://en.prothomalo.com/bangladesh/road-crash-kills-three-in-dhamrai,bathuli bus-stand,Dhaka,3,2,"Bus, Pickup Van",bus hit a pickup van,Bangladesh,event,road accident,2020-08-03,16:21:08,Aug,8,Light rain,16,Aug,bus hit a pickup van
2445,Siblings killed in Feni road crash ,2020-07-18 00:57:00,https://en.prothomalo.com/bangladesh/accident/siblings-killed-in-feni-road-crash,gainbari,Feni,2,0,Cng Auto-Rickshaw,head-on collision,Bangladesh,event,road accident,2020-07-18,00:57:00,Jul,7,Light rain,0,Jul,head-on collision
2446,4 of a family among 6 killed in Barishal road crash,2020-09-09 20:57:06,https://en.prothomalo.com/bangladesh/accident/4-of-a-family-among-6-killed-in-barishal-road-crash,atipara area of wazirpur,Barishal,6,0,Covered-Van And Ambulance,head-on collision,Bangladesh,event,road accident,2020-09-09,20:57:06,Sep,9,Light rain,20,Sep,head-on collision
2447,"Mother, son among 5 killed in Rangpur road accident",2016-01-11 21:11:36,,rangpur-dinajpur road in rangpur’s pagla pir area,Rangpur,5,0,"Rickshaw Van, Vehicle Of Prison Guards",vehicle of prison guards rammed a rickshaw van,Bangladesh,event,road accident,2016-01-11,21:11:36,Jan,1,"Snow, moderate",21,Jan,vehicle of prison guards rammed a rickshaw van
2448,Five killed in Rangpur road accident,2016-01-11 20:38:47,,rangpur-dinajpur road in rangpur’s pagla pir area,Rangpur,5,0,Pick-Up Van And Rickshaw Van,pick-up van of prison police rammed a rickshaw van,Bangladesh,event,road accident,2016-01-11,20:38:47,Jan,1,"Snow, moderate",20,Jan,pickup van of prison police rammed a rickshaw van
2449,Bogura road crash kills four,2020-07-25 15:58:04,,matidhali,,4,2,Pickup Van,ran over,Bangladesh,event,road accident,2020-07-25,15:58:04,Jul,7,,15,Jul,ran over
2450,"Cop, man killed in road accidents",2016-01-11 13:11:54,https://en.prothomalo.com/bangladesh/Cop-man-killed-in-road-crash-2,rayerbag and kuril,Dhaka,2,0,Bus,hit by bus,Bangladesh,event,road accident,2016-01-11,13:11:54,Jan,1,Partly cloudy,13,Jan,hit by bus
2451,4 killed in Bogura road crash,2020-03-25 15:29:01,,"ghoga bottala, sherpur upazila",Bogra,4,10,"Bus, Truck",head-on collision,Bangladesh,event,road accident,2020-03-25,15:29:01,Mar,3,Mainly clear,15,Mar,head-on collision
2452,Pedestrian killed in Gopalganj road crash,2020-02-28 17:18:48,,dhaka-khulna highway in charchapta area,Gopalganj,1,0,Microbus,speeding microbus hit pedestrian crossing the road,Bangladesh,event,road accident,2020-02-28,17:18:48,Feb,2,Partly cloudy,17,Feb,speeding microbus hit pedestrian crossing the road
2453,Man dies in Babubazar road accident,2016-01-10 10:21:12,https://en.prothomalo.com/bangladesh/Man-dies-in-Babubazar-road-accident,babubazar,Dhaka,1,0,Human Hauler,hit by a human hauler,Bangladesh,event,road accident,2016-01-10,10:21:12,Jan,1,Partly cloudy,10,Jan,hit by a human hauler
2463,Road transport act must be implemented in full,2021-07-31 14:13:05,https://en.prothomalo.com/opinion/editorial/road-transport-act-must-be-implemented-in-full,airport road,Dhaka,2,0,Bus,reckless driving,Bangladesh,event,road accident,2021-07-31,14:13:05,Jul,7,Light rain,14,Jul,reckless driving
2465,Three killed in Gopalganj road crash,2020-07-30 13:16:40,https://en.prothomalo.com/bangladesh/accident/three-killed-in-gopalganj-road-crash,dhaka-khulna highway in kashiani,Gopalganj,3,2,Car,crashed into the railing of a railway flyover,Bangladesh,event,road accident,2020-07-30,13:16:40,Jul,7,Moderate rain,13,Jul,crashed into the railing of a railway flyover
2466,Two siblings die in shipyard inhaling toxic gas,2020-03-25 00:24:38,https://en.prothomalo.com/bangladesh/local-news/two-siblings-die-in-shipyard-inhaling-toxic-gas,madambibir hat,Chattogram,2,2,Vessel,inhaling toxic gas,Bangladesh,event,road accident,2020-03-25,00:24:38,Mar,3,Clear sky,0,Mar,inhaling toxic gas
2469,"Unauthorised buses on the roads, ‘appeasing’ the police

",2023-03-21 15:42:49,https://en.prothomalo.com/bangladesh/4x7harq0zr,padma bridge expressway,Gopalganj,19,0,Bus,"operating without route permit/fitness certificate, reckless speed",Bangladesh,event,road accident,2023-03-21,15:42:49,Mar,3,Heavy rain,15,Mar,operating without route permitfitness certificate reckless speed
2470,"Passenger safety restricted to law, not roads",2022-08-06 15:52:12,https://en.prothomalo.com/bangladesh/crime-and-law/1wavnwbh7p,tangail,Tangail,0,1,Bus,random pick-up of passengers leading to robbery and rape,Bangladesh,event,road accident,2022-08-06,15:52:12,Aug,8,Moderate rain,15,Aug,random pickup of passengers leading to robbery and rape
2473,No shelter for mother in her millionaire son's house,2021-09-10 22:26:42,https://en.prothomalo.com/bangladesh/local-news/no-shelter-for-mother-in-her-millionaire-sons-house,jalalabad residential area of sylhet,Sylhet,0,1,,accident,Bangladesh,event,road accident,2021-09-10,22:26:42,Sep,9,Moderate rain,22,Sep,accident
2475,Road crashes kill 3 in Dhaka,2021-03-04 22:18:37,https://en.prothomalo.com/bangladesh/accident/road-crashes-kill-3-in-dhaka,"khilkhet, postagola bridge and jatrabari areas",Dhaka,3,0,Drum Truck,speeding truck hit pedestrian,Bangladesh,event,road accident,2021-03-04,22:18:37,Mar,3,Clear sky,22,Mar,speeding truck hit pedestrian
2476,PM Hasina for bringing drivers under dope test,2020-10-22 14:23:02,https://en.prothomalo.com/bangladesh/pm-hasina-for-bringing-drivers-under-dope-test,bangladesh road transport authority (brta) auditorium,Dhaka,0,0,Vehicles,drug use by drivers,Bangladesh,event,road accident,2020-10-22,14:23:02,Oct,10,Heavy rain,14,Oct,drug use by drivers
2477,Road crash kills 12 in Chattogram,2020-03-21 22:53:05,https://en.prothomalo.com/bangladesh/accident/road-crash-kills-10-in-chattogram,padua,Chattogram,10,12,Truck And Human-Hauler,collision between truck and human-hauler,Bangladesh,event,road accident,2020-03-21,22:53:05,Mar,3,Partly cloudy,22,Mar,collision between truck and humanhauler
2480,Unfit launches spruced up for Eid trips,2022-04-25 17:43:19,,river routes across the country,Dhaka,0,0,Launch,"overloading of passengers, faulty vessels, risky competition, mismanagement and lack of trained, skilled and competent crews",Bangladesh,event,road accident,2022-04-25,17:43:19,Apr,4,Partly cloudy,17,Apr,overloading of passengers faulty vessels risky competition mismanagement and lack of trained skilled and competent crews
2484,"Child killed in Gaibandha road crash

",2020-03-13 19:00:37,https://en.prothomalo.com/bangladesh/accident/child-killed-in-gaibandha-road-crash,majhipara village,Gaibandha,1,0,Auto Rickshaw (Cng),being hit by a cng-run auto-rickshaw,Bangladesh,event,road accident,2020-03-13,19:00:37,Mar,3,Partly cloudy,19,Mar,being hit by a cngrun autorickshaw
2485,Tangail road crash kills 5,2020-03-28 09:50:26,,kandila,Tangail,5,11,Truck,overturned,Bangladesh,event,road accident,2020-03-28,09:50:26,Mar,3,Clear sky,9,Mar,overturned
2487,Man dies in road accident at Shahbagh,2015-12-29 10:37:12,https://en.prothomalo.com/bangladesh/Man-dies-in-road-accident-at-Shahbagh,shahbagh intersection,Dhaka,1,0,,,Bangladesh,event,road accident,2015-12-29,10:37:12,Dec,12,Partly cloudy,10,Dec,
2490,Padma boat capsize: Bride’s body retrieved,2020-03-09 10:44:14,https://en.prothomalo.com/bangladesh/local-news/padma-boat-capsize-brides-body-retrieved,padma river,Rajshahi,1,0,,boat capsize,Bangladesh,event,road accident,2020-03-09,10:44:14,Mar,3,,10,Mar,boat capsize
2491,3 killed in Rangpur road crash,2020-04-26 16:36:06,,rngpur-dinajpur highway at paglapir,Dinajpur,3,5,"Truck, Human Hauler",truck hit two human haulers,Bangladesh,event,road accident,2020-04-26,16:36:06,Apr,4,Light rain,16,Apr,truck hit two human haulers
2492,Shitalakshya launch capsize: Death toll jumps to 28,2021-04-05 23:04:34,https://en.prothomalo.com/bangladesh/accident/shitalakshya-launch-capsize-death-toll-jumps-to-28,shitalakshya river,Narayanganj,28,0,Launch And Oil Tanker,hit by an oil-laden tanker,Bangladesh,event,road accident,2021-04-05,23:04:34,Apr,4,Mainly clear,23,Apr,hit by an oilladen tanker
2493,Two siblings killed by pickup truck ,2020-06-12 00:14:51,,"basta gazinda village, hemayetpur-manikganj highway",Manikganj,2,0,Pickup Truck,driver lost control over the steering,Bangladesh,event,road accident,2020-06-12,00:14:51,Jun,6,Moderate rain,0,Jun,driver lost control over the steering
2494,"Mymensingh road crash kills 7
",2020-08-08 22:59:31,,roychora area on muktagachha-jamalpur road,Mymensingh,7,0,Bus And Cng,head on collision between bus and cng,Bangladesh,event,road accident,2020-08-08,22:59:31,Aug,8,Dense rain,22,Aug,head on collision between bus and cng
2497,2 killed in Thakurgaon road crash,2020-05-08 11:09:37,https://en.prothomalo.com/bangladesh/local-news/2-killed-in-thakurgaon-road-crash,thakurgaon-dinajpur road,Thakurgaon,2,0,"Truck, Motorcycle",truck hit a motorbike,Bangladesh,event,road accident,2020-05-08,11:09:37,May,5,Light rain,11,May,truck hit motorcycle accident
2498,2 killed in Thakurgaon road crash,2020-05-08 11:09:37,https://en.prothomalo.com/bangladesh/2-killed-in-Thakurgaon-road-crash,thakurgaon-dinajpur road,Thakurgaon,2,0,"Truck, Motorcycle",truck hit a motorbike,Bangladesh,event,road accident,2020-05-08,11:09:37,May,5,Light rain,11,May,truck hit motorcycle accident
2506,Bicyclist killed by city truck ,2020-07-06 09:49:43,https://en.prothomalo.com/bangladesh/accident/bicyclist-killed-by-city-truck,banani,Dhaka,1,0,"Truck, Bicycle",speeding truck hit bicyclist,Bangladesh,event,road accident,2020-07-06,09:49:43,Jul,7,Light rain,9,Jul,speeding truck hit bicyclist
2508,Army man electrocuted in Chattogram,2020-07-04 21:33:00,https://en.prothomalo.com/bangladesh/accident/army-man-electrocuted-in-chattogram,sitakunda upazila,Chattogram,1,0,,negligence of cable operators leading to electrocution,Bangladesh,event,road accident,2020-07-04,21:33:00,Jul,7,Moderate rain,21,Jul,negligence of cable operators leading to electrocution
2509,2 die as trawler capsizes in Barishal,2020-05-06 18:10:40,https://en.prothomalo.com/bangladesh/accident/2-die-as-trawler-capsizes-in-barishal,meghna river,Barishal,2,0,Trawler,capsized during stormy weather,Bangladesh,event,road accident,2020-05-06,18:10:40,May,5,Light rain,18,May,capsized during stormy weather
2511,BRT project generates immense suffering,2022-10-28 16:53:37,https://en.prothomalo.com/bangladesh/v1xw17tpwq,cherag ali area of tongi,Gazipur,0,0,Bus Rapid Transit (Brt),"construction work narrowed the road down and created numerous potholes, knee-deep water accumulates",Bangladesh,event,road accident,2022-10-28,16:53:37,Oct,10,Clear sky,16,Oct,construction work narrowed the road down and created numerous potholes kneedeep water accumulates
2512,Five killed in Tangail boat capsize,2020-07-31 21:31:39,,"kaoaljani river, gilabari area",Tangail,5,0,,electrocution due to contact with a live wire in mid-river,Bangladesh,event,road accident,2020-07-31,21:31:39,Jul,7,Moderate rain,21,Jul,electrocution due to contact with a live wire in midriver
2515,2 killed in Narsingdi road crash,2020-03-20 11:01:42,https://en.prothomalo.com/bangladesh/accident/2-killed-in-narsingdi-road-crash,dhaka-sylhet highway,Narsingdi,2,6,,,Bangladesh,event,road accident,2020-03-20,11:01:42,Mar,3,Partly cloudy,11,Mar,
2516,2 killed in Narsingdi road crash,2020-03-20 11:01:42,https://en.prothomalo.com/bangladesh/2-killed-in-Narsingdi-road-crash,dhaka-sylhet highway at madhabdi,Narsingdi,2,6,,,Bangladesh,event,road accident,2020-03-20,11:01:42,Mar,3,Partly cloudy,11,Mar,
2521,"2 killed in Bogura road crash

",2020-05-17 15:21:40,,sherpur-dhaka highway at zamuna para,Sherpur,2,3,"Truck, Auto-Rickshaw",truck hit an auto-rickshaw,Bangladesh,event,road accident,2020-05-17,15:21:40,May,5,Dense rain,15,May,truck hit an autorickshaw
2523,"Three killed, 20 injured in Magura road crash
",2020-09-18 17:45:02,https://en.prothomalo.com/bangladesh/accident/three-killed-20-injured-in-magura-road-crash,dhaka-khulna highway in mugi area of magura sadar upazila,Magura,3,20,Bus,head-on collision between two buses,Bangladesh,event,road accident,2020-09-18,17:45:02,Sep,9,Dense rain,17,Sep,headon collision between two buses
2525,"Ambulance falls into pond with dead body

",2020-06-24 15:18:24,https://en.prothomalo.com/bangladesh/local-news/ambulance-falls-into-pond-with-dead-body,bagatipara,Natore,0,7,Ambulance,fell into a pond,Bangladesh,event,road accident,2020-06-24,15:18:24,Jun,6,Heavy rain,15,Jun,fell into a pond
2526,2 killed in Tangail traffic accident,2015-12-17 14:10:20,https://en.prothomalo.com/bangladesh/2-killed-in-Tangail-traffic-accident,soratoil area,Tangail,2,9,Bus And A Truck,collision,Bangladesh,event,road accident,2015-12-17,14:10:20,Dec,12,Partly cloudy,14,Dec,collision
2527,8 killed in Sirajganj road accident,2015-12-15 15:35:13,https://en.prothomalo.com/bangladesh/8-killed-in-Sirajganj-road-accident,nagarbari-bogra highway,Sirajganj,8,0,"Oil Tanker, Thee-Wheeler",collision between vehicles,Bangladesh,event,road accident,2015-12-15,15:35:13,Dec,12,Partly cloudy,15,Dec,collision between vehicles
2528,7 die in Rajshahi road accident,2015-12-15 15:33:15,https://en.prothomalo.com/bangladesh/7-die-in-Rajshahi-road-accident,"machhkata dighi poshchimpara, rajshahi",Rajshahi,7,48,"Bus, Auto-Rickshaw",head-on collision,Bangladesh,event,road accident,2015-12-15,15:33:15,Dec,12,,15,Dec,head-on collision
2533,"Father saves son from a Royal Bengal Tiger in Sundarbans

",2021-04-15 20:22:18,,deep forest of the sundarbans,Satkhira,0,1,"Boat, Coast Guard Speedboat",tiger attack,Bangladesh,event,road accident,2021-04-15,20:22:18,Apr,4,Moderate rain,20,Apr,tiger attack
2536,Man cleans blood from floor to destroy evidence of murdering wife: Police ,2021-04-09 15:39:36,,hatirjheel,Dhaka,1,0,Car,orchestrated road accident to conceal murder,Bangladesh,event,road accident,2021-04-09,15:39:36,Apr,4,Light rain,15,Apr,orchestrated road accident to conceal murder
2537,"Wrongly jailed woman released after 3 years, only to die in a road crash",2021-07-04 23:05:37,,bayezid connecting road,Chattogram,1,0,,road crash,Bangladesh,event,road accident,2021-07-04,23:05:37,Jul,7,Dense rain,23,Jul,road accident
2539,Journo Abdullah Faruk killed in road accident,2015-12-13 12:14:18,,kakrail intersection,Dhaka,1,0,Truck,hit by a truck,Bangladesh,event,road accident,2015-12-13,12:14:18,Dec,12,Partly cloudy,12,Dec,hit by a truck
2542,2 killed in Sylhet road accident,2015-12-09 11:01:32,https://en.prothomalo.com/bangladesh/2-killed-in-Sylhet-road-accident,sylhet-dhaka highway at lalabazar in south surma upazila,Sylhet,2,4,Truck,a sylhet-bound truck rammed into a standing truck from behind,Bangladesh,event,road accident,2015-12-09,11:01:32,Dec,12,"Snow, moderate",11,Dec,a sylhetbound truck rammed into a standing truck from behind
2544,2 bikers killed in road accident,2015-12-08 11:06:43,,chandani,Rajbari,2,0,"Truck, Motorcycle",truck rammed into their motorcycle,Bangladesh,event,road accident,2015-12-08,11:06:43,Dec,12,Partly cloudy,11,Dec,truck rammed into their motorcycle
2547,2 cops killed in road accidents,2015-12-15 12:00:41,https://en.prothomalo.com/bangladesh/2-cops-killed-in-road-accidents,jessore,,2,0,,,Bangladesh,event,road accident,2015-12-15,12:00:41,Dec,12,,12,Dec,
2548,Young man killed in road accident at Rampura,2015-12-15 11:28:53,https://en.prothomalo.com/bangladesh/Young-man-killed-in-road-accident-at-Rampura,"rampura area, in front of molla tower, opposite bangladesh television bhaban",Dhaka,1,0,Unidentified Vehicle,vehicle ran over victim,Bangladesh,event,road accident,2015-12-15,11:28:53,Dec,12,Partly cloudy,11,Dec,vehicle ran over victim
2552,How to bring order to Dhaka streets,2021-11-25 19:19:30,https://en.prothomalo.com/opinion/op-ed/how-to-bring-order-to-dhaka-streets,gulistan,Dhaka,1,0,Dumpster Truck,hit by dumpster truck,Bangladesh,event,road accident,2021-11-25,19:19:30,Nov,11,Clear sky,19,Nov,hit by dumpster truck
2555,Launch capsize: 30 bodies recovered from Buriganga,2020-06-29 14:57:26,,buriganga river,,30,0,,capsized,Bangladesh,event,road accident,2020-06-29,14:57:26,Jun,6,,14,Jun,unknown
2557,'I am ready to sacrifice my limb',2022-04-10 21:03:04,https://en.prothomalo.com/bangladesh/city/i-am-ready-to-sacrifice-my-limb,dhaka university,Dhaka,0,1,Motorcycle,motorcycle accident,Bangladesh,event,road accident,2022-04-10,21:03:04,Apr,4,Moderate rain,21,Apr,motorcycle accident
2559,Preparations must be taken to ensure success of metro rail ,2021-09-01 17:05:32,https://en.prothomalo.com/opinion/editorial/preparations-must-be-taken-to-ensure-success-of-metro-rail,uttara to pallabi,Dhaka,0,0,Metro Rail,,Bangladesh,event,road accident,2021-09-01,17:05:32,Sep,9,Light rain,17,Sep,
2560,Quader for probe as Khalid smells deep conspiracy,2021-08-31 18:33:30,https://en.prothomalo.com/bangladesh/government/quader-for-probe-as-khalid-smells-deep-conspiracy,padma bridge,Munshiganj,0,0,,ferry hitting padma bridge,Bangladesh,event,road accident,2021-08-31,18:33:30,Aug,8,Light rain,18,Aug,ferry hitting padma bridge
2562,2 killed in Pabna road crash,2020-02-28 12:00:18,https://en.prothomalo.com/bangladesh/accident/2-killed-in-pabna-road-crash,pabna-dhaka highway at madhupur in ataikula upazila,Pabna,2,3,Covered Van And A Truck,collision,Bangladesh,event,road accident,2020-02-28,12:00:18,Feb,2,Partly cloudy,12,Feb,collision
2563,2 killed in Pabna road crash,2020-02-28 12:00:18,https://en.prothomalo.com/bangladesh/2-killed-in-Pabna-road-crash-2,pabna-dhaka highway at madhupur,Pabna,2,3,Covered Van And A Truck,collision,Bangladesh,event,road accident,2020-02-28,12:00:18,Feb,2,Partly cloudy,12,Feb,collision
2565,2 killed in Rajshahi road crash,2020-02-12 11:56:13,https://en.prothomalo.com/bangladesh/2-killed-in-Rajshahi-road-crash-3,razabari intersection,Rajshahi,2,3,"Pickup, Truck",pickup crashed into a parked truck,Bangladesh,event,road accident,2020-02-12,11:56:13,Feb,2,,11,Feb,pickup crashed into a parked truck
2566,2 killed in Rajshahi road crash,2020-02-12 11:56:13,https://en.prothomalo.com/bangladesh/2-killed-in-Rajshahi-road-crash,razabari intersection,Rajshahi,2,3,Pickup And Parked Truck,collision between pickup and parked truck,Bangladesh,event,road accident,2020-02-12,11:56:13,Feb,2,,11,Feb,collision between pickup and parked truck
2568,BM Container Depot owners flouted rules,2022-06-13 16:07:00,https://en.prothomalo.com/bangladesh/bm-container-depot-owners-flouted-rules,bm container depot,Chattogram,0,0,Container,flouting safety guidelines for hazardous substances storage,Bangladesh,event,road accident,2022-06-13,16:07:00,Jun,6,Moderate rain,16,Jun,flouting safety guidelines for hazardous substances storage
2570,Man killed in Satkhira road crash,2020-02-11 15:11:24,https://en.prothomalo.com/bangladesh/Man-killed-in-Satkhira-road-crash,kumira secondary school,Satkhira,1,0,Bus,hit by bus,Bangladesh,event,road accident,2020-02-11,15:11:24,Feb,2,Clear sky,15,Feb,hit by bus
2571,Road crash amid virus lockdown kills two,2020-04-25 14:53:02,https://en.prothomalo.com/bangladesh/accident/road-crash-amid-virus-lockdown-kills-two,jaigirhat bus stand,Rangpur,2,4,"Truck, Rickshaw, Van, Bicyclist",truck hit rickshaw and van,Bangladesh,event,road accident,2020-04-25,14:53:02,Apr,4,Dense rain,14,Apr,truck hit rickshaw and van
2574,Six killed in Chuadanga road crash,2020-08-08 12:47:21,https://en.prothomalo.com/bangladesh/local-news/five-killed-in-chuadanga-road-crash,sarojganj bazar,Chuadanga,6,3,"Bus, Motorcycle, Human Hauler",bus hitting motorcycle and human haulers,Bangladesh,event,road accident,2020-08-08,12:47:21,Aug,8,Moderate rain,12,Aug,bus hitting motorcycle and human haulers
2575,"Road crash kills 2 of a family in Munshiganj

",2020-03-17 22:56:17,https://en.prothomalo.com/bangladesh/accident/road-crash-kills-2-of-a-family-in-munshiganj,dhaka-mawa highway in keyotkhiya area of sreenagar upazila,Munshiganj,2,0,"Truck, Motor-Cycle",truck hit a motor-cycle,Bangladesh,event,road accident,2020-03-17,22:56:17,Mar,3,rain not reaching ground,22,Mar,truck hit a motorcycle
2576,Road crash kill two in Gazipur,2020-02-15 13:27:29,https://en.prothomalo.com/bangladesh/Road-crash-kill-two-in-Gazipur,dhaka-mymensingh highway in rajendrapur area,Gazipur,2,10,,,Bangladesh,event,road accident,2020-02-15,13:27:29,Feb,2,Mainly clear,13,Feb,
2577,College student killed in road crash,2020-01-13 23:38:43,https://en.prothomalo.com/bangladesh/College-student-killed-in-road-crash-5,digholi kazibari,Sylhet,1,1,"Motorcycle, Human-Hauler",collision with human-hauler,Bangladesh,event,road accident,2020-01-13,23:38:43,Jan,1,Partly cloudy,23,Jan,collision with humanhauler
2578,College student killed in road crash,2020-01-13 23:38:43,https://en.prothomalo.com/bangladesh/College-student-killed-in-road-crash-4,digholi kazibari,Sylhet,1,1,"Motorcycle, Human-Hauler",crash between human-hauler and motorcycle,Bangladesh,event,road accident,2020-01-13,23:38:43,Jan,1,Partly cloudy,23,Jan,crash between humanhauler and motorcycle
2579,College student killed in road crash,2020-01-13 23:38:43,https://en.prothomalo.com/bangladesh/College-student-killed-in-road-crash-3,digholi kazibari,Sylhet,1,1,"Motorcycle, Human-Hauler",human-hauler crashed into motorcycle,Bangladesh,event,road accident,2020-01-13,23:38:43,Jan,1,Partly cloudy,23,Jan,humanhauler crashed into motorcycle
2580,College student killed in road crash,2020-01-13 23:38:43,https://en.prothomalo.com/bangladesh/College-student-killed-in-road-crash-2,digholi kazibari,Sylhet,1,1,"Motorcycle, Human-Hauler",human-hauler crashed into motorcycle,Bangladesh,event,road accident,2020-01-13,23:38:43,Jan,1,Partly cloudy,23,Jan,humanhauler crashed into motorcycle
2581,College student killed in road crash,2020-01-13 23:38:43,https://en.prothomalo.com/bangladesh/College-student-killed-in-road-crash,digholi kazibari,Sylhet,1,1,"Human-Hauler, Motorcycle",human-hauler crashed into motorcycle,Bangladesh,event,road accident,2020-01-13,23:38:43,Jan,1,Partly cloudy,23,Jan,humanhauler crashed into motorcycle
2584,Bus driver killed in Jashore road crash,2020-02-19 14:14:38,,navaran-satkhira road at harikeni,Jashore,1,15,Bus,head-on collision,Bangladesh,event,road accident,2020-02-19,14:14:38,Feb,2,Partly cloudy,14,Feb,head-on collision
2586,Minor’s body retrieved from canal,2020-02-03 12:41:02,,kadamtola area,Dhaka,1,0,,fell into a canal,Bangladesh,event,road accident,2020-02-03,12:41:02,Feb,2,Clear sky,12,Feb,fell into a canal
2587,"HC summons two police investigators over death of Minu Akhter
",2021-08-16 21:40:58,https://en.prothomalo.com/bangladesh/crime-and-law/hc-summons-two-police-investigators-over-death-of-minu-akhter,chattogram,Chattogram,1,0,,,Bangladesh,event,road accident,2021-08-16,21:40:58,Aug,8,Light rain,21,Aug,
2589,Road crash kills 2 in Dhaka,2020-01-17 13:53:20,,saddam market,Dhaka,2,0,,,Bangladesh,event,road accident,2020-01-17,13:53:20,Jan,1,Clear sky,13,Jan,
2594,"Uncle, nephew killed in Joypurhat road accident",2015-11-20 13:13:18,https://en.prothomalo.com/bangladesh/Uncle-nephew-killed-in-Joypurhat-road-accident,khurikata in khetlal upazila,Joypurhat,2,9,Human Hauler,skidded off the road,Bangladesh,event,road accident,2015-11-20,13:13:18,Nov,11,Clear sky,13,Nov,skidded off the road
2598,3 killed as tractor hits bike,2020-01-31 22:24:02,,jagusa village,Jhenaidah,3,0,"Motorcycle, Tractor",tractor hit motorcycle,Bangladesh,event,road accident,2020-01-31,22:24:02,Jan,1,Partly cloudy,22,Jan,tractor hit motorcycle
2603,Five killed as bus hits human hauler,2020-01-12 18:19:27,,dhaka-khulna highway,Rajbari,5,2,"Bus, Human Hauler",collision,Bangladesh,event,road accident,2020-01-12,18:19:27,Jan,1,Mainly clear,18,Jan,collision
2605,2 killed in Chattogram road crash,2020-03-12 10:17:26,https://en.prothomalo.com/bangladesh/accident/2-killed-in-chattogram-road-crash-4,chattogram-cox’s bazar highway at chunti banpukur,Chattogram,2,1,Goods-Laden Trolley,plunged into a roadside ditch,Bangladesh,event,road accident,2020-03-12,10:17:26,Mar,3,Mainly clear,10,Mar,plunged into a roadside ditch
2606,2 killed in Chattogram road crash,2020-03-12 10:17:26,https://en.prothomalo.com/bangladesh/accident/2-killed-in-chattogram-road-crash-2,chattogram-cox’s bazar highway at chunti banpukur,Chattogram,2,1,Goods-Laden Trolley,plunged into a roadside ditch,Bangladesh,event,road accident,2020-03-12,10:17:26,Mar,3,Mainly clear,10,Mar,plunged into a roadside ditch
2607,2 killed in Chattogram road crash,2020-03-12 10:17:26,https://en.prothomalo.com/bangladesh/2-killed-in-Chattogram-road-crash-2,chattogram-cox’s bazar highway at chunti banpukur,Chattogram,2,1,Other,plunged into a roadside ditch,Bangladesh,event,road accident,2020-03-12,10:17:26,Mar,3,Mainly clear,10,Mar,plunged into a roadside ditch
2609,Willes Little Flower School teacher’s hand severed in road crash,2020-03-10 20:38:05,https://en.prothomalo.com/bangladesh/accident/willes-little-flower-schools-teachers-hand-severed-in-road-crash,"ghonapara, gopalganj sadar upazila",Gopalganj,0,15,"Bus, Truck",bus hitting a stationed truck from behind,Bangladesh,event,road accident,2020-03-10,20:38:05,Mar,3,Partly cloudy,20,Mar,bus hitting a stationed truck from behind
2613,18 injured as car ploughed through Dhaka crowd,2020-02-23 15:29:26,https://en.prothomalo.com/bangladesh/18-injured-as-car-ploughs-through-Dhaka-crowd,kurmitola area,Dhaka,0,18,Car,ploughed through crowd,Bangladesh,event,road accident,2020-02-23,15:29:26,Feb,2,Partly cloudy,15,Feb,ploughed through crowd
2615,"Mother, daughter killed in road crash",2020-02-23 12:26:36,https://en.prothomalo.com/bangladesh/Mother-daughter-killed-in-road-crash-3,mouchak aambagan area,Gazipur,2,5,,,Bangladesh,event,road accident,2020-02-23,12:26:36,Feb,2,Light rain,12,Feb,
2617,"Mother, daughter killed in road crash",2020-02-23 12:26:36,https://en.prothomalo.com/bangladesh/Mother-daughter-killed-in-road-crash,mouchak aambagan area,Gazipur,2,5,Car,,Bangladesh,event,road accident,2020-02-23,12:26:36,Feb,2,Light rain,12,Feb,
2619,"Mother, daughter killed in road crash",2019-12-05 09:46:40,https://en.prothomalo.com/bangladesh/Mother-daughter-killed-in-road-crash-3,nabogram,Manikganj,2,0,Pickup Van,hit by pickup,Bangladesh,event,road accident,2019-12-05,09:46:40,Dec,12,Partly cloudy,9,Dec,hit by pickup
2620,"Mother, daughter killed in road crash",2019-12-05 09:46:40,https://en.prothomalo.com/bangladesh/Mother-daughter-killed-in-road-crash-2,nabogram,Manikganj,2,0,Pickup Van,hit,Bangladesh,event,road accident,2019-12-05,09:46:40,Dec,12,Partly cloudy,9,Dec,hit
2621,"Mother, daughter killed in road crash",2019-12-05 09:46:40,https://en.prothomalo.com/bangladesh/Mother-daughter-killed-in-road-crash,nabogram,Manikganj,2,0,Pickup Van,vehicle collision,Bangladesh,event,road accident,2019-12-05,09:46:40,Dec,12,Partly cloudy,9,Dec,vehicle collision
2622,Former cricketer killed in Manikganj road crash,2020-04-20 20:00:24,https://en.prothomalo.com/bangladesh/local-news/former-cricketer-killed-in-manikganj-road-crash,kalibari in daulatpur upazila,Manikganj,1,0,"Trolley Van, Motorbike",collision between a trolley van and the motorcycle,Bangladesh,event,road accident,2020-04-20,20:00:24,Apr,4,Heavy rain,20,Apr,collision between a trolley van and the motorcycle
2623,4 killed in Keraniganj road crash,2020-01-21 20:11:23,https://en.prothomalo.com/bangladesh/4-killed-in-Keraniganj-road-crash,hazratpur,Dhaka,4,2,Auto-Rickshaw And Motorbike,auto-rickshaw hit a motorbike,Bangladesh,event,road accident,2020-01-21,20:11:23,Jan,1,Partly cloudy,20,Jan,autorickshaw hit a motorbike
2625,Young man dies in Banani road accident,2015-11-11 10:49:01,https://en.prothomalo.com/bangladesh/Young-man-dies-in-Banani-road-accident,banani,Dhaka,1,0,"Truck, Motorcycle",truck hit motorcycle,Bangladesh,event,road accident,2015-11-11,10:49:01,Nov,11,Partly cloudy,10,Nov,truck hit motorcycle accident
2628,"Kaptai boat capsize: Bodies of mother, son retrieved",2020-02-18 21:48:56,https://en.prothomalo.com/bangladesh/Kaptai-boat-capsize-Bodies-of-mother-son,sarafbhata river in rangunia upazila in chattogram,Rangamati,2,0,,boat sank,Bangladesh,event,road accident,2020-02-18,21:48:56,Feb,2,,21,Feb,boat sank
2629,Two police officers die in road accidents,2015-11-10 14:51:10,https://en.prothomalo.com/bangladesh/Two-police-officers-die-in-road-accidents,dhaka and rajshahi,Dhaka,2,0,,,Bangladesh,event,road accident,2015-11-10,14:51:10,Nov,11,Partly cloudy,14,Nov,
2630,ASI killed in capital city road accident,2015-11-10 11:07:42,https://en.prothomalo.com/bangladesh/ASI-killed-in-capital-city-road-accident,airport roundabout,Dhaka,1,0,Buses,"collision between two buses, with a metallic substance piercing the victim's abdomen",Bangladesh,event,road accident,2015-11-10,11:07:42,Nov,11,Partly cloudy,11,Nov,collision between two buses with a metallic substance piercing the victims abdomen
2634,Where child labour is still very 'normal',2022-06-12 20:32:19,https://en.prothomalo.com/bangladesh/where-child-labour-is-still-very-normal,nurbagh,Dhaka,0,0,Machine,child labor,Bangladesh,event,road accident,2022-06-12,20:32:19,Jun,6,Heavy rain,20,Jun,child labor
2638,Collision between two buses claims two lives,2020-01-17 14:03:58,,shantirhat area,Chattogram,2,10,Bus,head-on collision,Bangladesh,event,road accident,2020-01-17,14:03:58,Jan,1,Clear sky,14,Jan,head-on collision
2639,Man rescued from sunken launch after 13 hours ‘doing well’ ,2020-06-30 09:00:08,https://en.prothomalo.com/bangladesh/accident/man-rescued-from-sunken-launch-after-13-hours-doing-well,buriganga river,Munshiganj,0,1,,launch-capsize incident,Bangladesh,event,road accident,2020-06-30,09:00:08,Jun,6,Light rain,9,Jun,launchcapsize incident
2640,"Not a student, yet he controls all activities at CoU ",2022-04-02 16:00:04,https://en.prothomalo.com/bangladesh/politics/not-a-student-yet-he-controls-all-activities-at-cu,comilla university campus,Cumilla,1,0,Vehicle,"political activity, demanding jobs and contracting work",Bangladesh,event,road accident,2022-04-02,16:00:04,Apr,4,Partly cloudy,16,Apr,political activity demanding jobs and contracting work
2642,3 killed in Dinajpur road crash,2020-01-29 11:40:40,,birampur-nawabganj road at jolagari,Dinajpur,3,0,Motorbike And A Vehicle Carrying A Dredger Machine,crash between a motorbike and a vehicle,Bangladesh,event,road accident,2020-01-29,11:40:40,Jan,1,Light rain,11,Jan,crash between a motorbike and a vehicle
2643,Chattogram bus plunge leaves two dead,2020-01-28 17:42:37,,chattogram-kaptai road at pahartoli in raozan upazila,Chattogram,2,15,Bus,plunged into a road side ditch,Bangladesh,event,road accident,2020-01-28,17:42:37,Jan,1,Clear sky,17,Jan,plunged into a road side ditch
2647,Six of a family injured in Sirajganj gas leakage fire,2020-02-24 15:02:09,https://en.prothomalo.com/bangladesh/Six-of-a-family-injured-in-Sirajganj-gas-leakage,dukhiabari village,Sirajganj,0,6,Gas Cylinder,leakage in gas cylinder pipe,Bangladesh,event,road accident,2020-02-24,15:02:09,Feb,2,Moderate rain,15,Feb,leakage in gas cylinder pipe
2648,2 killed in Mymensingh road crash,2020-01-26 10:50:58,https://en.prothomalo.com/bangladesh/accident/xmi9mzllmi,natun bazar,Mymensingh,2,5,"Truck, Auto-Rickshaw",truck hit auto-rickshaw,Bangladesh,event,road accident,2020-01-26,10:50:58,Jan,1,Partly cloudy,10,Jan,truck hit autorickshaw
2649,2 killed in Mymensingh road crash,2020-01-26 10:50:58,https://en.prothomalo.com/bangladesh/2-killed-in-Mymensingh-road-crash-3,natun bazar in muktagachha municipality area,Mymensingh,2,5,"Truck, Auto-Rickshaw",truck hit an auto-rickshaw,Bangladesh,event,road accident,2020-01-26,10:50:58,Jan,1,Partly cloudy,10,Jan,truck hit an autorickshaw
2650,2 killed in Mymensingh road crash,2020-01-26 10:50:58,https://en.prothomalo.com/bangladesh/2-killed-in-Mymensingh-road-crash,"natun bazar, muktagachha municipality area",Mymensingh,2,5,"Truck, Auto-Rickshaw",truck hit an auto-rickshaw,Bangladesh,event,road accident,2020-01-26,10:50:58,Jan,1,Partly cloudy,10,Jan,truck hit an autorickshaw
2654,Road crashes kill 4 in two districts,2020-03-20 14:52:50,https://en.prothomalo.com/bangladesh/accident/road-crashes-kill-4-in-two-districts-2,dhaka-mymensingh highway at bhandab in bhaluka upazila,Mymensingh,2,0,Truck,one truck hit another truck,Bangladesh,event,road accident,2020-03-20,14:52:50,Mar,3,Partly cloudy,14,Mar,one truck hit another truck
2655,Road crashes kill 4 in two districts,2020-03-20 14:52:50,https://en.prothomalo.com/bangladesh/accident/road-crashes-kill-4-in-two-districts,dhaka-mymensingh highway at bhandab in bhaluka upazila,Mymensingh,2,0,Truck,truck hit another truck,Bangladesh,event,road accident,2020-03-20,14:52:50,Mar,3,Partly cloudy,14,Mar,truck hit another truck
2656,3 killed as truck hits auto-rickshaw in Kushtia,2019-12-24 18:26:24,https://en.prothomalo.com/bangladesh/Prothom-Alo-English-Desk-11,kushtia-iswardi highway in bheramara upazila,Kushtia,3,2,"Truck, Auto-Rickshaw",truck crashed into an auto-rickshaw,Bangladesh,event,road accident,2019-12-24,18:26:24,Dec,12,Partly cloudy,18,Dec,truck crashed into an autorickshaw
2658,Lethal issue that flies under the radar despite growing to alarming levels in Dhaka,2022-11-16 12:47:24,,dhaka,Dhaka,0,0,"Motorcycle, Public Transport, Car","noise pollution, honking horns unnecessarily while waiting in traffic signals",Bangladesh,event,road accident,2022-11-16,12:47:24,Nov,11,Clear sky,12,Nov,noise pollution honking horns unnecessarily while waiting in traffic signals
2660,Two teens killed as bike hits electricity pole,2020-02-17 10:02:52,https://en.prothomalo.com/bangladesh/Two-teens-killed-as-bike-hits-electricity-pole,"maizbari, sunamganj",Sunamganj,2,2,Motorcycle,crashing into a roadside electricity pole,Bangladesh,event,road accident,2020-02-17,10:02:52,Feb,2,Mainly clear,10,Feb,crashing into a roadside electricity pole
2661,Schoolgirl killed in road crash,2019-12-18 10:50:50,https://en.prothomalo.com/bangladesh/Schoolgirl-killed-in-road-crash-2,joyhari,Chandpur,1,4,"Truck, Auto-Rickshaw",truck hit an auto-rickshaw,Bangladesh,event,road accident,2019-12-18,10:50:50,Dec,12,Clear sky,10,Dec,truck hit an autorickshaw
2662,Schoolgirl killed in road crash,2019-12-18 10:50:50,https://en.prothomalo.com/bangladesh/Schoolgirl-killed-in-road-crash,joyhari,Chandpur,1,4,"Truck, Auto-Rickshaw",truck hit an auto-rickshaw,Bangladesh,event,road accident,2019-12-18,10:50:50,Dec,12,Clear sky,10,Dec,truck hit an autorickshaw
2663,Three killed in Magura road crashes,2020-03-02 18:34:00,https://en.prothomalo.com/bangladesh/accident/three-killed-in-magura-road-crashes,magura sadar upazila,Magura,3,5,,,Bangladesh,event,road accident,2020-03-02,18:34:00,Mar,3,Light rain,18,Mar,
2664,5 killed as private car catches fire after falling into ditch,2020-03-01 20:24:18,https://en.prothomalo.com/bangladesh/accident/5-killed-as-private-car-catches-fire-after-falling-into-ditch,dhaka-barisal highway at chagalchira,Gopalganj,5,0,Car,falling into a roadside ditch and catching fire,Bangladesh,event,road accident,2020-03-01,20:24:18,Mar,3,Clear sky,20,Mar,falling into a roadside ditch and catching fire
2667,Road blocked in Munshiganj after JSC examinee killed in accident,2015-11-09 11:59:32,,"kuchiamora area, sirajdikhan upazila",Sirajganj,1,1,"Bus, Rickshaw",bus hit a rickshaw,Bangladesh,event,road accident,2015-11-09,11:59:32,Nov,11,Partly cloudy,11,Nov,bus hit a rickshaw
2668,Barisal road accident kills 2 siblings,2015-11-09 09:23:33,,ichladi,Barishal,2,4,"Micro Bus, Pickup",head-on collision,Bangladesh,event,road accident,2015-11-09,09:23:33,Nov,11,Partly cloudy,9,Nov,head-on collision
2669,"Brahmanbaria boat capsize: 21 bodies recovered, many missing",2021-08-28 10:36:12,https://en.prothomalo.com/bangladesh/accident/brahmanbaria-boat-capsize-21-bodies-recovered-many-missing,titas river of bijoynagar,Brahmanbaria,21,0,"Passenger Boat, Trawler, Cargo Ship",collision between vessels,Bangladesh,event,road accident,2021-08-28,10:36:12,Aug,8,Moderate rain,10,Aug,collision between vessels
2671,Two motorcyclists killed in road crash,2019-12-04 12:34:39,https://en.prothomalo.com/bangladesh/Two-motorcyclists-killed-in-road-crash-2,mahiarpur,Rangpur,2,0,Motorcycle,,Bangladesh,event,road accident,2019-12-04,12:34:39,Dec,12,Clear sky,12,Dec,
2672,Bus-truck collision kills five ,2020-03-14 19:20:07,https://en.prothomalo.com/bangladesh/local-news/bus-truck-collision-kills-five,khulna-mawa highway in kakdanga of fakirhat upazila,Bagerhat,5,12,"Bus, Truck",head on collision,Bangladesh,event,road accident,2020-03-14,19:20:07,Mar,3,Partly cloudy,19,Mar,head-on collision
2674,"Father, daughter electrocuted in Mymensingh",2019-11-26 15:15:00,https://en.prothomalo.com/bangladesh/Father-daughter-electrocuted-in-Mymensingh,dhopajangalia,Mymensingh,2,0,,electrocution,Bangladesh,event,road accident,2019-11-26,15:15:00,Nov,11,Partly cloudy,15,Nov,electrocution
2676,"IU students, teachers among 40 injured in road crash",2020-02-14 11:51:07,https://en.prothomalo.com/bangladesh/IU-students-teachers-among-40-injured-in-road,bittipara,Kushtia,0,40,,,Bangladesh,event,road accident,2020-02-14,11:51:07,Feb,2,Partly cloudy,11,Feb,
2677,3 killed as bus collides with ambulance in Rangpur,2020-01-15 13:09:23,https://en.prothomalo.com/bangladesh/3-killed-as-bus-collides-with-ambulance-in-Rangpur,bachurbanda area,Rangpur,3,2,Ambulance And Bus,head-on collision,Bangladesh,event,road accident,2020-01-15,13:09:23,Jan,1,Partly cloudy,13,Jan,head-on collision
2678,"4 killed in Rajshahi, Kushtia road crashes

",2020-03-25 12:31:08,https://en.prothomalo.com/bangladesh/accident/4-killed-in-rajshahi-kushtia-road-crashes,rajshahi-chapainawabganj highway at bijoynagar in godagari upazila and kushtia-iswardi highway at talbaria in mirpur upazila,Rajshahi,4,25,"Bus, Truck",head-on collision and picnic bus hit a truck,Bangladesh,event,road accident,2020-03-25,12:31:08,Mar,3,,12,Mar,headon collision and picnic bus hit a truck
2680,Sirajganj road crashes kill three,2020-02-25 21:04:07,https://en.prothomalo.com/bangladesh/Sirajganj-road-crashes-kill-three,raiganj upazila of sirajganj,Sirajganj,3,13,Road Accident Vehicles,,Bangladesh,event,road accident,2020-02-25,21:04:07,Feb,2,Moderate rain,21,Feb,
2682,One killed in city road crash,2019-11-27 15:27:50,https://en.prothomalo.com/bangladesh/One-killed-in-city-road-crash-2,gandaria,Dhaka,1,0,"Truck, Rickshaw",run over,Bangladesh,event,road accident,2019-11-27,15:27:50,Nov,11,Clear sky,15,Nov,run over
2683,One killed in city road crash,2019-11-27 15:27:50,https://en.prothomalo.com/bangladesh/One-killed-in-city-road-crash,gandaria,Dhaka,1,0,"Truck, Rickshaw",being run over by a truck,Bangladesh,event,road accident,2019-11-27,15:27:50,Nov,11,Clear sky,15,Nov,being run over by a truck
2684,Man killed in road crash,2019-10-27 11:58:22,https://en.prothomalo.com/bangladesh/Man-killed-in-road-crash-2,hatikumrul roundabout,Sirajganj,1,0,Truck And Bicycle,truck hit the bicycle,Bangladesh,event,road accident,2019-10-27,11:58:22,Oct,10,Partly cloudy,11,Oct,truck hit the bicycle
2685,Man killed in road crash,2019-10-27 11:58:22,https://en.prothomalo.com/bangladesh/Man-killed-in-road-crash-3,hatikumrul roundabout,Sirajganj,1,0,"Truck, Bicycle",truck hit bicycle,Bangladesh,event,road accident,2019-10-27,11:58:22,Oct,10,Partly cloudy,11,Oct,truck hit bicycle
2686,Man killed in road crash,2019-10-27 11:58:22,https://en.prothomalo.com/bangladesh/Man-killed-in-road-crash,hatikumrul roundabout,Sirajganj,1,0,"Truck, Bicycle",truck hit the bicycle,Bangladesh,event,road accident,2019-10-27,11:58:22,Oct,10,Partly cloudy,11,Oct,truck hit the bicycle
2687,College teacher killed in road crash,2019-12-27 00:12:32,,biraldoho mazar area of puthia upazila on dhaka-rajshahi highway,Rajshahi,1,0,"Truck, Motorcycle",hit by a goods-laden truck while trying to overtake a motorcycle,Bangladesh,event,road accident,2019-12-27,00:12:32,Dec,12,,0,Dec,hit by a goodsladen truck while trying to overtake a motorcycle
2689,Bogra road accident kills 3,2015-11-03 22:26:45,https://en.prothomalo.com/bangladesh/Bogra-road-accident-kills-3-2,bogura-rangpur highway,Bogra,3,35,"Bus, Truck",speeding bus collided with a truck,Bangladesh,event,road accident,2015-11-03,22:26:45,Nov,11,Light rain,22,Nov,speeding bus collided with a truck
2690,BCL leader among two killed in road crash,2020-01-08 23:35:18,,sunamganj-sylhet highway,Sunamganj,2,0,"Motorcycle, Pickup",collision,Bangladesh,event,road accident,2020-01-08,23:35:18,Jan,1,Partly cloudy,23,Jan,collision
2691,HC asks Green Line Paribahan to pay Russel another Tk 2m,2020-10-01 18:38:48,https://en.prothomalo.com/bangladesh/crime-and-law/hc-asks-green-line-paribahan-to-pay-russel-another-tk-2m,dholaipar,Dhaka,0,1,Bus,,Bangladesh,event,road accident,2020-10-01,18:38:48,Oct,10,Moderate rain,18,Oct,
2692,MV Abhijan-10 kept moving for 40 minutes after catching fire,2021-12-25 11:05:45,,"sugandha river, dapdapia point",Barishal,0,0,Mv Abhijan-10 Launch,fire in the engine room,Bangladesh,event,road accident,2021-12-25,11:05:45,Dec,12,Partly cloudy,11,Dec,fire in the engine room
2695,Narayanganj mosque blast: 4 Titas engineers among 8 suspended,2020-09-07 20:19:36,https://en.prothomalo.com/bangladesh/narayanganj-mosque-blast-4-titas-engineers-among-8-suspended,baitus salat jam-e-masjid in paschim talla area,Narayanganj,27,50,,explosion,Bangladesh,event,road accident,2020-09-07,20:19:36,Sep,9,Light rain,20,Sep,explosion
2699,Road crash kills 4 madrasa students,2020-03-15 14:00:44,https://en.prothomalo.com/bangladesh/local-news/road-crash-kills-4-madrasa-students,"konabari, kamarkhand",Sirajganj,4,0,"Bus, Truck",collision,Bangladesh,event,road accident,2020-03-15,14:00:44,Mar,3,Partly cloudy,14,Mar,collision
2704,Five drown as boat capsizes in Kaptai Lake,2020-02-14 15:58:09,https://en.prothomalo.com/bangladesh/Five-drown-as-boat-capsizes-in-Kaptai-Lake,kaptai lake,Rangamati,5,0,,collision with another boat,Bangladesh,event,road accident,2020-02-14,15:58:09,Feb,2,,15,Feb,collision with another boat
2705,Step up supervision of river routes,2021-04-17 15:40:29,https://en.prothomalo.com/opinion/editorial/step-up-supervision-of-river-routes,river shitalakshya near the under-construction third bridge,Narayanganj,34,0,Cargo Vessel And Launch,collision between vessels,Bangladesh,event,road accident,2021-04-17,15:40:29,Apr,4,Squalls,15,Apr,collision between vessels
2706,5 killed in road crash,2020-03-09 15:22:07,https://en.prothomalo.com/bangladesh/accident/5-killed-in-road-crash,hossain market bottola area,Tangail,5,1,,,Bangladesh,event,road accident,2020-03-09,15:22:07,Mar,3,Mainly clear,15,Mar,
2707,College teacher killed in Rajshahi road crash,2019-12-26 22:38:59,,dhaka-rajshahi highway,Rajshahi,1,0,Truck,crushed under the wheels,Bangladesh,event,road accident,2019-12-26,22:38:59,Dec,12,,22,Dec,crushed under the wheels
2709,Two schoolboys killed as truck hits motorbike in Sherpur,2020-02-21 17:45:13,,baromaisa area,Sherpur,2,1,"Truck, Motorcycle",truck rammed the motorbike,Bangladesh,event,road accident,2020-02-21,17:45:13,Feb,2,Partly cloudy,17,Feb,truck rammed the motorbike
2713,Gopalganj road crash kills 2,2019-11-21 11:52:57,https://en.prothomalo.com/bangladesh/Gopalganj-road-crash-kills-2-2,dhaka-khulna highway at dhundia,Gopalganj,2,0,"Covered Van, Pedal Van",collision between covered van and pedal van,Bangladesh,event,road accident,2019-11-21,11:52:57,Nov,11,Partly cloudy,11,Nov,collision between covered van and pedal van
2714,Gopalganj road crash kills 2,2019-11-21 11:52:57,https://en.prothomalo.com/bangladesh/Gopalganj-road-crash-kills-2,dhaka-khulna highway at dhundia,Gopalganj,2,0,"Covered Van, Pedal Van",collision between covered van and pedal van,Bangladesh,event,road accident,2019-11-21,11:52:57,Nov,11,Partly cloudy,11,Nov,collision between covered van and pedal van
2715,Gopalganj road crash kills 2,2019-11-21 11:52:57,https://en.prothomalo.com/bangladesh/Gopalganj-road-crash-kills-2-3,dhaka-khulna highway at dhundia,Gopalganj,2,0,"Covered Van, Pedal Van",covered van hit pedal van,Bangladesh,event,road accident,2019-11-21,11:52:57,Nov,11,Partly cloudy,11,Nov,covered van hit pedal van
2717,City road crash kills pedestrian,2020-01-04 18:51:19,https://en.prothomalo.com/bangladesh/City-road-crash-kills-pedestrian,west kalshi road,Dhaka,1,0,Covered Van,pedestrian hit by vehicle,Bangladesh,event,road accident,2020-01-04,18:51:19,Jan,1,Light rain,18,Jan,pedestrian hit by vehicle
2718, Mayur-2 launch owner on 3-day remand,2020-07-09 23:46:12,https://en.prothomalo.com/bangladesh/crime-and-law/mayur-2-launch-owner-on-3-day-remand,buriganga river,Dhaka,34,0,,launch capsize,Bangladesh,event,road accident,2020-07-09,23:46:12,Jul,7,Moderate rain,23,Jul,launch capsize
2719,Chuadanga road crash kills one,2019-11-27 12:59:39,https://en.prothomalo.com/bangladesh/Chuadanga-road-crash-kills-one,brac intersection,Chuadanga,1,0,Truck,truck hit pedestrian,Bangladesh,event,road accident,2019-11-27,12:59:39,Nov,11,Clear sky,12,Nov,truck hit pedestrian
2721,Compel owners and drivers to follow the law,2021-01-21 14:24:34,https://en.prothomalo.com/opinion/editorial/compel-owners-and-drivers-to-follow-the-law,near the airport in the capital city,Dhaka,2,0,"Motorbike, Bus",reckless driving by bus,Bangladesh,event,road accident,2021-01-21,14:24:34,Jan,1,Partly cloudy,14,Jan,reckless driving by bus
2727,'How much earlier do I have to start out?',2022-03-29 14:27:03,https://en.prothomalo.com/opinion/op-ed/how-much-earlier-do-i-have-to-start-out,dhaka city,Dhaka,0,0,Cng-Run Autorickshaw,traffic jams,Bangladesh,event,road accident,2022-03-29,14:27:03,Mar,3,Light rain,14,Mar,traffic jams
2728,Paralyzed woman dies as city building catches fire,2020-02-28 13:32:58,https://en.prothomalo.com/bangladesh/accident/paralyzed-woman-dies-as-city-building-catches-fire,bashbari mandir road,Dhaka,1,0,,fire,Bangladesh,event,road accident,2020-02-28,13:32:58,Feb,2,Partly cloudy,13,Feb,fire
2735,Couple killed in Cumilla road crash,2020-01-01 13:03:39,https://en.prothomalo.com/bangladesh/Couple-killed-in-Cumilla-road-crash,dhaka-chattogram highway at sujatpur in chouddagram upazila,Cumilla,2,2,Car,hit a roadside tree,Bangladesh,event,road accident,2020-01-01,13:03:39,Jan,1,Rain showers (moderate or heavy),13,Jan,hit a roadside tree
2736,Woman dies as scarf tangles with rickshaw wheel,2019-12-31 15:31:03,https://en.prothomalo.com/bangladesh/Woman-dies-as-scarf-tangles-with-rickshaw-wheel,jontrail purbopara mosque,,1,0,Auto-Rickshaw,scarf got tangled with a wheel of an auto-rickshaw,Bangladesh,event,road accident,2019-12-31,15:31:03,Dec,12,,15,Dec,scarf got tangled with a wheel of an autorickshaw
2738,"Student killed by lorry, protesters block road",2020-01-27 16:15:56,https://en.prothomalo.com/bangladesh/Student-killed-by-lorry-protesters-block-road,near baldha garden,Dhaka,1,0,Wasa Lorry,protest blocking road after student was hit and killed,Bangladesh,event,road accident,2020-01-27,16:15:56,Jan,1,Partly cloudy,16,Jan,protest blocking road after student was hit and killed
2744,Woman with burn injuries dies at DMCH,2019-12-14 22:12:12,https://en.prothomalo.com/bangladesh/Woman-with-burn-injuries-dies-at-DMCH,jurain area,Dhaka,1,0,Kerosene Stove,stove blast,Bangladesh,event,road accident,2019-12-14,22:12:12,Dec,12,Mainly clear,22,Dec,stove blast
2745,Two killed in Kushtia road crashes,2020-01-25 23:44:39,https://en.prothomalo.com/bangladesh/Two-killed-in-Kushtia-road-crashes,kushtia-rajbari highway,Kushtia,1,0,Nosimon,hit by a nosimon,Bangladesh,event,road accident,2020-01-25,23:44:39,Jan,1,Clear sky,23,Jan,hit by a nosimon
2746,"Man, nephew 'electrocuted'",2019-10-31 12:08:02,https://en.prothomalo.com/bangladesh/Man-nephew-electrocuted,damodorpur village,Gaibandha,2,0,,electrocution,Bangladesh,event,road accident,2019-10-31,12:08:02,Oct,10,Light rain,12,Oct,electrocution
2750,2 killed in Rajshahi road crash,2019-12-13 11:15:24,https://en.prothomalo.com/bangladesh/2-killed-in-Rajshahi-road-crash-3,rajshahi-natore highway,Rajshahi,2,0,"Bus, Motorbike",,Bangladesh,event,road accident,2019-12-13,11:15:24,Dec,12,,11,Dec,
2751,2 killed in Rajshahi road crash,2019-12-13 11:15:24,https://en.prothomalo.com/bangladesh/2-killed-in-Rajshahi-road-crash,rajshahi-natore highway,Rajshahi,2,0,Bus And Motorbike,bus hit a motorbike,Bangladesh,event,road accident,2019-12-13,11:15:24,Dec,12,,11,Dec,bus hit motorcycle accident
2752,"Daughter killed, mother injured in city road crash",2020-01-23 22:22:39,,tikatuli,Dhaka,1,1,"Covered Van, Rickshaw",covered van hit the rickshaw,Bangladesh,event,road accident,2020-01-23,22:22:39,Jan,1,Partly cloudy,22,Jan,covered van hit the rickshaw
2753,Siblings among 3 construction workers electrocuted,2020-01-22 16:54:19,,buriganga river in hazaribagh area,Dhaka,3,2,,electrocution,Bangladesh,event,road accident,2020-01-22,16:54:19,Jan,1,Clear sky,16,Jan,electrocution
2754,Two motorcyclists killed in Keraniganj road crash,2019-12-25 19:48:22,,zhilmil residential area,Dhaka,2,0,"Truck, Motorcycle",truck hit motorcycle,Bangladesh,event,road accident,2019-12-25,19:48:22,Dec,12,Partly cloudy,19,Dec,truck hit motorcycle accident
2756,Man killed in Jashore road crash,2019-12-20 11:36:43,https://en.prothomalo.com/bangladesh/Man-killed-in-Jashore-road-crash,jashore-jhenaidah road,Jashore,1,1,Bus,run over by a bus,Bangladesh,event,road accident,2019-12-20,11:36:43,Dec,12,Partly cloudy,11,Dec,run over by a bus
2757,Road crash claims five lives,2020-02-14 12:59:54,https://en.prothomalo.com/bangladesh/Road-crash-claims-five-lives,dhaka-khulna highway at pona bus stand,Gopalganj,5,5,"Bus, Human Hauler",collision between bus and human hauler,Bangladesh,event,road accident,2020-02-14,12:59:54,Feb,2,Partly cloudy,12,Feb,collision between bus and human hauler
2759,5 killed after two buses collide in Rajbari,2019-12-18 20:29:44,https://en.prothomalo.com/bangladesh/5-killed-after-two-buses-collide-in-Rajbari,rajbari-kushtia road in gandimara area,Rajbari,5,30,Bus,head-on collision,Bangladesh,event,road accident,2019-12-18,20:29:44,Dec,12,Clear sky,20,Dec,head-on collision
2761,2 of a family among 4 killed in road crash,2020-01-29 21:15:04,https://en.prothomalo.com/bangladesh/2-of-a-family-among-4-killed-in-Mymensingh-road,mymensingh-kishoreganj highway,Mymensingh,4,2,"Bus, Auto-Rickshaw",bus collided with auto-rickshaw,Bangladesh,event,road accident,2020-01-29,21:15:04,Jan,1,Partly cloudy,21,Jan,bus collided with autorickshaw
2762,"Jamuna boat capsize toll rises to five, 13 still missing",2020-05-27 13:15:06,https://en.prothomalo.com/bangladesh/accident/jamuna-boat-capsize-toll-rises-to-five-13-still-missing,jamuna river,Sirajganj,5,0,,capsized,Bangladesh,event,road accident,2020-05-27,13:15:06,May,5,Heavy rain,13,May,unknown
2764,Two killed in Rajshahi road crash,2019-12-15 13:24:17,https://en.prothomalo.com/bangladesh/Two-killed-in-Rajshahi-road-crash,tetultola,Rajshahi,2,0,Motorcycle,road accident,Bangladesh,event,road accident,2019-12-15,13:24:17,Dec,12,,13,Dec,road accident
2770,5 killed in road accident,2015-10-13 12:40:18,https://en.prothomalo.com/bangladesh/5-killed-in-road-accident,dhaka-tangail highway in sutrapur area,Gazipur,5,6,Bus And Human Hauler (Leguna),collision,Bangladesh,event,road accident,2015-10-13,12:40:18,Oct,10,Moderate rain,12,Oct,collision
2777,Security guard killed in city road crash,2019-11-27 08:53:29,https://en.prothomalo.com/bangladesh/Security-guard-killed-in-city-road-crash,gulshan area,Dhaka,1,0,Car,vehicle collision,Bangladesh,event,road accident,2019-11-27,08:53:29,Nov,11,Clear sky,8,Nov,vehicle collision
2780,"Mother, daughter among 3 killed in road crash",2020-02-02 13:34:02,https://en.prothomalo.com/bangladesh/Mother-daughter-among-3-killed-in-road-crash-2,dhaka-aricha highway in nabinagar area of savar,Dhaka,3,0,"Bus, Rickshaw",bus hit a rickshaw from behind,Bangladesh,event,road accident,2020-02-02,13:34:02,Feb,2,Clear sky,13,Feb,bus hit a rickshaw from behind
2781,"Mother, daughter among 3 killed in road crash",2020-02-02 13:34:02,https://en.prothomalo.com/bangladesh/Mother-daughter-among-3-killed-in-road-crash,"nabinagar area of savar, dhaka",Dhaka,3,0,"Bus, Rickshaw",bus hit rickshaw from behind,Bangladesh,event,road accident,2020-02-02,13:34:02,Feb,2,Clear sky,13,Feb,bus hit rickshaw from behind
2782,Two killed as motorcycles collide in Netrakona,2019-11-25 22:56:56,https://en.prothomalo.com/bangladesh/Two-killed-as-motorcycles-collide-in-Netrakona,netrakona-mohanganj road,Netrakona,2,3,Motorcycles,head-on collision,Bangladesh,event,road accident,2019-11-25,22:56:56,Nov,11,,22,Nov,head-on collision
2783,Magura road crash kills 2,2019-10-26 16:52:05,https://en.prothomalo.com/bangladesh/Magura-road-crash-kills-2-3,jhenidah-magura road,Magura,2,0,"Truck, Motorcycle",truck hit the motorcycle head-on,Bangladesh,event,road accident,2019-10-26,16:52:05,Oct,10,Light rain,16,Oct,truck hit the motorcycle headon
2787,4 missing as trawler sinks in Padma river,2019-12-21 09:57:45,,antar crossing,Rajbari,4,0,Trawler,sank,Bangladesh,event,road accident,2019-12-21,09:57:45,Dec,12,Partly cloudy,9,Dec,sank
2789,"Truck driver, assistant killed in road crash",2020-01-03 00:01:00,,bogura-dhaka highway in sherpur's chandaikona roroya area,Sherpur,2,1,Truck And Bus,head-on collision,Bangladesh,event,road accident,2020-01-03,00:01:00,Jan,1,Moderate rain,0,Jan,head-on collision
2795,Man killed in road crash,2019-12-31 11:03:57,https://en.prothomalo.com/bangladesh/Man-killed-in-road-crash-2,digraj,Bagerhat,1,0,Truck,ran over,Bangladesh,event,road accident,2019-12-31,11:03:57,Dec,12,Clear sky,11,Dec,ran over
2796,Man killed in road crash,2019-12-31 11:03:57,https://en.prothomalo.com/bangladesh/Man-killed-in-road-crash-3,digraj,Bagerhat,1,0,Truck,,Bangladesh,event,road accident,2019-12-31,11:03:57,Dec,12,Clear sky,11,Dec,
2797,Man killed in road crash,2019-12-31 11:03:57,https://en.prothomalo.com/bangladesh/Man-killed-in-road-crash,digraj,Bagerhat,1,0,Truck,truck ran over him,Bangladesh,event,road accident,2019-12-31,11:03:57,Dec,12,Clear sky,11,Dec,truck ran over him
2798,"Illegal gas-power connections behind Narayanganj mosque blast, says Titas",2020-09-17 21:16:51,,narayanganj mosque,Narayanganj,27,9,,"illegal gas and electricity connections, leakage from gas pipeline",Bangladesh,event,road accident,2020-09-17,21:16:51,Sep,9,Light rain,21,Sep,illegal gas and electricity connections leakage from gas pipeline
2800,Over 100 lives lost along the 4km stretch,2021-08-09 19:26:52,https://en.prothomalo.com/bangladesh/accident/over-100-lives-lost-along-the-4km-stretch,"matuail along the dhaka-chattagram highway, in front of shishu matrisadan institute hospital",Dhaka,1,0,Bus,hit by a bus while crossing the street,Bangladesh,event,road accident,2021-08-09,19:26:52,Aug,8,Light rain,19,Aug,hit by a bus while crossing the street
2801,Road crashes kill 11 in three districts,2020-07-31 23:01:56,https://en.prothomalo.com/bangladesh/accident/road-crashes-kill-11-in-three-districts,boraya chanpur in osmaninagar upazila,Sylhet,5,1,"Bus, Private Car",bus hit a private car,Bangladesh,event,road accident,2020-07-31,23:01:56,Jul,7,Moderate rain,23,Jul,bus hit a private car
2803,"Mother, daughter among 3 killed in road crash",2019-12-12 15:00:30,https://en.prothomalo.com/bangladesh/Mother-daughter-among-3-killed-in-road-crash-2,dhaka-kapasia-monohardi road in kapasia,Gazipur,3,2,"Bus, Auto Rickshaw",bus hit an auto rickshaw,Bangladesh,event,road accident,2019-12-12,15:00:30,Dec,12,Thunderstorm (slight),15,Dec,bus hit an auto rickshaw
2804,"Mother, daughter among 3 killed in road crash",2019-12-12 15:00:30,https://en.prothomalo.com/bangladesh/Mother-daughter-among-3-killed-in-road-crash,dhaka-kapasia-monohardi road,Gazipur,3,2,"Bus, Auto Rickshaw",bus hitting auto rickshaw,Bangladesh,event,road accident,2019-12-12,15:00:30,Dec,12,Thunderstorm (slight),15,Dec,bus hitting auto rickshaw
2805,Withdraw cases against students,2020-07-30 19:44:35,https://en.prothomalo.com/opinion/editorial/withdraw-cases-against-students,"dhaka, bangladesh",Dhaka,2,0,,,Bangladesh,event,road accident,2020-07-30,19:44:35,Jul,7,Light rain,19,Jul,
2808,Satkhira road crash kills 1,2019-11-13 13:29:18,https://en.prothomalo.com/bangladesh/Satkhira-road-crash-kills-1-3,patkelghata bazar,Satkhira,1,0,Three-Wheeler And Motorcycle,collision,Bangladesh,event,road accident,2019-11-13,13:29:18,Nov,11,Partly cloudy,13,Nov,collision
2809,Satkhira road crash kills 1,2019-11-13 13:29:18,https://en.prothomalo.com/bangladesh/Satkhira-road-crash-kills-1-2,patkelghata bazar,Satkhira,1,0,Three-Wheeler And Motorcycle,collision,Bangladesh,event,road accident,2019-11-13,13:29:18,Nov,11,Partly cloudy,13,Nov,collision
2810,Satkhira road crash kills 1,2019-11-13 13:29:18,https://en.prothomalo.com/bangladesh/Satkhira-road-crash-kills-1,patkelghata bazar,Satkhira,1,0,"Three-Wheeler, Motorcycle",collision,Bangladesh,event,road accident,2019-11-13,13:29:18,Nov,11,Partly cloudy,13,Nov,collision
2812,Killing of Mohib Ullah underscores violence in camps,2021-10-02 09:01:29,https://en.prothomalo.com/bangladesh/bangladesh-in-world-media/killing-of-mohib-ullah-underscores-violence-in-camps,refugee camps outside cox's bazar,Cox's Bazar,1,0,,gun violence,Bangladesh,event,road accident,2021-10-02,09:01:29,Oct,10,Light rain,9,Oct,gun violence
2814,3 killed in truck-bus collision,2019-11-26 11:07:19,,dhaka-barishal highway,Faridpur,3,0,"Bus, Truck",head-on collision,Bangladesh,event,road accident,2019-11-26,11:07:19,Nov,11,Partly cloudy,11,Nov,head-on collision
2815,"Road crash ends  actress Asha Chowdhury’s life, dreams ",2021-01-05 21:39:48,,technical intersection,Dhaka,1,0,"Truck, Motorcycle",truck hit the motorbike,Bangladesh,event,road accident,2021-01-05,21:39:48,Jan,1,Clear sky,21,Jan,truck hit the motorbike
2817,Narayanganj mosque blast: Toll rises to 21,2020-09-06 09:38:50,,narayanganj mosque,Narayanganj,21,0,,explosion and fire,Bangladesh,event,road accident,2020-09-06,09:38:50,Sep,9,Light rain,9,Sep,explosion and fire
2819,Bus falls into pond in Noakhali,2019-11-08 22:24:40,,kalugazir pukur area,Noakhali,0,0,Bus,plunged into a pond,Bangladesh,event,road accident,2019-11-08,22:24:40,Nov,11,Dense rain,22,Nov,plunged into a pond
2820,Three of a family killed in Tangail road crash,2019-12-06 11:33:11,https://en.prothomalo.com/bangladesh/Three-of-a-family-killed-in-Tangail-road-crash,dhaka-tangail highway near the bangabandhu bridge,Tangail,3,5,Car,road crash,Bangladesh,event,road accident,2019-12-06,11:33:11,Dec,12,Partly cloudy,11,Dec,road accident
2821,Keraniganj fire death toll climbs to 14,2019-12-14 12:31:20,,keraniganj,Dhaka,14,0,,plastic factory fire,Bangladesh,event,road accident,2019-12-14,12:31:20,Dec,12,Mainly clear,12,Dec,plastic factory fire
2823,Four killed in Rangpur road accident,2015-09-16 22:40:26,,rangpur-dhaka highway,Rangpur,4,40,,,Bangladesh,event,road accident,2015-09-16,22:40:26,Sep,9,Moderate rain,22,Sep,
2825,"35,000 families living in Khagrachhari hills amid landslide risk

",2020-07-23 12:55:32,https://en.prothomalo.com/bangladesh/local-news/35000-families-living-in-khagrachhari-hills-amid-landslide-risk,khagrachhari hill slopes,Khagrachhari,0,0,,landslides triggered by heavy rains,Bangladesh,event,road accident,2020-07-23,12:55:32,Jul,7,Moderate rain,12,Jul,landslides triggered by heavy rains
2826,2 killed in Cumilla road crash,2019-11-13 11:59:36,https://en.prothomalo.com/bangladesh/accident/sv6idq6a0i,dhaka-chattogram highway at korpai,Cumilla,2,0,Pick-Up Van,van plunged into a roadside ditch,Bangladesh,event,road accident,2019-11-13,11:59:36,Nov,11,Partly cloudy,11,Nov,van plunged into a roadside ditch
2827,2 killed in Cumilla road crash,2019-11-13 11:59:36,https://en.prothomalo.com/bangladesh/2-killed-in-Cumilla-road-crash,dhaka-chattogram highway at korpai,Dhaka,2,0,Pick-Up Van,plunged into a roadside ditch,Bangladesh,event,road accident,2019-11-13,11:59:36,Nov,11,Lightning visible,11,Nov,plunged into a roadside ditch
2828,"Blast at traffic police box: Security beefed up in Chattogram

",2020-02-29 16:13:07,https://en.prothomalo.com/bangladesh/crime-and-law/blast-at-traffic-police-box-security-beefed-up-in-chattogram,soloshohor area,Chattogram,0,5,,explosion at a traffic police box,Bangladesh,event,road accident,2020-02-29,16:13:07,Feb,2,Clear sky,16,Feb,explosion at a traffic police box
2829,Road crash kills college girl,2019-09-28 23:14:42,https://en.prothomalo.com/bangladesh/Bangladesh-Road-crash-kills-college-girl,dhaka-rangpur highway,Rangpur,1,0,Bus,speeding bus,Bangladesh,event,road accident,2019-09-28,23:14:42,Sep,9,Moderate rain,23,Sep,speeding bus
2831,"3 killed as microbus cylinder blasts being hit by bus, truck",2019-11-10 10:14:06,https://en.prothomalo.com/bangladesh/3-killed-as-microbus-cylinder-blasts-being-hit-by,gobindapur,Cumilla,3,5,"Microbus, Bus, Truck",gas cylinder explosion after collision with bus and truck,Bangladesh,event,road accident,2019-11-10,10:14:06,Nov,11,Heavy rain,10,Nov,gas cylinder explosion after collision with bus and truck
2841,Seven killed in Dinajpur road crash,2020-07-07 00:00:17,https://en.prothomalo.com/bangladesh/accident/five-killed-two-injured-in-dinajpur-road-crash,25-mile point on the dinajpur-panchagarh highway in birganj upazila,Dinajpur,7,0,Rickshaw-Van,,Bangladesh,event,road accident,2020-07-07,00:00:17,Jul,7,Moderate rain,0,Jul,
2845,"Father, son missing in Chapainawabganj boat capsize",2019-10-08 19:16:16,,padma river,Nawabganj,2,0,,boat capsized,Bangladesh,event,road accident,2019-10-08,19:16:16,Oct,10,Moderate rain,19,Oct,boat capsized
2854,2 bodies recovered in Padma trawler capsize,2019-12-22 22:57:28,https://en.prothomalo.com/bangladesh/2-bodies-recovered-in-Padma-trawler-capsize,padma river at debgram kawaljani,Rajbari,2,0,Trawler,trawler sank,Bangladesh,event,road accident,2019-12-22,22:57:28,Dec,12,Rain showers (violent),22,Dec,trawler sank
2855,"Meghna trawler capsize: One dead, four others missing",2019-11-11 11:39:58,https://en.prothomalo.com/bangladesh/Meghna-trawler-capsize-1-killed-4-others-missing,river meghna,Bhola,1,0,Fishing Trawler,sank,Bangladesh,event,road accident,2019-11-11,11:39:58,Nov,11,Light rain,11,Nov,sank
2856,"One killed, 10-15 feared missing in launch collision",2019-12-07 16:14:01,https://en.prothomalo.com/bangladesh/One-killed-10-15-feared-missing-in-launch,river meghna,Narayanganj,1,5,Launch,head-on collision,Bangladesh,event,road accident,2019-12-07,16:14:01,Dec,12,Partly cloudy,16,Dec,head-on collision
2857,Padma river speedboat crash toll rises to 4,2019-10-25 12:57:42,https://en.prothomalo.com/bangladesh/Padma-river-speedboat-crash-toll-rises-to-4,padma river in zajira upazila,Shariatpur,4,0,Speed Boat,collision between two speedboats,Bangladesh,event,road accident,2019-10-25,12:57:42,Oct,10,Light rain,12,Oct,collision between two speedboats
2858,3 hurt as police vehicle hits lamp post on footpath,2019-11-08 15:11:48,https://en.prothomalo.com/bangladesh/3-hurt-as-police-vehicle-hits-lamp-post-ploughs,chandrima udyan,Dhaka,0,3,,,Bangladesh,event,road accident,2019-11-08,15:11:48,Nov,11,Moderate rain,15,Nov,
2859,"Habiganj, Brahmanbaria road crashes kill 14",2020-03-06 11:19:11,https://en.prothomalo.com/bangladesh/accident/habiganj-brahmanbaria-road-crashes-kill-14,dhaka-sylhet highway at kandigaon in nabiganj upazila,Habiganj,14,9,Microbus,crashed into a roadside tree,Bangladesh,event,road accident,2020-03-06,11:19:11,Mar,3,Dense rain,11,Mar,crashed into a roadside tree
2860,Three killed in separate road crashes ,2020-03-04 12:41:16,https://en.prothomalo.com/bangladesh/accident/3-killed-in-separate-road-crashes,begumganj-sonaimuri road in begumganj upazila,Noakhali,2,3,,,Bangladesh,event,road accident,2020-03-04,12:41:16,Mar,3,Light rain,12,Mar,
2862,6 high school students killed in road crash,2020-03-01 14:17:58,https://en.prothomalo.com/bangladesh/accident/6-high-school-students-killed-in-road-crash,durgapur upazila,Netrakona,6,20,"Pick-Up Van, Truck",head-on collision,Bangladesh,event,road accident,2020-03-01,14:17:58,Mar,3,,14,Mar,head-on collision
2863,Indefinite strike by lighterage vessel workers disrupts works at Chattogram port,2020-10-20 17:41:16,,chattogram port,Chattogram,0,0,Lighterage Vessels And Oil Tankers,strike by water transport workers,Bangladesh,event,road accident,2020-10-20,17:41:16,Oct,10,Heavy rain,17,Oct,strike by water transport workers
2864,2 killed in Gazipur road accident,2015-09-11 13:06:36,,nayanpur on the dhaka-mymensingh highway,Gazipur,2,3,"Bus, Cng-Run Auto-Rickshaw",bus knocked down a cng-run auto-rickshaw,Bangladesh,event,road accident,2015-09-11,13:06:36,Sep,9,Moderate rain,13,Sep,bus knocked down a cngrun autorickshaw
2865,"Permanent solution needed to remove overhead cables in the city

",2020-10-19 13:14:28,,dhaka metropolis,Dhaka,0,0,Cables,unregulated installation of cables,Bangladesh,event,road accident,2020-10-19,13:14:28,Oct,10,Light rain,13,Oct,unregulated installation of cables
2866,Army man killed in Chattogram road crash,2019-11-06 11:01:10,https://en.prothomalo.com/bangladesh/Army-man-killed-in-Chattogram-road-crash,dhaka-chattogram highway at fouzdarhat,Chattogram,1,1,,,Bangladesh,event,road accident,2019-11-06,11:01:10,Nov,11,Partly cloudy,11,Nov,
2867,2 pedestrians killed in Kurigram road crash,2019-12-02 19:46:51,https://en.prothomalo.com/bangladesh/2-pedestrians-killed-in-Kurigram-road-crash,chowrasta intersection of kurigram town,Kurigram,2,16,"Truck, Auto-Rickshaw",truck crashed into auto-rickshaw and pedestrians,Bangladesh,event,road accident,2019-12-02,19:46:51,Dec,12,Partly cloudy,19,Dec,truck crashed into autorickshaw and pedestrians
2871,3 missing as sand-laden vessel sinks in Meghna,2019-11-17 12:14:58,https://en.prothomalo.com/bangladesh/3-missing-as-sand-laden-vessel-sinks-in-Meghna,river meghna,Munshiganj,0,0,Vessel And Launch,collision between vessel and launch,Bangladesh,event,road accident,2019-11-17,12:14:58,Nov,11,Partly cloudy,12,Nov,collision between vessel and launch
2872,Youth killed as microbus hits him,2019-09-03 13:36:11,,palashbari,Gaibandha,1,0,Microbus,hit by microbus,Bangladesh,event,road accident,2019-09-03,13:36:11,Sep,9,Moderate rain,13,Sep,hit by microbus
2873,Gas cylinder blast kills 5 children,2019-10-30 20:28:18,https://en.prothomalo.com/bangladesh/Gas-cylinder-blast-kills-4-children,rupnagar residential area,Dhaka,5,0,,gas cylinder blast,Bangladesh,event,road accident,2019-10-30,20:28:18,Oct,10,Partly cloudy,20,Oct,gas cylinder blast
2875,One killed in Mirpur road accident,2015-08-29 19:24:26,,mirpur-10 area,Dhaka,1,0,Bus,run over by a passenger bus,Bangladesh,event,road accident,2015-08-29,19:24:26,Aug,8,Moderate rain,19,Aug,run over by a passenger bus
2877,2 killed as lorry falls off bridge in Chattogram,2019-10-28 16:24:53,,kalushah nagar area on dhaka-chattogram highway,Chattogram,2,0,Truck,fell off a bridge,Bangladesh,event,road accident,2019-10-28,16:24:53,Oct,10,Partly cloudy,16,Oct,fell off a bridge
2882,"2 killed in Chandpur, Benapole road crashes",2019-12-05 13:58:42,https://en.prothomalo.com/bangladesh/2-killed-in-Chandpur-Benapole-road-crashes,"amtala-gatipara road, sharsha upazila",Jashore,2,0,"Trolley, Truck",truck hit trolley,Bangladesh,event,road accident,2019-12-05,13:58:42,Dec,12,Partly cloudy,13,Dec,truck hit trolley
2883,College student killed in road crash,2019-12-04 15:44:51,https://en.prothomalo.com/bangladesh/College-student-killed-in-road-crash-5,kashimpur,,1,2,Motorcycle,returning home by motorcycle,Bangladesh,event,road accident,2019-12-04,15:44:51,Dec,12,,15,Dec,returning home by motorcycle
2884,College student killed in road crash,2019-12-04 15:44:51,https://en.prothomalo.com/bangladesh/College-student-killed-in-road-crash-4,kashimpur,,1,2,Motorcycle,returning home,Bangladesh,event,road accident,2019-12-04,15:44:51,Dec,12,,15,Dec,returning home
2886,College student killed in road crash,2019-12-04 15:44:51,https://en.prothomalo.com/bangladesh/College-student-killed-in-road-crash-2,kashimpur,,1,2,Motorcycle,returning home by motorcycle,Bangladesh,event,road accident,2019-12-04,15:44:51,Dec,12,,15,Dec,returning home by motorcycle
2887,College student killed in road crash,2019-12-04 15:44:51,https://en.prothomalo.com/bangladesh/College-student-killed-in-road-crash,kashimpur,,1,2,Motorcycle,returning home by motorcycle,Bangladesh,event,road accident,2019-12-04,15:44:51,Dec,12,,15,Dec,returning home by motorcycle
2888,Brahmanbaria road crash kill 2 forest officials,2019-10-10 13:03:39,https://en.prothomalo.com/bangladesh/Brahmanbaria-road-crash-kill-2-forest-officials,cumilla-sylhet highway at ghatura,Brahmanbaria,2,0,"Truck, Motorcycle",truck hitting motorbike,Bangladesh,event,road accident,2019-10-10,13:03:39,Oct,10,Moderate rain,13,Oct,truck hitting motorbike
2889,Gas cylinder explosion kills 2,2019-10-09 14:53:26,https://en.prothomalo.com/bangladesh/Gas-cylinder-explosion-kills-2,srirampur village,Brahmanbaria,2,0,,gas cylinder explosion,Bangladesh,event,road accident,2019-10-09,14:53:26,Oct,10,Light rain,14,Oct,gas cylinder explosion
2891,3 motorcyclists killed in road crash,2019-11-18 11:04:08,https://en.prothomalo.com/bangladesh/3-motorcyclists-killed-in-road-crash-2,afania area of sonaimuri upazila,Noakhali,3,1,Motorbike And A Bus,collision,Bangladesh,event,road accident,2019-11-18,11:04:08,Nov,11,Mainly clear,11,Nov,collision
2892,3 motorcyclists killed in road crash,2019-11-18 11:04:08,https://en.prothomalo.com/bangladesh/3-motorcyclists-killed-in-road-crash,dhaka-noakhali road in afania area,Noakhali,3,1,Motorbike And A Bus,collision,Bangladesh,event,road accident,2019-11-18,11:04:08,Nov,11,Mainly clear,11,Nov,collision
2894,Two killed as bike falls into pond,2019-10-22 13:08:21,https://en.prothomalo.com/bangladesh/Biker-pillion-rider-killed-as-bike-falls-into,khoksha upazila,Kushtia,2,1,Motorcycle,plunged into a pond,Bangladesh,event,road accident,2019-10-22,13:08:21,Oct,10,Moderate rain,13,Oct,plunged into a pond
2895,"‘Gas pipeline blast’, wall collapse kill 7",2019-11-17 13:35:15,https://en.prothomalo.com/bangladesh/‘Gas-pipeline-blast-’-wall-collapse-kills-7,brickfield road in patharghata,Chattogram,7,0,,wall collapse following gas pipeline explosion,Bangladesh,event,road accident,2019-11-17,13:35:15,Nov,11,Duststorm or sandstorm,13,Nov,wall collapse following gas pipeline explosion
2896,Three killed as bus falls into ditch,2019-10-08 10:22:25,https://en.prothomalo.com/bangladesh/Three-killed-as-bus-falls-into-ditch,kumardia,Faridpur,3,9,Bus,driver lost control over steering,Bangladesh,event,road accident,2019-10-08,10:22:25,Oct,10,Moderate rain,10,Oct,driver lost control over steering
2897,3 killed as trucks collide,2019-09-10 16:20:23,https://en.prothomalo.com/bangladesh/3-killed-as-trucks-collide,rampal power plant bypass road beside khulna-mongla highway,Khulna,3,1,Truck,moving truck hit a standing truck,Bangladesh,event,road accident,2019-09-10,16:20:23,Sep,9,Moderate rain,16,Sep,moving truck hit a standing truck
2898,"Schoolboy killed, many feared trapped as building collapses in Narayanganj",2019-11-03 18:56:58,https://en.prothomalo.com/bangladesh/Schoolboy-killed-many-feared-trapped-as-building,babubail area of narayanganj city,Narayanganj,1,0,Building,constructed without following the building code,Bangladesh,event,road accident,2019-11-03,18:56:58,Nov,11,Partly cloudy,18,Nov,constructed without following the building code
2900,Four shops gutted in Syhet market fire,2019-08-26 11:49:14,https://en.prothomalo.com/bangladesh/Four-shops-gutted-in-Syhet-market-fire,bangla bazar market,Sylhet,0,0,,fire,Bangladesh,event,road accident,2019-08-26,11:49:14,Aug,8,Moderate rain,11,Aug,fire
2902,Lightning strike kills two brothers,2019-09-20 21:01:28,https://en.prothomalo.com/environment/Lightning-strike-kills-two-brothers,gulishakhali village,Barguna,2,0,Motorcycle,lightning strike,Bangladesh,event,road accident,2019-09-20,21:01:28,Sep,9,Moderate rain,21,Sep,lightning strike
2904,Truck hits traffic police to death,2019-07-06 11:21:38,https://en.prothomalo.com/bangladesh/Truck-hits-traffic-police-to-death,jatrabari intersecti,Dhaka,1,0,Truck,truck hit traffic police,Bangladesh,event,road accident,2019-07-06,11:21:38,Jul,7,Dense rain,11,Jul,truck hit traffic police
2905,Faridpur road crash death toll rises to 4,2019-11-13 18:10:44,https://en.prothomalo.com/bangladesh/Faridpur-road-crash-death-toll-rises-to-4,faridpur,Faridpur,4,2,,,Bangladesh,event,road accident,2019-11-13,18:10:44,Nov,11,Mainly clear,18,Nov,
2906,Tractor kills 2 school students in Kishoreganj,2019-09-18 20:20:34,https://en.prothomalo.com/bangladesh/Tractor-kills-2-school-students-in-Kishoreganj,lakhpur,Kishoreganj,2,0,Tractor,tractor hit students,Bangladesh,event,road accident,2019-09-18,20:20:34,Sep,9,Partly cloudy,20,Sep,tractor hit students
2907,Cumilla road crash kills two,2019-08-20 11:06:06,https://en.prothomalo.com/bangladesh/Cumilla-road-crash-kills-two,kursap on dhaka-chattogram highway,Cumilla,2,3,,,Bangladesh,event,road accident,2019-08-20,11:06:06,Aug,8,Moderate rain,11,Aug,
2909,State minister avoids disclosing cause of Buriganga launch capsize,2020-07-07 20:35:34,,buriganga river,Dhaka,32,0,,negligence,Bangladesh,event,road accident,2020-07-07,20:35:34,Jul,7,Light rain,20,Jul,negligence
2912,2 killed in roof collapse at Barapukuria coal mine,2019-10-27 22:26:24,https://en.prothomalo.com/bangladesh/2-killed-in-roof-collapse-at-Barapukuria-coal-mine,barapukuria coal mine,Dinajpur,2,3,,collapse of the roof of an under-construction power substation,Bangladesh,event,road accident,2019-10-27,22:26:24,Oct,10,Light rain,22,Oct,collapse of the roof of an underconstruction power substation
2913,Karnaphuli oil spill: Ship owner fined Tk 30m,2019-10-27 18:01:59,https://en.prothomalo.com/environment/Karnaphuli-oil-spill-Ship-owner-fined-Tk-30m,"karnaphuli river, dolphin oil jetty-3 area of chittagong port",Chattogram,0,0,"Oil Tanker, Lighterage Ship",collision between two vessels,Bangladesh,event,road accident,2019-10-27,18:01:59,Oct,10,Light rain,18,Oct,collision between two vessels
2918,Bank official dies in road accident,2015-08-17 15:57:11,https://en.prothomalo.com/bangladesh/Bank-official-dies-in-road-accident,dhour area,Dhaka,1,1,"Truck, Motorcycle",truck hit the bike,Bangladesh,event,road accident,2015-08-17,15:57:11,Aug,8,Moderate rain,15,Aug,truck hit the bike
2919,2 motorcyclists killed in Kurigram road crash,2019-08-26 20:01:41,https://en.prothomalo.com/bangladesh/2-motorcyclists-killed-in-Kurigram-road-crash,chandipur bazar,Kurigram,2,2,Motorcycle,head-on collision between two motorcycles,Bangladesh,event,road accident,2019-08-26,20:01:41,Aug,8,Light rain,20,Aug,headon collision between two motorcycles
2920,"Gazipur road crash kills father, son",2019-08-26 17:28:34,https://en.prothomalo.com/bangladesh/Gazipur-road-crash-kills-father-son,dhaka bypass at meghdubi,Gazipur,2,1,Covered Van And Auto-Rickshaw,covered van hit an auto-rickshaw,Bangladesh,event,road accident,2019-08-26,17:28:34,Aug,8,Light rain,17,Aug,covered van hit an autorickshaw
2923,Keraniganj fire death toll rises to 11,2019-12-12 14:27:55,https://en.prothomalo.com/bangladesh/Keraniganj-fire-death-toll-rises-to-11,keraniganj,Dhaka,11,0,Other (Industrial),plastic factory fire,Bangladesh,event,road accident,2019-12-12,14:27:55,Dec,12,Partly cloudy,14,Dec,plastic factory fire
2926,"Mother, son die after falling off running bus in Narayanganj",2019-12-11 14:49:47,https://en.prothomalo.com/bangladesh/Mother-son-die-after-falling-off-running-bus-in,shimultali area,Narayanganj,2,0,Bus,fell off a running bus,Bangladesh,event,road accident,2019-12-11,14:49:47,Dec,12,Squalls,14,Dec,fell off a running bus
2927,Barishal road crash kills 2,2019-10-05 13:00:49,https://en.prothomalo.com/bangladesh/Barishal-road-crash-kills-2,dhaka-barishal highway in kashimpur,Barishal,2,2,"Private Car, Three-Wheeler",car hit a three-wheeler,Bangladesh,event,road accident,2019-10-05,13:00:49,Oct,10,Light rain,13,Oct,car hit a threewheeler
2935,Road crash kills 2,2019-06-16 11:40:54,https://en.prothomalo.com/bangladesh/Road-crash-kills-2,salavora,Gazipur,2,0,Cement-Laden Truck,overturned,Bangladesh,event,road accident,2019-06-16,11:40:54,Jun,6,Moderate rain,11,Jun,overturned
2936,Naogaon road crash kills 2 DB men,2019-11-01 08:52:02,https://en.prothomalo.com/bangladesh/Naogaon-road-crash-kill-2-DB-men,dhamoirhat upazila,Naogaon,2,0,Vehicle,crashed into a roadside tree,Bangladesh,event,road accident,2019-11-01,08:52:02,Nov,11,Light rain,8,Nov,crashed into a roadside tree
2938,Road crash kills college student among 2,2019-08-07 11:35:36,,atukura,Habiganj,2,7,Motorcycle And Auto-Rickshaw,motorcycle hitting an auto-rickshaw,Bangladesh,event,road accident,2019-08-07,11:35:36,Aug,8,Moderate rain,11,Aug,motorcycle hitting an autorickshaw
2942,4 killed in Mushiganj road accident,2015-08-12 20:11:18,https://en.prothomalo.com/bangladesh/4-killed-in-Mushiganj-road-accident,alipura,Munshiganj,4,0,Pickup Van,overturned,Bangladesh,event,road accident,2015-08-12,20:11:18,Aug,8,Moderate rain,20,Aug,overturned
2943,"Mother killed, son injured in Dhaka road crash",2019-10-13 19:52:47,https://en.prothomalo.com/bangladesh/Mother-killed-son-injured-in-Dhaka-road-crash,kakrail crossing,Dhaka,1,1,"Covered Van, Rickshaw",covered van hit a rickshaw,Bangladesh,event,road accident,2019-10-13,19:52:47,Oct,10,Mainly clear,19,Oct,covered van hit a rickshaw
2945,"Bangladesh Bank official, two daughters killed in road crash",2019-12-28 14:17:11,https://en.prothomalo.com/bangladesh/Bangladesh-Bank-official-two-daughters-killed-in,fouzdarhat,Chattogram,3,2,,,Bangladesh,event,road accident,2019-12-28,14:17:11,Dec,12,Partly cloudy,14,Dec,
2946,3 killed as cattle-laden truck overturns,2019-07-31 18:29:25,https://en.prothomalo.com/bangladesh/3-killed-as-cattle-laden-truck-overturns,dhaka-chattogram highway,Dhaka,3,0,Truck,overturned,Bangladesh,event,road accident,2019-07-31,18:29:25,Jul,7,Light rain,18,Jul,overturned
2947,3 killed in Cumilla road crash,2019-07-31 09:31:09,https://en.prothomalo.com/bangladesh/3-killed-in-Cumilla-road-crash,dhaka-chattogram highway,Dhaka,3,0,Truck,truck overturned,Bangladesh,event,road accident,2019-07-31,09:31:09,Jul,7,Light rain,9,Jul,truck overturned
2950,"Leaders call for saving transport sector from extortion

",2020-03-06 21:46:10,,national press club,Dhaka,0,0,"Auto-Rickshaw, Auto-Tempo",extortion by police and political leaders,Bangladesh,event,road accident,2020-03-06,21:46:10,Mar,3,Heavy rain,21,Mar,extortion by police and political leaders
2953,Another Chattogram gas pipeline blast victim dies,2019-11-29 19:24:23,https://en.prothomalo.com/bangladesh/Another-Chattogram-gas-pipeline-blast-victim-dies,patharghata,Chattogram,8,15,,gas pipeline explosion,Bangladesh,event,road accident,2019-11-29,19:24:23,Nov,11,Partly cloudy,19,Nov,gas pipeline explosion
2954,2 killed as bus collides with CNG-run auto-rickshaw,2019-10-07 21:48:43,https://en.prothomalo.com/bangladesh/2-killed-as-bus-collides-with-CNG-run,kalipur of banskhali upazila,Chattogram,2,0,"Bus, Auto-Rickshaw",head-on collision,Bangladesh,event,road accident,2019-10-07,21:48:43,Oct,10,Light rain,21,Oct,head-on collision
2955,3 killed in road crash,2019-08-12 15:09:59,https://en.prothomalo.com/bangladesh/3-killed-in-road-crash-5,dhaka-aricha highway,Dhaka,3,6,,,Bangladesh,event,road accident,2019-08-12,15:09:59,Aug,8,Moderate rain,15,Aug,
2956,3 killed in road crash,2019-08-12 15:09:59,https://en.prothomalo.com/bangladesh/3-killed-in-road-crash-4,dhaka-aricha highway,Dhaka,3,6,Cattle Traders' Vehicle (Implied),,Bangladesh,event,road accident,2019-08-12,15:09:59,Aug,8,Moderate rain,15,Aug,
2957,3 killed in road crash,2019-08-12 15:09:59,https://en.prothomalo.com/bangladesh/3-killed-in-road-crash-2,dhaka-aricha highway,Dhaka,3,6,,,Bangladesh,event,road accident,2019-08-12,15:09:59,Aug,8,Moderate rain,15,Aug,
2960,Woman killed in road crash,2019-06-19 10:53:57,https://en.prothomalo.com/bangladesh/Woman-killed-in-road-crash,tigerpass,Chattogram,1,0,,,Bangladesh,event,road accident,2019-06-19,10:53:57,Jun,6,Moderate rain,10,Jun,
2964,Boat capsize in Pashur river kills one,2019-11-24 14:58:38,https://en.prothomalo.com/bangladesh/1-dead-in-boat-capsize,pashur river,Bagerhat,1,0,Engine-Run Boat,capsized,Bangladesh,event,road accident,2019-11-24,14:58:38,Nov,11,Partly cloudy,14,Nov,unknown
2965,Two killed as four buses collide,2019-10-04 22:03:46,https://en.prothomalo.com/bangladesh/Two-killed-as-four-buses-collide,dhaka-chattogram highway,Cumilla,2,20,Four Vehicles,collision,Bangladesh,event,road accident,2019-10-04,22:03:46,Oct,10,Moderate rain,22,Oct,collision
2967,"5 killed in Chattogram, Madaripur road crashes",2020-01-09 11:00:20,https://en.prothomalo.com/bangladesh/5-killed-in-Chattogram-Madaripur-road-crashes,chattogram and madaripur districts,Madaripur,5,10,,separate road accidents,Bangladesh,event,road accident,2020-01-09,11:00:20,Jan,1,Light rain,11,Jan,separate road accidents
2968,"Mother, daughter among 3 killed as bus overturns",2019-10-25 13:22:38,https://en.prothomalo.com/bangladesh/Mother-daughter-among-3-killed-as-bus-overturns,shibganj upazila,,3,10,Bus,,Bangladesh,event,road accident,2019-10-25,13:22:38,Oct,10,,13,Oct,
2969,3 bikers killed in road crash,2019-08-06 21:49:50,https://en.prothomalo.com/bangladesh/3-bikers-killed-in-road-crash-2,court station area,Dhaka,3,0,"Bus, Motorcycle",hit by a bus,Bangladesh,event,road accident,2019-08-06,21:49:50,Aug,8,Moderate rain,21,Aug,hit by a bus
2970,3 bikers killed in road crash,2019-08-06 21:49:50,https://en.prothomalo.com/bangladesh/3-bikers-killed-in-road-crash,court station area,Dhaka,3,0,"Bus, Motorcycle",hit by a bus,Bangladesh,event,road accident,2019-08-06,21:49:50,Aug,8,Moderate rain,21,Aug,hit by a bus
2971,Policeman killed in Feni road crash,2019-09-14 12:41:03,https://en.prothomalo.com/bangladesh/Policeman-killed-in-Feni-road-crash,dhaka-chattogram highway in sadar upazila of feni,Feni,1,3,Jeep,overturned,Bangladesh,event,road accident,2019-09-14,12:41:03,Sep,9,Moderate rain,12,Sep,overturned
2976,College student killed in road crash,2019-08-18 13:14:04,https://en.prothomalo.com/bangladesh/College-student-killed-in-road-crash,jb road in the municipality area of lakshmipur,Lakshmipur,1,0,Motorcycle,fell into roadside ditch,Bangladesh,event,road accident,2019-08-18,13:14:04,Aug,8,Light rain,13,Aug,fell into roadside ditch
2981,2 killed as bus collides with truck in Sirajganj,2019-09-12 20:34:01,https://en.prothomalo.com/bangladesh/2-killed-as-bus-collides-with-truck-in-Sirajganj,dathia area of raiganj upazila,Sirajganj,2,10,Truck And Bus,collision,Bangladesh,event,road accident,2019-09-12,20:34:01,Sep,9,Moderate rain,20,Sep,collision
2982,2 killed as lorry plunges into ditch,2019-07-20 12:49:55,https://en.prothomalo.com/bangladesh/2-killed-as-lorry-plunges-into-ditch,shibrampur of faridpur sadar upazila,Faridpur,2,3,Truck,lorry fell into a ditch,Bangladesh,event,road accident,2019-07-20,12:49:55,Jul,7,Light rain,12,Jul,lorry fell into a ditch
2984,Freedom fighter among 3 killed in road crash,2019-12-08 11:35:15,https://en.prothomalo.com/bangladesh/Freedom-fighter-among-3-killed-in-road-crash,village debipur,Pirojpur,3,2,"Bus, Auto-Rickshaw",bus hit an auto-rickshaw,Bangladesh,event,road accident,2019-12-08,11:35:15,Dec,12,Partly cloudy,11,Dec,bus hit an autorickshaw
2985,Minor killed in road crash,2019-10-07 15:37:01,https://en.prothomalo.com/bangladesh/Minor-killed-in-road-crash,mission road shahi zame masjid intersection,Chandpur,1,1,Three-Wheeler And Pickup Van,head-on collision,Bangladesh,event,road accident,2019-10-07,15:37:01,Oct,10,Moderate rain,15,Oct,head-on collision
2986,3 killed in Faridpur road crash,2019-08-15 17:48:15,https://en.prothomalo.com/bangladesh/3-killed-in-Faridpur-road-collision,bhanga upazila,Faridpur,3,0,,,Bangladesh,event,road accident,2019-08-15,17:48:15,Aug,8,Moderate rain,17,Aug,
2988,2 killed in road crash,2019-08-01 09:58:30,https://en.prothomalo.com/bangladesh/2-killed-in-road-crash-11,rajshahi-chapainawabganj road,Rajshahi,2,0,"Truck, Motorcycle",truck hit a motorcycle,Bangladesh,event,road accident,2019-08-01,09:58:30,Aug,8,,9,Aug,truck hit a motorcycle
2989,2 killed in road crash,2019-08-01 09:58:30,https://en.prothomalo.com/bangladesh/2-killed-in-road-crash-13,rajshahi-chapainawabganj road,Rajshahi,2,0,Motorcycle And Truck,truck hit a motorcycle,Bangladesh,event,road accident,2019-08-01,09:58:30,Aug,8,,9,Aug,truck hit a motorcycle
2990,2 killed in road crash,2019-08-01 09:58:30,https://en.prothomalo.com/bangladesh/2-killed-in-road-crash-10,rajshahi-chapainawabganj road,Rajshahi,2,0,"Truck, Motorcycle",truck hit a motorcycle,Bangladesh,event,road accident,2019-08-01,09:58:30,Aug,8,,9,Aug,truck hit a motorcycle
2991,2 killed in road crash,2019-08-01 09:58:30,https://en.prothomalo.com/bangladesh/2-killed-in-road-crash-7,rajshahi-chapainawabganj road,Rajshahi,2,0,"Truck, Motorcycle",truck hit a motorcycle,Bangladesh,event,road accident,2019-08-01,09:58:30,Aug,8,,9,Aug,truck hit a motorcycle
2992,2 killed in road crash,2019-08-01 09:58:30,https://en.prothomalo.com/bangladesh/2-killed-in-road-crash-4,rajshahi-chapainawabganj road,Rajshahi,2,0,"Truck, Motorcycle",truck hit a motorcycle,Bangladesh,event,road accident,2019-08-01,09:58:30,Aug,8,,9,Aug,truck hit a motorcycle
2993,2 killed in road crash,2019-08-01 09:58:30,https://en.prothomalo.com/bangladesh/2-killed-in-road-crash-2,rajshahi-chapainawabganj road,Rajshahi,2,0,"Truck, Motorcycle",truck hit a motorcycle,Bangladesh,event,road accident,2019-08-01,09:58:30,Aug,8,,9,Aug,truck hit a motorcycle
2994,2 killed in road crash,2019-08-01 09:58:30,https://en.prothomalo.com/bangladesh/2-killed-in-road-crash,rajshahi-chapainawabganj road,Rajshahi,2,0,"Truck, Motorcycle",truck hit a motorcycle,Bangladesh,event,road accident,2019-08-01,09:58:30,Aug,8,,9,Aug,truck hit a motorcycle
2996,3 students die in Dinajpur boat capsize,2019-09-21 20:03:54,https://en.prothomalo.com/bangladesh/3-students-die-in-Dinajpur-boat-capsize,ashura beel,Nawabganj,3,0,,boat capsized,Bangladesh,event,road accident,2019-09-21,20:03:54,Sep,9,Moderate rain,20,Sep,boat capsized
2997,Ambulance gas cylinder blast kills three including patient,2019-10-17 18:34:53,https://en.prothomalo.com/bangladesh/Ambulance-gas-cylinder-blast-kills-three-including,anwara upazila,Chattogram,3,3,Ambulance,gas cylinder explosion,Bangladesh,event,road accident,2019-10-17,18:34:53,Oct,10,Rain showers (moderate or heavy),18,Oct,gas cylinder explosion
2999,2 killed in Sirajganj road accident,2015-07-29 12:47:28,https://en.prothomalo.com/bangladesh/2-killed-in-Sirajganj-road-accident-5,mannan nagar on the hatikumrul-bonpara highway,Sirajganj,2,1,,,Bangladesh,event,road accident,2015-07-29,12:47:28,Jul,7,Moderate rain,12,Jul,
3001,2 killed in Sirajganj road accident,2015-07-29 12:47:28,https://en.prothomalo.com/bangladesh/2-killed-in-Sirajganj-road-accident-3,hatikumrul-bonpara highway,Sirajganj,2,1,Other,,Bangladesh,event,road accident,2015-07-29,12:47:28,Jul,7,Moderate rain,12,Jul,
3003,2 killed in Sirajganj road accident,2015-07-29 12:47:28,https://en.prothomalo.com/bangladesh/2-killed-in-Sirajganj-road-accident,hatikumrul-bonpara highway,Sirajganj,2,1,,,Bangladesh,event,road accident,2015-07-29,12:47:28,Jul,7,Moderate rain,12,Jul,
3004,Road crash kills 4 in Cumilla,2019-07-11 22:40:50,https://en.prothomalo.com/bangladesh/Road-crash-kills-4-in-Cumilla,kesonpar,Cumilla,4,10,"Bus, Truck",bus hit a truck parked beside the road,Bangladesh,event,road accident,2019-07-11,22:40:50,Jul,7,Moderate rain,22,Jul,bus hit a truck parked beside the road
3006,2 killed in road crash,2019-06-26 09:57:36,https://en.prothomalo.com/bangladesh/2-killed-in-road-crash-13,lengra bazar,Mymensingh,2,0,Truck,plunged into a roadside ditch,Bangladesh,event,road accident,2019-06-26,09:57:36,Jun,6,Light rain,9,Jun,plunged into a roadside ditch
3009,2 killed in road crash,2019-06-26 09:57:36,https://en.prothomalo.com/bangladesh/2-killed-in-road-crash-4,lengra bazar,Mymensingh,2,0,Truck,plunged into a roadside ditch,Bangladesh,event,road accident,2019-06-26,09:57:36,Jun,6,Light rain,9,Jun,plunged into a roadside ditch
3011,2 killed in road crash,2019-06-26 09:57:36,https://en.prothomalo.com/bangladesh/2-killed-in-road-crash,lengra bazar,Mymensingh,2,0,Truck,plunged into a roadside ditch,Bangladesh,event,road accident,2019-06-26,09:57:36,Jun,6,Light rain,9,Jun,plunged into a roadside ditch
3012,2 killed in Gazipur road crash,2019-06-25 15:59:01,https://en.prothomalo.com/bangladesh/accident/2-killed-in-gazipur-road-crash,gazipur,Kishoreganj,2,4,"Truck, Pickup",truck hit a pickup,Bangladesh,event,road accident,2019-06-25,15:59:01,Jun,6,Moderate rain,15,Jun,truck hit a pickup
3013,2 killed in Gazipur road crash,2019-06-25 15:59:01,https://en.prothomalo.com/bangladesh/2-killed-in-Gazipur-road-crash-5,gazipur,Kishoreganj,2,4,"Truck, Pickup",truck hit a pickup,Bangladesh,event,road accident,2019-06-25,15:59:01,Jun,6,Moderate rain,15,Jun,truck hit a pickup
3014,2 killed in Gazipur road crash,2019-06-25 15:59:01,https://en.prothomalo.com/bangladesh/2-killed-in-Gazipur-road-crash-4,gazipur,Kishoreganj,2,4,Truck And Pickup,collision,Bangladesh,event,road accident,2019-06-25,15:59:01,Jun,6,Moderate rain,15,Jun,collision
3015,2 killed in Gazipur road crash,2019-06-25 15:59:01,https://en.prothomalo.com/bangladesh/2-killed-in-Gazipur-road-crash-3,gazipur,Kishoreganj,2,4,"Truck, Pickup",truck hit a pickup,Bangladesh,event,road accident,2019-06-25,15:59:01,Jun,6,Moderate rain,15,Jun,truck hit a pickup
3016,2 killed in Gazipur road crash,2019-06-25 15:59:01,https://en.prothomalo.com/bangladesh/2-killed-in-Gazipur-road-crash,gazipur,Kishoreganj,2,4,"Truck, Pickup",truck hit a pickup,Bangladesh,event,road accident,2019-06-25,15:59:01,Jun,6,Moderate rain,15,Jun,truck hit a pickup
3017,Schoolteacher killed in road crash,2019-07-09 16:25:38,https://en.prothomalo.com/bangladesh/Schoolteacher-killed-in-road-crash,poba upazila,Rajshahi,1,0,"Bus, Motorcycle",bus hit his motorcycle,Bangladesh,event,road accident,2019-07-09,16:25:38,Jul,7,,16,Jul,bus hit his motorcycle
3018,Road crashes claim three lives,2019-12-24 09:04:25,https://en.prothomalo.com/bangladesh/Road-crashes-claim-three-lives,koidabari on takerhat-kodombari road,Madaripur,2,7,Three-Wheeler,fell into a ditch,Bangladesh,event,road accident,2019-12-24,09:04:25,Dec,12,Shallow fog,9,Dec,fell into a ditch
3019,"Verdict in case over Razib, Dia’s deaths Sunday",2019-11-30 15:19:23,https://en.prothomalo.com/bangladesh/Verdict-in-case-over-Razib-Dia’s-deaths-Sunday,airport road,Dhaka,2,0,,,Bangladesh,event,road accident,2019-11-30,15:19:23,Nov,11,Partly cloudy,15,Nov,
3020,Army man killed in Khulna road crash,2019-12-23 23:26:01,https://en.prothomalo.com/bangladesh/Army-man-killed-in-Khulna-road-crash,dumuria upazila,Khulna,1,10,Truck,fell into a roadside ditch,Bangladesh,event,road accident,2019-12-23,23:26:01,Dec,12,Partly cloudy,23,Dec,fell into a roadside ditch
3021,Three pedestrian killed in road accident in Gaibandha,2015-08-04 13:48:33,https://en.prothomalo.com/bangladesh/Three-pedestrian-killed-in-road-accident-in,dhaka-rangpur highway at fasitola,Gaibandha,3,15,"Bus, Pedestrians",bus overturned,Bangladesh,event,road accident,2015-08-04,13:48:33,Aug,8,Light rain,13,Aug,bus overturned
3023,5 of a family among 7 killed in Cumilla highway crash,2019-08-18 16:07:13,https://en.prothomalo.com/bangladesh/Cumilla-highway-crash-kills-7,"jamtola, cumilla-noakhali highway",Cumilla,5,1,"Auto-Rickshaw, Bus",crash,Bangladesh,event,road accident,2019-08-18,16:07:13,Aug,8,Dense rain,16,Aug,crash
3027,Petrobangla official among 2 killed in road crash,2019-09-25 21:55:16,https://en.prothomalo.com/bangladesh/Petrobangla-official-among-2-killed-in-road-crash,sirajganj,Sirajganj,2,5,"Bus, Microbus",collision,Bangladesh,event,road accident,2019-09-25,21:55:16,Sep,9,Moderate rain,21,Sep,collision
3029,Awami League leaders control the speedboats,2021-05-06 18:11:19,https://en.prothomalo.com/bangladesh/local-news/awami-league-leaders-control-the-speedboats,munshiganj and madaripur,Shariatpur,26,0,Speedboat,illegal operation and unauthorized speedboats,Bangladesh,event,road accident,2021-05-06,18:11:19,May,5,Light rain,18,May,illegal operation and unauthorized speedboats
3030,Two killed in Gazipur road crash,2019-07-04 11:41:25,https://en.prothomalo.com/bangladesh/Two-killed-in-Gazipur-road-crash-3,dhaka-mymensingh highway at rangila bazar,Gazipur,2,2,"Truck, Human Hauler",truck hit a human hauler,Bangladesh,event,road accident,2019-07-04,11:41:25,Jul,7,Moderate rain,11,Jul,truck hit a human hauler
3031,Two killed in Gazipur road crash,2019-07-04 11:41:25,https://en.prothomalo.com/bangladesh/Two-killed-in-Gazipur-road-crash-2,dhaka-mymensingh highway at rangila bazar,Gazipur,2,2,"Truck, Human Hauler",truck hit a human hauler,Bangladesh,event,road accident,2019-07-04,11:41:25,Jul,7,Moderate rain,11,Jul,truck hit a human hauler
3034,Fire at Dhaka petrol pump,2019-06-18 20:15:54,https://en.prothomalo.com/bangladesh/Fire-at-Dhaka-petrol-pump,kalyanpur area,Dhaka,0,0,Truck,fire while filling oil reserve from lorries,Bangladesh,event,road accident,2019-06-18,20:15:54,Jun,6,Partly cloudy,20,Jun,fire while filling oil reserve from lorries
3039,Gazipur road crash kills 3,2019-07-15 12:13:00,https://en.prothomalo.com/bangladesh/Gazipur-road-crash-kills-3-2,dhaka-mymensingh highway,Gazipur,3,0,"Pickup Van, Covered Van",collision,Bangladesh,event,road accident,2019-07-15,12:13:00,Jul,7,Moderate rain,12,Jul,collision
3040,Gazipur road crash kills 3,2019-07-15 12:13:00,https://en.prothomalo.com/bangladesh/Gazipur-road-crash-kills-3,joydebpur on dhaka-mymensingh highway,Gazipur,3,0,"Pickup Van, Covered Van",collision,Bangladesh,event,road accident,2019-07-15,12:13:00,Jul,7,Moderate rain,12,Jul,collision
3041,Dhaka South City: 98pc chemical warehouses risky,2021-05-01 11:23:30,https://en.prothomalo.com/bangladesh/dhaka-south-city-98pc-chemical-warehouses-risky,armanitola,Dhaka,7,1,,fire in a chemical godown,Bangladesh,event,road accident,2021-05-01,11:23:30,May,5,Precipitation not reaching ground,11,May,fire in a chemical godown
3043,Biker killed in Wari,2019-06-16 19:12:37,https://en.prothomalo.com/bangladesh/Biker-killed-in-Wari,wari post office goli,Dhaka,1,0,Motorcycle,crashed into a roadside pillar,Bangladesh,event,road accident,2019-06-16,19:12:37,Jun,6,Light rain,19,Jun,crashed into a roadside pillar
3044,"Truck hits auto-rickshaw, kills 4",2019-07-27 14:57:54,https://en.prothomalo.com/bangladesh/Truck-hits-auto-rickshaw-kills-4,pakundia upazila,Kishoreganj,4,0,"Truck, Auto-Rickshaw",truck hit auto-rickshaw,Bangladesh,event,road accident,2019-07-27,14:57:54,Jul,7,Moderate rain,14,Jul,truck hit autorickshaw
3046,Dhaka north mayor seeks removal of Mohakhali bus terminal,2019-12-10 22:20:09,,mohakhali inter-district bus terminal,Dhaka,0,0,Bus,traffic congestion,Bangladesh,event,road accident,2019-12-10,22:20:09,Dec,12,Clear sky,22,Dec,traffic congestion
3047,RMG worker killed in factory wall collapse,2019-12-10 12:46:06,https://en.prothomalo.com/bangladesh/RMG-worker-killed-in-factory-wall-collapse,gouripur in ashulia,Dhaka,1,10,,wall collapse following a blast inside the factory,Bangladesh,event,road accident,2019-12-10,12:46:06,Dec,12,Clear sky,12,Dec,wall collapse following a blast inside the factory
3048,"Motorcyclist, pillion rider killed in Gopalganj",2019-07-12 19:42:49,https://en.prothomalo.com/bangladesh/Motorcyclist-pillion-rider-killed-in-Gopalganj,dhaka-khulna highway at chaptai of kashiani upazila,Gopalganj,2,0,Motorcycle,,Bangladesh,event,road accident,2019-07-12,19:42:49,Jul,7,Moderate rain,19,Jul,
3049,Bus driver remanded over woman’s death in road crash,2019-09-28 19:49:44,,mohakhali’s amtoli,Dhaka,1,0,Bus,bus hit a pedestrian,Bangladesh,event,road accident,2019-09-28,19:49:44,Sep,9,Light rain,19,Sep,bus hit a pedestrian
3057,Road crash kills youth,2019-07-08 13:20:13,https://en.prothomalo.com/bangladesh/Road-crash-kills-youth,signboard on dhaka-narayanganj road,Narayanganj,1,0,"Bus, Motorbike",,Bangladesh,event,road accident,2019-07-08,13:20:13,Jul,7,Moderate rain,13,Jul,
3060,Eight killed in separate road crashes,2020-02-29 15:41:55,https://en.prothomalo.com/bangladesh/eight-killed-in-separate-road-crashes,zinglatoli in daudkandi upazila,Cumilla,3,15,Bus,plunged into a roadside ditch,Bangladesh,event,road accident,2020-02-29,15:41:55,Feb,2,Clear sky,15,Feb,plunged into a roadside ditch
3061,Three including cop killed in separate road crashes,2019-12-03 12:06:45,https://en.prothomalo.com/bangladesh/Three-including-cop-killed-in-separate-road,chelerghat,Mymensingh,2,0,Car,vehicle overturned and fell into a pond,Bangladesh,event,road accident,2019-12-03,12:06:45,Dec,12,Clear sky,12,Dec,vehicle overturned and fell into a pond
3062,7 killed in head-on collision between two buses,2019-08-02 11:19:31,https://en.prothomalo.com/bangladesh/7-killed-in-head-on-collision-between-two-buses,sadar upazila,Thakurgaon,7,19,Bus,head-on collision,Bangladesh,event,road accident,2019-08-02,11:19:31,Aug,8,Light rain,11,Aug,head-on collision
3067,Four killed as bus overturns,2019-07-29 15:49:10,https://en.prothomalo.com/bangladesh/Four-killed-as-bus-overturns,vatiapara intersection,Gopalganj,4,21,Bus,overturned,Bangladesh,event,road accident,2019-07-29,15:49:10,Jul,7,Moderate rain,15,Jul,overturned
3071,3 killed as pickup van hits truck,2019-07-01 10:31:54,https://en.prothomalo.com/bangladesh/3-killed-as-pickup-van-hits-truck,dhaka-mymensingh highway,Mymensingh,3,0,"Pickup Van, Truck",van crashed into a truck,Bangladesh,event,road accident,2019-07-01,10:31:54,Jul,7,Moderate rain,10,Jul,van crashed into a truck
3072,Bus catches fire in Manikganj,2019-06-03 14:09:24,https://en.prothomalo.com/bangladesh/Bus-catches-fire-in-Manikganj,dhaka-aricha highway,Manikganj,0,0,Bus,fire,Bangladesh,event,road accident,2019-06-03,14:09:24,Jun,6,Moderate rain,14,Jun,fire
3076,8 killed in Sirajganj road crash,2019-06-02 14:15:35,https://en.prothomalo.com/bangladesh/8-killed-in-Sirajganj-road-crash,boalia,Sirajganj,8,15,Human Hauler And A Bus,head-on collision,Bangladesh,event,road accident,2019-06-02,14:15:35,Jun,6,Moderate rain,14,Jun,head-on collision
3078,3 bikers killed in Cumilla road crash,2019-09-15 16:13:15,https://en.prothomalo.com/bangladesh/3-bikers-killed-in-Cumilla-road-crash,dhaka-chattogram highway,Cumilla,3,0,"Motorcycle, Passenger Bus",passenger bus hit a motorcycle,Bangladesh,event,road accident,2019-09-15,16:13:15,Sep,9,Moderate rain,16,Sep,passenger bus hit a motorcycle
3080,Brahmanbaria violence: Confusion over death toll,2021-04-08 17:30:05,,poirtala bus stand,Brahmanbaria,1,0,,shot dead by police,Bangladesh,event,road accident,2021-04-08,17:30:05,Apr,4,Light rain,17,Apr,shot dead by police
3081,"Motorcyclist, pillion rider killed in road crash",2019-06-15 12:25:15,https://en.prothomalo.com/bangladesh/Motorcyclist-pillion-rider-killed-in-road-crash-2,panchagarh-tetulia highway at barrister bazar,Panchagarh,2,0,"Truck, Motorcycle",stone-laden truck hit their vehicle,Bangladesh,event,road accident,2019-06-15,12:25:15,Jun,6,,12,Jun,stoneladen truck hit their vehicle
3082,"Motorcyclist, pillion rider killed in road crash",2019-06-15 12:25:15,https://en.prothomalo.com/bangladesh/Motorcyclist-pillion-rider-killed-in-road-crash,panchagarh-tetulia highway at barrister bazar,Panchagarh,2,0,"Truck, Motorcycle",stone-laden truck hit their vehicle,Bangladesh,event,road accident,2019-06-15,12:25:15,Jun,6,,12,Jun,stoneladen truck hit their vehicle
3091,DMP chief urges to abide by rules to bring discipline on roads,2019-11-22 09:57:15,https://en.prothomalo.com/bangladesh/DMP-chief-urges-to-abide-by-rules-to-bring,dhaka,Dhaka,0,0,,lack of traffic rule abiding,Bangladesh,event,road accident,2019-11-22,09:57:15,Nov,11,Partly cloudy,9,Nov,lack of traffic rule abiding
3094,Bogura boat capsize: Two more bodies recovered,2019-08-15 22:58:05,https://en.prothomalo.com/bangladesh/Bogura-boat-capsize-Two-more-bodies-recovered,"sariakandi upazila, jamuna river",Bogra,4,0,Engine-Run Boat,capsized,Bangladesh,event,road accident,2019-08-15,22:58:05,Aug,8,Moderate rain,22,Aug,unknown
3096,Road crash kills couple,2019-08-11 12:47:11,https://en.prothomalo.com/bangladesh/Road-crash-kills-couple,raiganj upazila,Sirajganj,2,2,Bus,speedy bus,Bangladesh,event,road accident,2019-08-11,12:47:11,Aug,8,Light rain,12,Aug,speedy bus
3097,Truck driver killed in road crash,2019-07-15 14:22:26,https://en.prothomalo.com/bangladesh/Truck-driver-killed-in-road-crash,khulna-mawa highway in fakirhat upazila,Bagerhat,1,0,Truck,hit a roadside tree,Bangladesh,event,road accident,2019-07-15,14:22:26,Jul,7,Moderate rain,14,Jul,hit a roadside tree
3098,Speeding bus costs another life,2019-09-05 23:52:04,https://en.prothomalo.com/bangladesh/Speeding-bus-costs-another-life,mohakhali,Dhaka,1,0,Bus,speeding,Bangladesh,event,road accident,2019-09-05,23:52:04,Sep,9,Moderate rain,23,Sep,speeding
3100,Road crashes kill 4 in Bogura,2019-09-05 18:02:41,https://en.prothomalo.com/bangladesh/Road-crashes-kill-4-killed-in-Bogura,dhaka-bogura highway at college road area and ulipur in sherpur upazila headquarters,Sherpur,4,2,"Truck, Bus","truck collision, bus hitting a pedestrian",Bangladesh,event,road accident,2019-09-05,18:02:41,Sep,9,Light rain,18,Sep,truck collision bus hitting a pedestrian
3103,2 students’ death in road crash: Verdict to be delivered 1 Dec,2019-11-14 22:47:59,https://en.prothomalo.com/bangladesh/2-students’-death-in-road-crash-Verdict-to-be,airport road,Dhaka,2,0,,,Bangladesh,event,road accident,2019-11-14,22:47:59,Nov,11,Clear sky,22,Nov,
3105,14 years since dreadful day of cyclone Sidr,2021-11-15 22:37:59,https://en.prothomalo.com/bangladesh/14-years-since-dreadful-day-of-cyclone-sidr,coastal districts of bangladesh,,0,0,"Flights, Vessels",cyclone sidr hitting the coast with high speed and tidal surge,Bangladesh,event,road accident,2021-11-15,22:37:59,Nov,11,,22,Nov,cyclone sidr hitting the coast with high speed and tidal surge
3106,"Stop killing passengers pushing off buses

",2020-09-29 14:52:37,https://en.prothomalo.com/opinion/editorial/stop-killing-passengers-pushing-off-buses,bahaddarhat to agrabad,Chattogram,1,0,City Transport Bus (Chittagong Metro-J-11-2031),dispute over bus fare,Bangladesh,event,road accident,2020-09-29,14:52:37,Sep,9,Light rain,14,Sep,dispute over bus fare
3107,Homecoming ends up in tragic death,2020-01-17 10:18:32,https://en.prothomalo.com/bangladesh/Homecoming-ends-up-in-death,beanibazar,Sylhet,0,0,,,Bangladesh,event,road accident,2020-01-17,10:18:32,Jan,1,Mainly clear,10,Jan,
3109,Cop among three killed in road crash,2019-09-02 12:03:53,https://en.prothomalo.com/bangladesh/Cop-among-three-killed-in-road-crash,syedpur,Cumilla,3,0,"Covered Van, Wrecker","road crash, being hit by wrecker during rescue operation",Bangladesh,event,road accident,2019-09-02,12:03:53,Sep,9,Light rain,12,Sep,road crash being hit by wrecker during rescue operation
3110,Landslide kills 2 in Rangamati,2019-07-13 13:18:08,https://en.prothomalo.com/bangladesh/Landslide-kills-2-in-Rangamati,karigar para,Rangamati,2,0,,landslide,Bangladesh,event,road accident,2019-07-13,13:18:08,Jul,7,,13,Jul,landslide
3113,2 dead as bus collides with truck,2019-06-01 14:20:47,https://en.prothomalo.com/bangladesh/2-dead-as-bus-collides-with-truck,dhaka-khulna highway,Faridpur,2,2,"Bus, Truck",head on collision,Bangladesh,event,road accident,2019-06-01,14:20:47,Jun,6,Light rain,14,Jun,head-on collision
3114,Eden college student dies 2 days after falling from bike,2019-12-02 16:55:40,https://en.prothomalo.com/bangladesh/Eden-college-student-dies-2-days-after-falling,"bijoy sarani, dhaka",Dhaka,1,0,Motorcycle,fell from motorcycle,Bangladesh,event,road accident,2019-12-02,16:55:40,Dec,12,Snow showers (slight),16,Dec,fell from motorcycle
3117,4 workers killed as Chander Gari overturns in Chattogram,2019-04-25 11:19:44,https://en.prothomalo.com/bangladesh/4-workers-killed-as-Chander-Gari-overturns-in,gabtala area of rangunia upazila,Chattogram,4,0,Human Hauler (Chander Gari),turned turtle,Bangladesh,event,road accident,2019-04-25,11:19:44,Apr,4,Clear sky,11,Apr,turned turtle
3118,3 killed in road crash,2019-06-12 09:53:27,https://en.prothomalo.com/bangladesh/3-killed-in-road-crash-5,mahishbathan bazar,Naogaon,3,0,"Truck, Motorcycle",truck hit a motorbike,Bangladesh,event,road accident,2019-06-12,09:53:27,Jun,6,Light rain,9,Jun,truck hit motorcycle accident
3119,3 killed in road crash,2019-06-12 09:53:27,https://en.prothomalo.com/bangladesh/3-killed-in-road-crash-4,mahishbathan bazar,Naogaon,3,0,"Truck, Motorcycle",truck hit a motorbike,Bangladesh,event,road accident,2019-06-12,09:53:27,Jun,6,Light rain,9,Jun,truck hit motorcycle accident
3120,3 killed in road crash,2019-06-12 09:53:27,https://en.prothomalo.com/bangladesh/3-killed-in-road-crash-2,mahishbathan bazar,Naogaon,3,0,"Truck, Motorcycle",truck hit a motorbike,Bangladesh,event,road accident,2019-06-12,09:53:27,Jun,6,Light rain,9,Jun,truck hit motorcycle accident
3121,Brahmanbaria road crash kills 3,2019-05-25 20:06:41,https://en.prothomalo.com/bangladesh/Brahmanbaria-road-crash-kills-3,bijoynagar,Brahmanbaria,3,2,"Truck, Auto-Rickshaw",truck hit an auto-rickshaw,Bangladesh,event,road accident,2019-05-25,20:06:41,May,5,Moderate rain,20,May,truck hit an autorickshaw
3122,7 killed as picnic bus hits tree,2019-08-15 10:49:08,https://en.prothomalo.com/bangladesh/7-killed-as-picnic-bus-hits-tree,lemua,Feni,7,20,,,Bangladesh,event,road accident,2019-08-15,10:49:08,Aug,8,Moderate rain,10,Aug,
3123,3 killed over land dispute,2019-08-14 12:59:33,https://en.prothomalo.com/bangladesh/Clash-between-rival-groups-kills-3,khathaldangi village,Mymensingh,3,2,,clash over ownership of a plot,Bangladesh,event,road accident,2019-08-14,12:59:33,Aug,8,Moderate rain,12,Aug,clash over ownership of a plot
3124,Motorcyclist killed on flyover,2019-07-04 09:34:27,https://en.prothomalo.com/bangladesh/Motorcyclist-killed-on-flyover,mayor mohammad hanif flyover,Dhaka,1,0,"Truck, Motorcycle",speeding truck,Bangladesh,event,road accident,2019-07-04,09:34:27,Jul,7,Light rain,9,Jul,speeding truck
3125,2 bikers killed in Bagerhat road crash,2019-06-06 16:38:42,https://en.prothomalo.com/bangladesh/2-bikers-killed-in-Bagerhat-road-crash,maheshpur,Bagerhat,2,2,Motorcycle,road accident,Bangladesh,event,road accident,2019-06-06,16:38:42,Jun,6,Moderate rain,16,Jun,road accident
3126,8 killed as bus plunges into roadside ditch,2019-08-24 17:48:49,https://en.prothomalo.com/bangladesh/6-killed-as-bus-plunges-into-roadside-ditch,dhuldi area on the dhaka-faridpur highway,Faridpur,8,20,Bus,fell off a bridge,Bangladesh,event,road accident,2019-08-24,17:48:49,Aug,8,Light rain,17,Aug,fell off a bridge
3127,Road crash kills construction worker,2019-05-07 13:37:23,https://en.prothomalo.com/bangladesh/Road-crash-kills-construction-worker,dhaka-aricha highway in sadar upazila's jagir area,Manikganj,1,0,Pick-Up Van,worker crushed under vehicle,Bangladesh,event,road accident,2019-05-07,13:37:23,May,5,Partly cloudy,13,May,worker crushed under vehicle
3128,Road crashes snatch three lives,2019-09-17 11:42:13,https://en.prothomalo.com/bangladesh/Road-crashes-snatch-three-lives,gazipur and panchagarh districts,Panchagarh,2,0,,,Bangladesh,event,road accident,2019-09-17,11:42:13,Sep,9,,11,Sep,
3131,Thakurgaon road crash death toll rises to 4,2019-08-22 20:01:17,https://en.prothomalo.com/bangladesh/Thakurgaon-road-crash-death-toll-rises-to-4,thakurgaon-panchagarh highway,Thakurgaon,4,29,Buses,head-on collision,Bangladesh,event,road accident,2019-08-22,20:01:17,Aug,8,Dense rain,20,Aug,head-on collision
3133,Cumilla road crash kills 2,2019-06-18 18:31:29,https://en.prothomalo.com/bangladesh/Cumilla-road-crash-kills-2,jatrapur,Cumilla,2,3,Pick-Up Van And Auto-Rickshaw,head-on collision,Bangladesh,event,road accident,2019-06-18,18:31:29,Jun,6,Light rain,18,Jun,head-on collision
3134,Schoolboy killed in road crash,2019-06-15 22:37:16,https://en.prothomalo.com/bangladesh/Schoolboy-killed-in-road-crash-2,baganmath village,Jhenaidah,1,0,Auto-Rickshaw,hit by an auto-rickshaw,Bangladesh,event,road accident,2019-06-15,22:37:16,Jun,6,Moderate rain,22,Jun,hit by an autorickshaw
3135,Schoolboy killed in road crash,2019-06-15 22:37:16,https://en.prothomalo.com/bangladesh/Schoolboy-killed-in-road-crash,baganmath village,Jhenaidah,1,0,Auto-Rickshaw,hit by an auto-rickshaw,Bangladesh,event,road accident,2019-06-15,22:37:16,Jun,6,Moderate rain,22,Jun,hit by an autorickshaw
3137,2 killed in road crash,2019-05-03 14:38:29,https://en.prothomalo.com/bangladesh/2-killed-in-road-crash-11,khulna-mawa highway at nauapara in fakirhat upazila,Bagerhat,2,1,"Bus, Microbus",collision,Bangladesh,event,road accident,2019-05-03,14:38:29,May,5,Moderate rain,14,May,collision
3138,2 killed in road crash,2019-05-03 14:38:29,https://en.prothomalo.com/bangladesh/2-killed-in-road-crash-13,khulna-mawa highway at nauapara in fakirhat upazila,Bagerhat,2,1,"Bus, Microbus",collision,Bangladesh,event,road accident,2019-05-03,14:38:29,May,5,Moderate rain,14,May,collision
3139,2 killed in road crash,2019-05-03 14:38:29,https://en.prothomalo.com/bangladesh/2-killed-in-road-crash-10,khulna-mawa highway at nauapara in fakirhat upazila,Bagerhat,2,1,"Bus, Microbus",collision between bus and microbus,Bangladesh,event,road accident,2019-05-03,14:38:29,May,5,Moderate rain,14,May,collision between bus and microbus
3140,2 killed in road crash,2019-05-03 14:38:29,https://en.prothomalo.com/bangladesh/2-killed-in-road-crash-7,khulna-mawa highway at nauapara in fakirhat upazila,Bagerhat,2,1,"Bus, Microbus",collision,Bangladesh,event,road accident,2019-05-03,14:38:29,May,5,Moderate rain,14,May,collision
3141,2 killed in road crash,2019-05-03 14:38:29,https://en.prothomalo.com/bangladesh/2-killed-in-road-crash-4,khulna-mawa highway at nauapara in fakirhat upazila,Bagerhat,2,1,"Bus, Microbus",collision,Bangladesh,event,road accident,2019-05-03,14:38:29,May,5,Moderate rain,14,May,collision
3142,2 killed in road crash,2019-05-03 14:38:29,https://en.prothomalo.com/bangladesh/2-killed-in-road-crash-2,khulna-mawa highway at nauapara in fakirhat upazila,Bagerhat,2,1,"Bus, Microbus",collision,Bangladesh,event,road accident,2019-05-03,14:38:29,May,5,Moderate rain,14,May,collision
3143,2 killed in road crash,2019-05-03 14:38:29,https://en.prothomalo.com/bangladesh/2-killed-in-road-crash,khulna-mawa highway at nauapara in fakirhat upazila,Bagerhat,2,1,"Bus, Microbus",collision,Bangladesh,event,road accident,2019-05-03,14:38:29,May,5,Moderate rain,14,May,collision
3146,Man killed in Natore road crash,2019-04-23 13:42:35,https://en.prothomalo.com/bangladesh/Man-killed-in-Natore-road-crash,bonpara,Natore,1,2,"Bus, Rickshaw Van",bus hit rickshaw van,Bangladesh,event,road accident,2019-04-23,13:42:35,Apr,4,Light rain,13,Apr,bus hit rickshaw van
3147,BCL man among 2 killed in Chattogram road crash,2019-09-11 09:44:29,,mirsarai upazila,Chattogram,2,10,,,Bangladesh,event,road accident,2019-09-11,09:44:29,Sep,9,Moderate rain,9,Sep,
3148,3 bikers killed in Pabna road crash,2019-07-08 19:20:09,,dhaka-pabna highway at birahimpur of aminpur upazila,Pabna,3,0,"Truck, Motorcycle",truck hit a motorbike,Bangladesh,event,road accident,2019-07-08,19:20:09,Jul,7,Moderate rain,19,Jul,truck hit motorcycle accident
3151,2 workers killed as truck overturns,2019-05-13 10:21:31,https://en.prothomalo.com/bangladesh/2-workers-killed-as-truck-overturns,mohonpur,Rajshahi,2,0,Truck,driver lost control,Bangladesh,event,road accident,2019-05-13,10:21:31,May,5,,10,May,driver lost control
3152,"Biker, pillion rider killed in Dinajpur",2019-05-27 11:23:07,https://en.prothomalo.com/bangladesh/Biker-pillion-rider-killed-in-Dinajpur,dinajpur-phulbari highway at kauga intersection in sadar upazila,Dinajpur,2,0,Motorcycle And Truck,truck hit motorcycle,Bangladesh,event,road accident,2019-05-27,11:23:07,May,5,Light rain,11,May,truck hit motorcycle accident
3155,Road crashes kill two in Joypurhat,2019-06-22 19:39:23,https://en.prothomalo.com/bangladesh/Road-crashes-kill-two-Joypurhat,akkelpur and khetlal upazilas,Joypurhat,2,0,Human Hauler,,Bangladesh,event,road accident,2019-06-22,19:39:23,Jun,6,Light rain,19,Jun,
3157,1 killed in Savar road crash,2019-05-11 12:41:36,https://en.prothomalo.com/bangladesh/1-killed-in-Savar-road-crash,dhaka-aricha highway at boliarpur,Dhaka,1,4,Minibus,driver lost control,Bangladesh,event,road accident,2019-05-11,12:41:36,May,5,Partly cloudy,12,May,driver lost control
3159,2 including policeman killed in road crash,2019-08-12 18:41:32,https://en.prothomalo.com/bangladesh/2-including-police-killed-in-road-crash,kaladi petrol pump area,Narayanganj,2,1,Truck And Cng Auto Rickshaw,head-on collision,Bangladesh,event,road accident,2019-08-12,18:41:32,Aug,8,Moderate rain,18,Aug,head-on collision
3164,Three killed in Banani road accident,2015-06-19 16:52:18,https://en.prothomalo.com/bangladesh/Three-killed-in-Banani-road-accident,banani,Dhaka,3,3,Pick-Up Vans,head-on collision,Bangladesh,event,road accident,2015-06-19,16:52:18,Jun,6,Light rain,16,Jun,head-on collision
3167,Sorry state of Bhola-Barishal highway,2020-08-09 10:53:11,https://en.prothomalo.com/bangladesh/local-news/sorry-state-of-bhola-barishal-highway,"bhola-barishal highway, 10.5 km stretch from lakshmipur to maju chowdhury hat",Bagerhat,0,0,Various Vehicles,"dilapidated state of the highway, potholes",Bangladesh,event,road accident,2020-08-09,10:53:11,Aug,8,Light rain,10,Aug,dilapidated state of the highway potholes
3169,Initiatives required to ensure safety,2020-09-10 14:41:51,https://en.prothomalo.com/opinion/editorial/initiatives-required-to-ensure-safety,baitus salat jam-e-masjid in paschim talla,Narayanganj,28,0,Gas Line,gas leak and explosion,Bangladesh,event,road accident,2020-09-10,14:41:51,Sep,9,Light rain,14,Sep,gas leak and explosion
3171,Rickshaw puller killed in road crash,2019-04-07 21:15:41,https://en.prothomalo.com/bangladesh/Rickshaw-puller-killed-in-road-crash-2,gulistan,Dhaka,1,0,"Bus, Rickshaw",bus hit rickshaw,Bangladesh,event,road accident,2019-04-07,21:15:41,Apr,4,Light rain,21,Apr,bus hit rickshaw
3173,Bodies of 9 missing fishermen recovered in Barishal,2019-11-12 00:02:08,https://en.prothomalo.com/bangladesh/Bodies-of-9-missing-fishermen-recovered-in,meghna river and machhkata river,Bhola,10,0,Trawler,trawler capsize,Bangladesh,event,road accident,2019-11-12,00:02:08,Nov,11,Mainly clear,0,Nov,trawler capsize
3174,"Mother, son killed in road crash",2019-06-29 10:58:37,https://en.prothomalo.com/bangladesh/Mother-son-killed-in-road-crash,gerakhola area on dhaka-khulna highway,Gopalganj,2,0,Bus,bus ran over them,Bangladesh,event,road accident,2019-06-29,10:58:37,Jun,6,Dense rain,10,Jun,bus ran over them
3176,8 people killed as bus overturns in Joypurhat,2019-04-12 14:44:54,https://en.prothomalo.com/bangladesh/8-people-killed-as-bus-overturns-in-Joypurhat,baniapara,Joypurhat,8,0,Bus,driver lost control over the steering,Bangladesh,event,road accident,2019-04-12,14:44:54,Apr,4,Light rain,14,Apr,driver lost control over the steering
3179,Tangail road crashes kill five,2019-08-04 22:58:12,https://en.prothomalo.com/bangladesh/Tangail-road-crashes-kill-5,"mirzapur, ghatail and delduar upazilas",Tangail,5,0,,,Bangladesh,event,road accident,2019-08-04,22:58:12,Aug,8,Moderate rain,22,Aug,
3181,2 killed in Lalmonirhat road crash,2019-06-26 16:09:51,https://en.prothomalo.com/bangladesh/2-killed-in-Lalmonirhat-road-crash-2,lalmonirhat-burimari highway at palashi bazar in aditmari upazila,Lalmonirhat,2,7,"Truck, Auto-Rickshaw",truck hit an auto-rickshaw,Bangladesh,event,road accident,2019-06-26,16:09:51,Jun,6,Heavy rain,16,Jun,truck hit an autorickshaw
3184,2 killed in road crash,2019-06-11 11:50:49,https://en.prothomalo.com/bangladesh/2-killed-in-road-crash-11,gabtali,Chandpur,2,3,"Bus, Auto-Rickshaw",bus hit auto-rickshaw,Bangladesh,event,road accident,2019-06-11,11:50:49,Jun,6,Partly cloudy,11,Jun,bus hit autorickshaw
3185,2 killed in road crash,2019-06-11 11:50:49,https://en.prothomalo.com/bangladesh/2-killed-in-road-crash-13,gabtali,Chandpur,2,3,"Bus, Auto-Rickshaw",bus crashed into an auto-rickshaw,Bangladesh,event,road accident,2019-06-11,11:50:49,Jun,6,Partly cloudy,11,Jun,bus crashed into an autorickshaw
3186,2 killed in road crash,2019-06-11 11:50:49,https://en.prothomalo.com/bangladesh/2-killed-in-road-crash-10,gabtali,Chandpur,2,3,"Bus, Auto-Rickshaw",bus crashed into an auto-rickshaw,Bangladesh,event,road accident,2019-06-11,11:50:49,Jun,6,Partly cloudy,11,Jun,bus crashed into an autorickshaw
3187,2 killed in road crash,2019-06-11 11:50:49,https://en.prothomalo.com/bangladesh/2-killed-in-road-crash-7,"gabtali, chandpur sadar upazila",Chandpur,2,3,"Bus, Auto-Rickshaw",bus crashed into an auto-rickshaw,Bangladesh,event,road accident,2019-06-11,11:50:49,Jun,6,Partly cloudy,11,Jun,bus crashed into an autorickshaw
3188,2 killed in road crash,2019-06-11 11:50:49,https://en.prothomalo.com/bangladesh/2-killed-in-road-crash-4,gabtali,Chandpur,2,3,"Bus, Auto-Rickshaw",bus crashed into an auto-rickshaw,Bangladesh,event,road accident,2019-06-11,11:50:49,Jun,6,Partly cloudy,11,Jun,bus crashed into an autorickshaw
3189,2 killed in road crash,2019-06-11 11:50:49,https://en.prothomalo.com/bangladesh/2-killed-in-road-crash-2,gabtali,Chandpur,2,3,"Bus, Auto-Rickshaw",bus crashed into an auto-rickshaw,Bangladesh,event,road accident,2019-06-11,11:50:49,Jun,6,Partly cloudy,11,Jun,bus crashed into an autorickshaw
3190,2 killed in road crash,2019-06-11 11:50:49,https://en.prothomalo.com/bangladesh/2-killed-in-road-crash,gabtali,Chandpur,2,3,"Bus, Auto-Rickshaw",bus crashed into an auto-rickshaw,Bangladesh,event,road accident,2019-06-11,11:50:49,Jun,6,Partly cloudy,11,Jun,bus crashed into an autorickshaw
3193,"Cox’s Bazar fire kills father, daughter",2019-05-12 11:14:44,https://en.prothomalo.com/bangladesh/Cox’s-Bazar-fire-kills-father-daughter,lighthouse area,Cox's Bazar,2,0,,fire,Bangladesh,event,road accident,2019-05-12,11:14:44,May,5,Light rain,11,May,fire
3195,Gopalganj road crash death toll rises to 6,2019-07-29 20:52:13,https://en.prothomalo.com/bangladesh/Gopalganj-road-crash-death-toll-rises-to-6,vatiapara intersection,Gopalganj,6,15,"Bus, Truck",driver lost control over the steering and hit a stationary truck,Bangladesh,event,road accident,2019-07-29,20:52:13,Jul,7,Moderate rain,20,Jul,driver lost control over the steering and hit a stationary truck
3201,Road crash claims four lives,2019-10-01 15:58:41,https://en.prothomalo.com/bangladesh/Road-claims-four-lives,chikashi of dhunat upazila,,2,0,Motorcycle,head-on collision,Bangladesh,event,road accident,2019-10-01,15:58:41,Oct,10,,15,Oct,head-on collision
3209,Road crash kills 2,2019-05-29 11:22:22,https://en.prothomalo.com/bangladesh/Road-crash-kills-2-7,akbar shah,Chattogram,2,4,"Covered Van, Auto-Rickshaw",covered van hit auto-rickshaw,Bangladesh,event,road accident,2019-05-29,11:22:22,May,5,Partly cloudy,11,May,covered van hit autorickshaw
3210,Road crash kills 2,2019-05-29 11:22:22,https://en.prothomalo.com/bangladesh/Road-crash-kills-2-6,akbar shah area,Chattogram,2,4,"Covered Van, Auto-Rickshaw",collision between vehicles,Bangladesh,event,road accident,2019-05-29,11:22:22,May,5,Partly cloudy,11,May,collision between vehicles
3211,Road crash kills 2,2019-05-29 11:22:22,https://en.prothomalo.com/bangladesh/Road-crash-kills-2-5,akbar shah area,Chattogram,2,4,"Covered Van, Auto-Rickshaw",covered van hit auto-rickshaw,Bangladesh,event,road accident,2019-05-29,11:22:22,May,5,Partly cloudy,11,May,covered van hit autorickshaw
3212,Road crash kills 2,2019-05-29 11:22:22,https://en.prothomalo.com/bangladesh/Road-crash-kills-2-4,akbar shah area,Chattogram,2,4,"Covered Van, Auto-Rickshaw",covered van hit a cng run auto-rickshaw,Bangladesh,event,road accident,2019-05-29,11:22:22,May,5,Partly cloudy,11,May,covered van hit a cng run autorickshaw
3213,Road crash kills 2,2019-05-29 11:22:22,https://en.prothomalo.com/bangladesh/Road-crash-kills-2-3,akbar shah area,Chattogram,2,4,"Covered Van, Auto-Rickshaw",covered van hit auto-rickshaw,Bangladesh,event,road accident,2019-05-29,11:22:22,May,5,Partly cloudy,11,May,covered van hit autorickshaw
3214,Road crash kills 2,2019-05-29 11:22:22,https://en.prothomalo.com/bangladesh/Road-crash-kills-2-2,akbar shah area,Chattogram,2,4,Covered Van And Auto-Rickshaw,covered van hit auto-rickshaw,Bangladesh,event,road accident,2019-05-29,11:22:22,May,5,Partly cloudy,11,May,covered van hit autorickshaw
3215,Road crash kills 2,2019-05-29 11:22:22,https://en.prothomalo.com/bangladesh/Road-crash-kills-2,akbar shah area,Chattogram,2,4,"Covered Van, Auto-Rickshaw",covered van hit auto-rickshaw,Bangladesh,event,road accident,2019-05-29,11:22:22,May,5,Partly cloudy,11,May,covered van hit autorickshaw
3216,Road crash kills student,2019-03-27 13:26:46,,khilbaisa,Lakshmipur,1,3,"Motorcycle, Auto-Rickshaw",,Bangladesh,event,road accident,2019-03-27,13:26:46,Mar,3,Snow and rain,13,Mar,
3217,Widow of Bangladeshi ship-breaking worker free to sue UK-based firm,2020-07-15 09:53:19,https://en.prothomalo.com/bangladesh/bangladesh-in-world-media/widow-of-bangladeshi-ship-breaking-worker-free-to-sue-uk-based-firm,chattogram,Chattogram,1,0,Truck (Tanker),fall while dismantling,Bangladesh,event,road accident,2020-07-15,09:53:19,Jul,7,Light rain,9,Jul,fall while dismantling
3219,Missing siblings found dead in Buriganga,2019-06-21 14:22:43,,buriganga river,,2,0,"Boat, Launch",boat capsize,Bangladesh,event,road accident,2019-06-21,14:22:43,Jun,6,,14,Jun,boat capsize
3220,"Death of Dia- Razib: Two drivers, an assistant jailed for life",2019-12-01 22:46:24,https://en.prothomalo.com/bangladesh/Death-of-Dia-Razib-2-drivers-an-assistant,dhaka,Dhaka,2,0,,road accident,Bangladesh,event,road accident,2019-12-01,22:46:24,Dec,12,Partly cloudy,22,Dec,road accident
3221,Road crashes kill 2 in Sirajganj,2019-05-10 18:29:52,https://en.prothomalo.com/bangladesh/Road-crashes-kill-2-in-Sirajganj,sirajganj sadar upazila,Sirajganj,2,3,,,Bangladesh,event,road accident,2019-05-10,18:29:52,May,5,Partly cloudy,18,May,
3222,"Bus staff dies, 10 injured in city accident",2015-06-03 19:40:18,https://en.prothomalo.com/bangladesh/Bus-staff-dies-10-injured-in-city-accident,kazi nazrul islam avenue opposite the ca bhaban at karwanbazar,Dhaka,1,10,Bus,racing against another bus,Bangladesh,event,road accident,2015-06-03,19:40:18,Jun,6,Mainly clear,19,Jun,racing against another bus
3225,"1 killed, 30 injured in Sylhet road crash",2019-06-04 19:43:28,https://en.prothomalo.com/bangladesh/1-killed-30-injured-in-Sylhet-road-crash,dhaka-sylhet highway in osmaninagar upazila,Sylhet,1,30,Bus,fell into a ditch,Bangladesh,event,road accident,2019-06-04,19:43:28,Jun,6,Heavy rain,19,Jun,fell into a ditch
3228,Road crash kills one,2019-03-26 08:46:41,https://en.prothomalo.com/bangladesh/Road-crash-kills-one-5,shewrapara area of mirpur,Dhaka,1,0,"Bus, Motor-Cycle",bus hit a motor-cycle,Bangladesh,event,road accident,2019-03-26,08:46:41,Mar,3,Partly cloudy,8,Mar,bus hit a motorcycle
3229,Road crash kills one,2019-03-26 08:46:41,https://en.prothomalo.com/bangladesh/Road-crash-kills-one-4,shewrapara,Dhaka,1,0,"Bus, Motorcycle",bus hit a motorcycle,Bangladesh,event,road accident,2019-03-26,08:46:41,Mar,3,Partly cloudy,8,Mar,bus hit a motorcycle
3230,Road crash kills one,2019-03-26 08:46:41,https://en.prothomalo.com/bangladesh/Road-crash-kills-one-3,shewrapara,Dhaka,1,0,"Bus, Motorcycle",bus hitting a motorcycle,Bangladesh,event,road accident,2019-03-26,08:46:41,Mar,3,Partly cloudy,8,Mar,bus hitting a motorcycle
3231,Road crash kills one,2019-03-26 08:46:41,https://en.prothomalo.com/bangladesh/Road-crash-kills-one-2,shewrapara,Dhaka,1,0,"Bus, Motorcycle",,Bangladesh,event,road accident,2019-03-26,08:46:41,Mar,3,Partly cloudy,8,Mar,
3232,Road crash kills one,2019-03-26 08:46:41,https://en.prothomalo.com/bangladesh/Road-crash-kills-one,shewrapara area of mirpur,Dhaka,1,0,"Bus, Motorcycle",bus hit a motorcycle,Bangladesh,event,road accident,2019-03-26,08:46:41,Mar,3,Partly cloudy,8,Mar,bus hit a motorcycle
3233,Man killed in city road crash,2019-05-19 21:48:41,https://en.prothomalo.com/bangladesh/Man-killed-in-city-road-accident,jhutpattai of mirpur-10,Dhaka,1,0,Car,speedy car hit him while he was crossing road,Bangladesh,event,road accident,2019-05-19,21:48:41,May,5,Heavy rain,21,May,speedy car hit him while he was crossing road
3234,Man killed in city road crash,2019-05-19 21:48:41,https://en.prothomalo.com/bangladesh/Man-killed-in-city-road-crash-7,jhutpattai of mirpur-10,Dhaka,1,0,Car,speedy car hit him while he was crossing road,Bangladesh,event,road accident,2019-05-19,21:48:41,May,5,Heavy rain,21,May,speedy car hit him while he was crossing road
3235,Man killed in city road crash,2019-05-19 21:48:41,https://en.prothomalo.com/bangladesh/Man-killed-in-city-road-crash-9,jhutpattai of mirpur-10,Dhaka,1,0,Car,speedy car hit him while he was crossing road,Bangladesh,event,road accident,2019-05-19,21:48:41,May,5,Heavy rain,21,May,speedy car hit him while he was crossing road
3236,Man killed in city road crash,2019-05-19 21:48:41,https://en.prothomalo.com/bangladesh/Man-killed-in-city-road-crash-5,jhutpattai of mirpur-10,Dhaka,1,0,Car,speedy car hit him while crossing road,Bangladesh,event,road accident,2019-05-19,21:48:41,May,5,Heavy rain,21,May,speedy car hit him while crossing road
3237,Man killed in city road crash,2019-05-19 21:48:41,https://en.prothomalo.com/bangladesh/Man-killed-in-city-road-crash-3,jhutpattai of mirpur-10,Dhaka,1,0,Car,speedy car hit him while he was crossing road,Bangladesh,event,road accident,2019-05-19,21:48:41,May,5,Heavy rain,21,May,speedy car hit him while he was crossing road
3238,Man killed in city road crash,2019-05-19 21:48:41,https://en.prothomalo.com/bangladesh/Man-killed-in-city-road-crash,jhutpattai of mirpur-10,Dhaka,1,0,Car,speedy car hit him while he was crossing road,Bangladesh,event,road accident,2019-05-19,21:48:41,May,5,Heavy rain,21,May,speedy car hit him while he was crossing road
3244,20 sustain burn injuries in microbus cylinder blast,2019-06-26 11:44:51,https://en.prothomalo.com/bangladesh/20-burned-in-microbus-cylinder-blast,patiya,Chattogram,0,20,"Microbus, Covered Van",gas cylinder blast after collision,Bangladesh,event,road accident,2019-06-26,11:44:51,Jun,6,Moderate rain,11,Jun,gas cylinder blast after collision
3245,At least 6 killed in road crashes,2019-07-31 15:15:17,https://en.prothomalo.com/bangladesh/At-least-6-killed-in-road-crashes,dhaka's dhamrai upazila and cumilla's chouddagram upazila,Cumilla,6,0,,,Bangladesh,event,road accident,2019-07-31,15:15:17,Jul,7,Moderate rain,15,Jul,
3246,Patharghata wall collapse victim families in shock,2019-11-17 13:40:12,https://en.prothomalo.com/bangladesh/Patharghata-wall-collapse-victim-families-in-shock,patharghata,Chattogram,7,0,,gas pipeline explosion and wall collapse,Bangladesh,event,road accident,2019-11-17,13:40:12,Nov,11,Duststorm or sandstorm,13,Nov,gas pipeline explosion and wall collapse
3255,3 motorcyclists killed in road crash,2019-05-26 10:07:16,https://en.prothomalo.com/bangladesh/3-motorcyclists-killed-in-road-crash-2,dhaka-chattogram highway in duk bangalow area of mirsharai upazila,Chattogram,3,0,Motorbike And Truck,motorbike crashed into a truck,Bangladesh,event,road accident,2019-05-26,10:07:16,May,5,Moderate rain,10,May,motorbike crashed into a truck
3256,3 motorcyclists killed in road crash,2019-05-26 10:07:16,https://en.prothomalo.com/bangladesh/3-motorcyclists-killed-in-road-crash,duk bangalow area of mirsharai upazila,Chattogram,3,0,"Truck, Motorcycle",crash,Bangladesh,event,road accident,2019-05-26,10:07:16,May,5,Moderate rain,10,May,crash
3258,Couple killed in Meherpur wall collapse,2019-03-16 21:53:38,,harirampur village,Meherpur,2,0,,collapsed wall,Bangladesh,event,road accident,2019-03-16,21:53:38,Mar,3,Partly cloudy,21,Mar,collapsed wall
3259,City road crash kills one,2019-03-28 09:47:23,,karwan bazar,Dhaka,1,0,Car,vehicle hitting pedestrian,Bangladesh,event,road accident,2019-03-28,09:47:23,Mar,3,Shallow fog,9,Mar,vehicle hitting pedestrian
3262,3 killed in Satkhira road accident,2015-05-24 14:00:58,https://en.prothomalo.com/bangladesh/3-killed-in-Satkhira-road-accident,subhasini area of tala upazila,Satkhira,3,25,Bus,plunged into a roadside ditch,Bangladesh,event,road accident,2015-05-24,14:00:58,May,5,Partly cloudy,14,May,plunged into a roadside ditch
3266,No punishment to traffickers encourage criminals,2020-06-06 18:27:11,https://en.prothomalo.com/opinion/editorial/no-punishment-to-traffickers-encourage-criminals,"libya, thailand, malaysia",,26,0,,human trafficking,Bangladesh,event,road accident,2020-06-06,18:27:11,Jun,6,,18,Jun,human trafficking
3267,Woman killed as two cars collide in Dhaka,2019-05-18 12:57:54,https://en.prothomalo.com/bangladesh/Woman-killed-as-two-cars-collide-in-Dhaka,bata signal intersection,Dhaka,1,5,"Uber Car, Private Car",collision between uber car and private car,Bangladesh,event,road accident,2019-05-18,12:57:54,May,5,Light rain,12,May,collision between uber car and private car
3268,"Parvez’s death: Driver, conductor remanded",2019-09-21 21:45:45,https://en.prothomalo.com/bangladesh/Parvez’s-death-Driver-conductor-remanded,"east-west medical college in turag area, uttara sector 9",Shariatpur,2,1,Bus,conductor driving the bus instead of the driver,Bangladesh,event,road accident,2019-09-21,21:45:45,Sep,9,Moderate rain,21,Sep,conductor driving the bus instead of the driver
3270,"Bus hits stationary truck, kills 4",2019-09-21 17:38:39,https://en.prothomalo.com/bangladesh/Bus-hits-stationary-truck-killing-4,dhaka-khulna highway at sonashur,Gopalganj,4,0,"Passenger Bus, Truck",hit a stationary truck,Bangladesh,event,road accident,2019-09-21,17:38:39,Sep,9,Light rain,17,Sep,hit a stationary truck
3271,Road crashes kill 3 in Chandpur,2019-05-30 00:09:10,https://en.prothomalo.com/bangladesh/Road-crashes-kill-3-in-Chandpur,sadar and kachua upazilas,Chandpur,3,0,,,Bangladesh,event,road accident,2019-05-30,00:09:10,May,5,Mainly clear,0,May,
3273,College girl killed in road crash,2019-05-24 00:12:24,https://en.prothomalo.com/bangladesh/College-girl-killed-in-road-crash,bansherbada bazar,Pabna,1,1,"Truck, Motorcycle",collision between a truck and a motorcycle,Bangladesh,event,road accident,2019-05-24,00:12:24,May,5,Moderate rain,0,May,collision between a truck and a motorcycle
3276,"Father, daughter killed in road crash",2019-03-31 17:18:56,https://en.prothomalo.com/bangladesh/Father-daughter-killed-in-road-crash,chattogram-kaptai road in rangunia upazila,Chattogram,2,2,"Auto-Rickshaw, Jeep",collision,Bangladesh,event,road accident,2019-03-31,17:18:56,Mar,3,Moderate rain,17,Mar,collision
3279,3 killed as PBI pickup ploughs through RMG workers,2019-06-03 22:30:50,https://en.prothomalo.com/bangladesh/3-killed-as-PBI-pickup-ploughs-through-RMG-workers,chandul,Cumilla,3,9,Police Bureau Of Investigation (Pbi) Vehicle,ploughed through them,Bangladesh,event,road accident,2019-06-03,22:30:50,Jun,6,Heavy rain,22,Jun,ploughed through them
3280,5 killed in road crashes in 2 districts,2019-10-25 14:03:38,https://en.prothomalo.com/bangladesh/5-killed-in-road-crashes-in-2-districts,bhuiyagati kamarpara bridge,Sirajganj,5,13,Truck And Rickshaw-Van,truck rammed a rickshaw-van,Bangladesh,event,road accident,2019-10-25,14:03:38,Oct,10,Moderate rain,14,Oct,truck rammed a rickshawvan
3284,15 killed in separate road crashes,2019-06-02 14:46:48,https://en.prothomalo.com/bangladesh/15-killed-in-separate-road-crashes,sirajganj and sunamganj,Sirajganj,15,23,,separate road accidents,Bangladesh,event,road accident,2019-06-02,14:46:48,Jun,6,Moderate rain,14,Jun,separate road accidents
3290,4 killed in Noakhali road crash,2019-07-28 13:28:38,https://en.prothomalo.com/bangladesh/4-killed-in-Noakhali-road-crash-2,chowmuhani bazar,Noakhali,4,11,Pickup Van,overturned,Bangladesh,event,road accident,2019-07-28,13:28:38,Jul,7,Light rain,13,Jul,overturned
3298,Dhaka road crash kills woman,2019-06-08 19:29:06,https://en.prothomalo.com/bangladesh/Dhaka-road-crash-kills-woman,signboard area,Dhaka,1,0,Bus,hit by a passenger bus,Bangladesh,event,road accident,2019-06-08,19:29:06,Jun,6,Light rain,19,Jun,hit by a passenger bus
3300,4 killed in Mymensingh road crash,2019-04-20 15:29:18,https://en.prothomalo.com/bangladesh/accident/eclheqfs2p,mymensingh-haluaghat road in alalpur area,Mymensingh,4,2,"Truck, Auto-Rickshaw",head-on collision,Bangladesh,event,road accident,2019-04-20,15:29:18,Apr,4,Moderate rain,15,Apr,head-on collision
3301,"Gas cylinder blast burns mother, 3 children",2019-04-07 10:05:18,,kadamtali area,Dhaka,0,4,Gas Cylinder,gas cylinder blast,Bangladesh,event,road accident,2019-04-07,10:05:18,Apr,4,Light rain,10,Apr,gas cylinder blast
3304,Road crash kills medical student,2019-02-13 13:34:38,https://en.prothomalo.com/bangladesh/Road-crash-kills-medical-student,rupsha bridge bypass road,Khulna,1,0,Motorcycle,unknown vehicle hit a motorbike,Bangladesh,event,road accident,2019-02-13,13:34:38,Feb,2,Clear sky,13,Feb,unknown vehicle hit a motorbike
3305,2 killed in Khulna road crash,2019-04-15 22:36:57,https://en.prothomalo.com/bangladesh/2-killed-in-Khulna-road-crash,rupsa-khan jahan ali bridge,Khulna,2,9,"Truck, Pickup",truck hit pickup from behind while trying to overtake,Bangladesh,event,road accident,2019-04-15,22:36:57,Apr,4,Partly cloudy,22,Apr,truck hit pickup from behind while trying to overtake
3308,2 die as trawler sinks in Buriganga,2019-04-01 10:19:46,https://en.prothomalo.com/bangladesh/2-die-as-trawler-sinks-in-Buriganga,river buriganga,Dhaka,2,0,Trawler,capsized,Bangladesh,event,road accident,2019-04-01,10:19:46,Apr,4,Heavy rain,10,Apr,unknown
3309,Probe report over Rajib’s death 8 July,2019-05-22 16:22:10,https://en.prothomalo.com/bangladesh/Probe-report-over-Rajib’s-death-8-July,sonargaon crossing,Dhaka,1,0,Bus,coming between two buses,Bangladesh,event,road accident,2019-05-22,16:22:10,May,5,Moderate rain,16,May,coming between two buses
3313,N’ganj gas cylinder blast death toll rises to 3,2019-04-11 19:35:42,https://en.prothomalo.com/bangladesh/N’ganj-gas-cylinder-blast-death-toll-rises-to-3,fatullah,Narayanganj,3,0,Gas Cylinder,gas cylinder blast,Bangladesh,event,road accident,2019-04-11,19:35:42,Apr,4,Dense rain,19,Apr,gas cylinder blast
3316,6 killed as bus hits roadside tree,2019-05-18 13:14:29,https://en.prothomalo.com/bangladesh/5-killed-as-bus-hits-roadside-tree,bagerhat-mawa highway in kakdanga area,Bagerhat,6,12,Bus,bus hit a tree,Bangladesh,event,road accident,2019-05-18,13:14:29,May,5,Partly cloudy,13,May,bus hit a tree
3317,Manikganj road crash kills one,2019-03-14 10:41:45,https://en.prothomalo.com/bangladesh/Manikganj-road-crash-kills-one,dhaka-aricha highway at dhulondi,Manikganj,1,15,Bus,plunged into a roadside ditch,Bangladesh,event,road accident,2019-03-14,10:41:45,Mar,3,Partly cloudy,10,Mar,plunged into a roadside ditch
3318,Road clash kills female medical student,2019-02-14 10:55:14,,central bus terminal,Pabna,1,0,,,Bangladesh,event,road accident,2019-02-14,10:55:14,Feb,2,Partly cloudy,10,Feb,
3321,Prothom Alo news editor survives traffic accident,2015-05-16 00:03:36,https://en.prothomalo.com/bangladesh/Prothom-Alo-news-editor-escapes-car-accident,capital city,Dhaka,0,0,"Car, Bus",bus rammed into car,Bangladesh,event,road accident,2015-05-16,00:03:36,May,5,Moderate rain,0,May,bus rammed into car
3323,Initiatives to amend Road Transport Act will 'make it weaker',2021-07-30 13:01:35,https://en.prothomalo.com/bangladesh/initiatives-to-amend-road-transport-act-will-make-it-weaker,road,Dhaka,0,0,,lack of discipline in the road transport sector,Bangladesh,event,road accident,2021-07-30,13:01:35,Jul,7,Light rain,13,Jul,lack of discipline in the road transport sector
3324,Bus-truck collision leaves 4 dead,2019-05-04 15:01:53,https://en.prothomalo.com/bangladesh/Bus-truck-collision-leaves-4-dead,aladipur jamai pagoler mazar area,Rajbari,4,15,Bus And A Truck,head-on collision,Bangladesh,event,road accident,2019-05-04,15:01:53,May,5,Heavy rain,15,May,head-on collision
3327,Thakurgaon road crash death rises to 10,2019-08-03 11:43:27,https://en.prothomalo.com/bangladesh/Thakurgaon-road-crash-death-rises-to-10,thakurgaon-dhaka highway at borokhochabari,Thakurgaon,10,0,Buses,head-on collision,Bangladesh,event,road accident,2019-08-03,11:43:27,Aug,8,Dense rain,11,Aug,head-on collision
3330,Rajshahi road crash kills bi-cyclist,2019-02-26 14:59:53,,rajshahi-chapainawabganj highway in godagari municipal area,Rajshahi,1,0,"Bus, Bi-Cycle",bus rammed bicycle,Bangladesh,event,road accident,2019-02-26,14:59:53,Feb,2,,14,Feb,bus rammed bicycle
3332,"Road crash kills another college student, sparks protest",2019-04-05 21:14:57,,mostafa majir intersection of rampura-demra road,Dhaka,1,0,,,Bangladesh,event,road accident,2019-04-05,21:14:57,Apr,4,Moderate rain,21,Apr,
3336,"Mother, daughter killed in road crash",2019-03-22 09:33:48,https://en.prothomalo.com/bangladesh/Mother-daughter-killed-in-road-crash-3,dhaka-chattogram highway at mallikpara,Narayanganj,2,0,"Bus, Motorbike",bus rammed a motorbike,Bangladesh,event,road accident,2019-03-22,09:33:48,Mar,3,Moderate rain,9,Mar,bus rammed a motorbike
3337,"Mother, daughter killed in road crash",2019-03-22 09:33:48,https://en.prothomalo.com/bangladesh/Mother-daughter-killed-in-road-crash-2,"mallikpara, dhaka-chattogram highway",Narayanganj,2,0,"Bus, Motorbike",bus rammed a motorbike,Bangladesh,event,road accident,2019-03-22,09:33:48,Mar,3,Moderate rain,9,Mar,bus rammed a motorbike
3338,"Mother, daughter killed in road crash",2019-03-22 09:33:48,https://en.prothomalo.com/bangladesh/Mother-daughter-killed-in-road-crash,mallikpara,Narayanganj,2,0,"Bus, Motorbike",bus rammed a motorbike,Bangladesh,event,road accident,2019-03-22,09:33:48,Mar,3,Moderate rain,9,Mar,bus rammed a motorbike
3339,5 killed as bus hits auto-rickshaw,2019-04-28 12:06:19,https://en.prothomalo.com/bangladesh/5-killed-as-bus-hits-auto-rickshaw,shahrasti upazila,Chandpur,5,0,"Bus, Auto-Rickshaw",bus hit an auto-rickshaw,Bangladesh,event,road accident,2019-04-28,12:06:19,Apr,4,Squalls,12,Apr,bus hit an autorickshaw
3341,Driver detained for Brac University student death,2019-04-27 19:38:55,https://en.prothomalo.com/bangladesh/Driver-detained-for-Brac-University-student-death,savar,Dhaka,1,0,Covered Van,vehicle collision,Bangladesh,event,road accident,2019-04-27,19:38:55,Apr,4,Light rain,19,Apr,vehicle collision
3346,Transport workers' leader killed in road crash,2019-02-06 16:23:35,https://en.prothomalo.com/bangladesh/Transport-workers-leader-killed-in-road-crash,naudapara amchattar,Rajshahi,1,0,Other,road accident,Bangladesh,event,road accident,2019-02-06,16:23:35,Feb,2,,16,Feb,road accident
3348,2 killed in Natore road crashes,2019-04-10 15:42:04,https://en.prothomalo.com/bangladesh/2-killed-in-Natore-road-crashes,sadar and baraigram upazilas,Natore,2,10,,,Bangladesh,event,road accident,2019-04-10,15:42:04,Apr,4,Light rain,15,Apr,
3354,Gaibandha road crash kills 5,2019-04-06 18:34:04,https://en.prothomalo.com/bangladesh/Gaibandha-road-crash-kills-5,dhaka-rangpur highway in jummar ghar area in gobindaganj upazila,Gaibandha,5,15,Bus,overturned,Bangladesh,event,road accident,2019-04-06,18:34:04,Apr,4,Moderate rain,18,Apr,overturned
3357,2 killed in Narayanganj road crash,2019-02-27 13:58:59,https://en.prothomalo.com/bangladesh/2-killed-in-road-crash-8,dhaka-narayanganj road in fatullah,Narayanganj,2,6,"Bus, Human Hauler",bus hit a human hauler,Bangladesh,event,road accident,2019-02-27,13:58:59,Feb,2,Light rain,13,Feb,bus hit a human hauler
3359,BGB man killed in road crash,2019-02-09 00:19:25,https://en.prothomalo.com/bangladesh/BGB-man-killed-in-road-crash,shahjadpur upazila,Sirajganj,1,0,"Truck, Motorcycle",truck hit motorcycle,Bangladesh,event,road accident,2019-02-09,00:19:25,Feb,2,Dense rain,0,Feb,truck hit motorcycle accident
3361,2 students killed in Tangail road crash,2019-04-14 18:22:42,https://en.prothomalo.com/bangladesh/2-students-killed-in-Tangail-road-crash,tangail-bhuapur road at adabari,Tangail,2,0,"Truck, Motorcycle",truck crashed into their motorcycle,Bangladesh,event,road accident,2019-04-14,18:22:42,Apr,4,Dense rain,18,Apr,truck crashed into their motorcycle
3363,Road crash kills one,2019-02-20 13:47:21,https://en.prothomalo.com/bangladesh/Road-crash-kills-one-5,automills area,Natore,1,6,Road Crash,,Bangladesh,event,road accident,2019-02-20,13:47:21,Feb,2,Clear sky,13,Feb,
3364,Road crash kills one,2019-02-20 13:47:21,https://en.prothomalo.com/bangladesh/Road-crash-kills-one-4,automills area,Natore,1,6,,road crash,Bangladesh,event,road accident,2019-02-20,13:47:21,Feb,2,Clear sky,13,Feb,road accident
3365,Road crash kills one,2019-02-20 13:47:21,https://en.prothomalo.com/bangladesh/Road-crash-kills-one-3,automills area,Natore,1,6,Other,road crash,Bangladesh,event,road accident,2019-02-20,13:47:21,Feb,2,Clear sky,13,Feb,road accident
3366,Road crash kills one,2019-02-20 13:47:21,https://en.prothomalo.com/bangladesh/Road-crash-kills-one-2,automills area,Natore,1,6,,,Bangladesh,event,road accident,2019-02-20,13:47:21,Feb,2,Clear sky,13,Feb,
3367,Road crash kills one,2019-02-20 13:47:21,https://en.prothomalo.com/bangladesh/Road-crash-kills-one,automills area,Natore,1,6,,road crash,Bangladesh,event,road accident,2019-02-20,13:47:21,Feb,2,Clear sky,13,Feb,road accident
3369,4 of a family killed in road crash,2016-01-26 11:27:45,https://en.prothomalo.com/bangladesh/4-family-members-killed-in-Daudkandi-road-accident,tamta area of daudkandi upazila,Cumilla,4,2,Bus And Private Car,collision between a bus and a private car,Bangladesh,event,road accident,2016-01-26,11:27:45,Jan,1,Partly cloudy,11,Jan,collision between a bus and a private car
3371,"2 killed, 2 injured in city road crash",2019-04-23 13:04:04,https://en.prothomalo.com/bangladesh/2-killed-2-injured-in-Shahbagh-road-crash,matsya bhaban intersection,Dhaka,2,2,"Two Buses, Two Rickshaws, And A Car",collision among vehicles,Bangladesh,event,road accident,2019-04-23,13:04:04,Apr,4,Patches of fog,13,Apr,collision among vehicles
3375,Nine killed as bus hits wedding microbus,2019-11-22 22:43:19,https://en.prothomalo.com/bangladesh/Eight-killed-as-bus-hits-wedding-microbus,sreenagar upazila,Munshiganj,9,0,,reckless driving,Bangladesh,event,road accident,2019-11-22,22:43:19,Nov,11,Partly cloudy,22,Nov,reckless driving
3376,2 sisters killed as bus plunged into roadside canal,2019-05-01 18:23:05,https://en.prothomalo.com/bangladesh/2-sisters-killed-as-bus-plunged-into-roadside,sylhet-tamabil highway at katagang area,Sylhet,2,15,Bus,fell into a roadside canal,Bangladesh,event,road accident,2019-05-01,18:23:05,May,5,Moderate rain,18,May,fell into a roadside canal
3377,Noakhali road crash kills 4,2019-01-21 16:56:00,https://en.prothomalo.com/bangladesh/Noakhali-road-crash-kills-4,begumganj-sonaimuri road,Noakhali,4,2,"Bus, Auto-Rickshaw",collision,Bangladesh,event,road accident,2019-01-21,16:56:00,Jan,1,Clear sky,16,Jan,collision
3378,Workers block Dhaka-Aricha highway over death rumour of RMG worker,2019-01-15 08:42:23,https://en.prothomalo.com/bangladesh/Workers-blocks-Dhaka-Aricha-highway-over-death,dhaka-aricha highway,Dhaka,0,0,,rumour over death in a road accident,Bangladesh,event,road accident,2019-01-15,08:42:23,Jan,1,Clear sky,8,Jan,rumour over death in a road accident
3379,2 run over by truck near Dhaka airport,2019-01-28 09:42:04,https://en.prothomalo.com/bangladesh/2-run-over-by-truck-near-Dhaka-airport,intersection in front of hazrat shahjalal international airport,Dhaka,2,0,Truck,running truck hit them,Bangladesh,event,road accident,2019-01-28,09:42:04,Jan,1,Partly cloudy,9,Jan,running truck hit them
3381,"Father, son killed in road crash",2019-02-23 14:33:32,https://en.prothomalo.com/bangladesh/accident/father-son-killed-in-road-crash-2,kadamtoli,Chattogram,2,0,"Motorbike, Covered Van",covered van rammed the motorbike,Bangladesh,event,road accident,2019-02-23,14:33:32,Feb,2,Partly cloudy,14,Feb,covered van rammed the motorbike
3382,"Father, son killed in road crash",2019-02-23 14:33:32,https://en.prothomalo.com/bangladesh/accident/father-son-killed-in-road-crash,"kadamtoli, in front of dhonialapara mosque",Chattogram,2,0,"Motorbike, Covered Van",covered van rammed the motorbike,Bangladesh,event,road accident,2019-02-23,14:33:32,Feb,2,Partly cloudy,14,Feb,covered van rammed the motorbike
3383,"Father, son killed in road crash",2019-02-23 14:33:32,https://en.prothomalo.com/bangladesh/Father-son-killed-in-road-crash,kadamtoli,Chattogram,2,0,"Motorbike, Covered Van",covered van rammed the motorbike,Bangladesh,event,road accident,2019-02-23,14:33:32,Feb,2,Partly cloudy,14,Feb,covered van rammed the motorbike
3384,Dhaka court lift collapse injures 8 including judges,2019-03-07 16:12:12,https://en.prothomalo.com/bangladesh/Dhaka-Court-lift-collapse-injures-10-including,dhaka district and session judge court,Dhaka,0,10,Elevator,elevator collapse,Bangladesh,event,road accident,2019-03-07,16:12:12,Mar,3,Light rain,16,Mar,elevator collapse
3386,BRAC University student killed as covered van hits bike,2019-04-25 21:43:49,https://en.prothomalo.com/bangladesh/BRAC-University-student-killed-as-covered-van-hits,sher-e-bangla nagar,Mymensingh,1,0,"Motorcycle, Covered Van",covered van hit the motorcycle,Bangladesh,event,road accident,2019-04-25,21:43:49,Apr,4,Mainly clear,21,Apr,covered van hit the motorcycle
3387,2 children killed in Kushtia mud wall collapse,2019-02-07 16:31:48,https://en.prothomalo.com/bangladesh/2-children-killed-in-Kushtia-mud-wall-collapse,ghordoho khal para,Kushtia,2,1,,mud collapsed on them while playing,Bangladesh,event,road accident,2019-02-07,16:31:48,Feb,2,"Snow, moderate",16,Feb,mud collapsed on them while playing
3389,Pay Tk 1m to Rajib’s brothers: SC to bus company,2019-10-13 13:08:24,,banglamotor area,Dhaka,1,0,Bus,stuck between two buses,Bangladesh,event,road accident,2019-10-13,13:08:24,Oct,10,Mainly clear,13,Oct,stuck between two buses
3390,2 minor girls die in wall collapse,2019-01-08 15:14:11,,gongabar kandi village,Kushtia,2,0,,wall collapse,Bangladesh,event,road accident,2019-01-08,15:14:11,Jan,1,Clear sky,15,Jan,wall collapse
3391,3 workers killed in road crash,2019-05-15 10:44:26,https://en.prothomalo.com/bangladesh/3-workers-killed-in-road-crash-2,piarson,Nawabganj,3,6,Human Hauler,overturned,Bangladesh,event,road accident,2019-05-15,10:44:26,May,5,Dense rain,10,May,overturned
3395,3 of a family killed in road crash,2019-01-20 19:32:27,https://en.prothomalo.com/bangladesh/3-of-a-family-killed-in-road-crash-2,bashbaria,Natore,3,0,"Truck, Motorcycle",truck hitting motorbike,Bangladesh,event,road accident,2019-01-20,19:32:27,Jan,1,Clear sky,19,Jan,truck hitting motorbike
3396,3 of a family killed in road crash,2019-01-20 19:32:27,https://en.prothomalo.com/bangladesh/3-of-a-family-killed-in-road-crash,bashbaria,Natore,3,0,"Truck, Motorcycle",truck hitting a motorbike,Bangladesh,event,road accident,2019-01-20,19:32:27,Jan,1,Clear sky,19,Jan,truck hitting a motorbike
3397,Road crash kills minor boy,2019-01-06 12:25:46,https://en.prothomalo.com/bangladesh/Road-crash-kills-minor-boy,hogla in gomostapur upazila,,1,0,Minibus,hit by a minibus while crossing the road,Bangladesh,event,road accident,2019-01-06,12:25:46,Jan,1,,12,Jan,hit by a minibus while crossing the road
3399,Cumilla road crash kills 3,2019-02-27 16:22:26,https://en.prothomalo.com/bangladesh/accident/cumilla-road-crash-kills-3,dhaka-chittagong highway in kutumbapur area,Cumilla,3,0,Covered Van,driver lost control over the steering and ran over the pedestrians,Bangladesh,event,road accident,2019-02-27,16:22:26,Feb,2,Light rain,16,Feb,driver lost control over the steering and ran over the pedestrians
3400,Cumilla road crash kills 3,2019-02-27 16:22:26,https://en.prothomalo.com/bangladesh/Cumilla-road-crash-kills-3,dhaka-chittagong highway in kutumbapur area,Cumilla,3,0,Covered Van,driver lost control over the steering and ran over the pedestrians,Bangladesh,event,road accident,2019-02-27,16:22:26,Feb,2,Light rain,16,Feb,driver lost control over the steering and ran over the pedestrians
3401,Bike crash claims lives of 2 schoolboys,2019-04-05 23:55:37,https://en.prothomalo.com/bangladesh/Bike-crash-claims-lives-of-2-schoolboys,khilgaon flyover,Dhaka,2,0,Motorcycle,,Bangladesh,event,road accident,2019-04-05,23:55:37,Apr,4,Moderate rain,23,Apr,
3412,Bus driver remanded over Abrar’s death,2019-03-20 19:37:35,https://en.prothomalo.com/bangladesh/Bus-driver-remanded-over-Abrar’s-death,pragati sarani,Dhaka,1,0,Bus,,Bangladesh,event,road accident,2019-03-20,19:37:35,Mar,3,Mainly clear,19,Mar,
3413,Shujan branch president among 2 killed in road crash,2019-02-23 14:34:46,https://en.prothomalo.com/bangladesh/Shujan-branch-president-among-2-killed-in-road,link road of the eastern side of bangabandhu bridge,Tangail,2,5,Vehicle And Microbus,vehicle hit a microbus,Bangladesh,event,road accident,2019-02-23,14:34:46,Feb,2,Shallow fog,14,Feb,vehicle hit a microbus
3414,Narsingdi road crash kills 2 motorcyclists,2019-02-10 20:59:23,https://en.prothomalo.com/bangladesh/Narsingdi-road-crash-kills-2-motorcyclists,dhaka-sylhet highway in paolanpur area,Narsingdi,2,0,"Motorbikes, Covered Van",covered van hit their motorbike,Bangladesh,event,road accident,2019-02-10,20:59:23,Feb,2,Light rain,20,Feb,covered van hit their motorbike
3416,Biker killed in road crash,2019-01-15 12:18:26,https://en.prothomalo.com/bangladesh/Biker-killed-in-road-crash,chhoto khochabari area in sadar upazila,Thakurgaon,1,1,"Bus, Motorcycle",motorcycle slipped and bus ran over the motorcyclist,Bangladesh,event,road accident,2019-01-15,12:18:26,Jan,1,Clear sky,12,Jan,motorcycle slipped and bus ran over the motorcyclist
3418,Man killed in road crash,2018-12-26 13:27:13,https://en.prothomalo.com/bangladesh/Man-killed-in-road-crash-2,rajendrapur intersection,Gazipur,1,1,"Truck, Covered-Van",,Bangladesh,event,road accident,2018-12-26,13:27:13,Dec,12,Clear sky,13,Dec,
3419,Man killed in road crash,2018-12-26 13:27:13,https://en.prothomalo.com/bangladesh/Man-killed-in-road-crash-3,rajendrapur intersection,Gazipur,1,1,"Truck, Covered-Van",truck rammed a covered-van,Bangladesh,event,road accident,2018-12-26,13:27:13,Dec,12,Clear sky,13,Dec,truck rammed a coveredvan
3420,Man killed in road crash,2018-12-26 13:27:13,https://en.prothomalo.com/bangladesh/Man-killed-in-road-crash,rajendrapur intersection,Gazipur,1,1,"Truck, Covered-Van",truck rammed a covered-van,Bangladesh,event,road accident,2018-12-26,13:27:13,Dec,12,Clear sky,13,Dec,truck rammed a coveredvan
3423,6 killed in separate road crashes,2019-05-02 10:23:37,https://en.prothomalo.com/bangladesh/6-killed-in-separate-road-crashes,mirganj,Rajshahi,3,0,Bus,,Bangladesh,event,road accident,2019-05-02,10:23:37,May,5,,10,May,
3425,25 medical students injured in road crash,2018-12-09 11:55:58,https://en.prothomalo.com/bangladesh/25-medical-students-injured-in-road-crash,mainamati cantonment,Cumilla,0,25,Private Medical College Bus (Implied),road crash,Bangladesh,event,road accident,2018-12-09,11:55:58,Dec,12,Clear sky,11,Dec,road accident
3426,Illegal three-wheelers making highways more dangerous,2019-09-19 12:24:31,https://en.prothomalo.com/bangladesh/Illegal-three-wheelers-making-highways-more,benapole-jashore and navaron-satkhira highways,Jashore,0,0,Auto Rickshaw,illegal operation of three-wheelers,Bangladesh,event,road accident,2019-09-19,12:24:31,Sep,9,Light rain,12,Sep,illegal operation of threewheelers
3427,Gopalganj bus plunge kills 2,2019-02-05 14:01:39,https://en.prothomalo.com/bangladesh/Gopalganj-bus-plunge-kills-2,sadar upazila,Gopalganj,2,20,Bus,plunged into a roadside ditch,Bangladesh,event,road accident,2019-02-05,14:01:39,Feb,2,Partly cloudy,14,Feb,plunged into a roadside ditch
3428,6 killed as bus overturns in Cumilla,2019-02-17 14:10:15,https://en.prothomalo.com/bangladesh/6-killed-as-bus-overturns-in-Cumilla,dhaka-chattogram highway in jagonnath digi area,Cumilla,6,8,Bus,turned turtle,Bangladesh,event,road accident,2019-02-17,14:10:15,Feb,2,Light rain,14,Feb,turned turtle
3429,Bangladeshi killed in Qatar road crash,2019-02-16 23:56:35,https://en.prothomalo.com/bangladesh/Bangladeshi-killed-in-Qatar-road-crash,doha,Chattogram,1,0,Car,speeding car ran over,Bangladesh,event,road accident,2019-02-16,23:56:35,Feb,2,Partly cloudy,23,Feb,speeding car ran over
3432,Road crashes claim four more lives,2019-06-10 08:54:30,https://en.prothomalo.com/bangladesh/Road-crashes-claim-four-more-lives-2,feni and lakshmipur districts,Feni,4,0,,,Bangladesh,event,road accident,2019-06-10,08:54:30,Jun,6,Light rain,8,Jun,
3433,Road crashes claim four more lives,2019-06-10 08:54:30,https://en.prothomalo.com/bangladesh/Road-crashes-claim-four-more-lives,feni and lakshmipur districts,Lakshmipur,4,0,,,Bangladesh,event,road accident,2019-06-10,08:54:30,Jun,6,Light rain,8,Jun,
3434,"Motorcyclist, pillion rider killed in road crash",2019-01-18 11:25:46,https://en.prothomalo.com/bangladesh/Motorcyclist-pillion-rider-killed-in-road-crash-2,talora-jamdar road in kalipara village,,2,0,Motorcycle,hit a tree,Bangladesh,event,road accident,2019-01-18,11:25:46,Jan,1,,11,Jan,hit a tree
3435,"Motorcyclist, pillion rider killed in road crash",2019-01-18 11:25:46,https://en.prothomalo.com/bangladesh/Motorcyclist-pillion-rider-killed-in-road-crash,talora-jamdar road in kalipara village,,2,0,Motorcycle,hit a tree,Bangladesh,event,road accident,2019-01-18,11:25:46,Jan,1,,11,Jan,hit a tree
3436,PM Hasina consoles Abrar’s parents,2019-03-23 00:11:18,https://en.prothomalo.com/bangladesh/PM-Hasina-consoles-Abrar’s-parents,ganabhaban,Dhaka,1,0,,road accident,Bangladesh,event,road accident,2019-03-23,00:11:18,Mar,3,Partly cloudy,0,Mar,road accident
3437,Savar road crash kills 2,2019-01-04 18:01:52,https://en.prothomalo.com/bangladesh/Savar-road-crash-kills-2-3,tongi-ashulia-epz road at itakhola,Dhaka,2,3,Truck And Rickshaws,truck hit rickshaws,Bangladesh,event,road accident,2019-01-04,18:01:52,Jan,1,Clear sky,18,Jan,truck hit rickshaws
3438,BL College teacher killed in Khulna road crash,2019-02-12 21:32:50,https://en.prothomalo.com/bangladesh/BL-College-teacher-killed-in-Khulna-road-crash,khulna-jashore road in front of damodor government primary school,Khulna,1,0,Truck,run over,Bangladesh,event,road accident,2019-02-12,21:32:50,Feb,2,Mist,21,Feb,run over
3439,Woman killed as tree falls on her,2019-02-23 11:41:48,https://en.prothomalo.com/bangladesh/Woman-killed-as-tree-falls-on-her,"shishu academy, shahbag area",Dhaka,1,7,Pedestrians,falling coconut tree,Bangladesh,event,road accident,2019-02-23,11:41:48,Feb,2,Partly cloudy,11,Feb,falling coconut tree
3441,25 killed in Faridpur road accident,2015-04-09 13:07:33,https://en.prothomalo.com/bangladesh/24-killed-in-Faridpur-road-accident,bhanga,Faridpur,25,18,Bus,bus veered off the road and hit a tree,Bangladesh,event,road accident,2015-04-09,13:07:33,Apr,4,Light rain,13,Apr,bus veered off the road and hit a tree
3443,Fire guts 100 shanties in Chattogram,2019-02-10 15:39:59,https://en.prothomalo.com/bangladesh/Fire-guts-100-shanties-in-Chattogram,rail gate area,Chattogram,0,0,,fire,Bangladesh,event,road accident,2019-02-10,15:39:59,Feb,2,Partly cloudy,15,Feb,fire
3448,Explosives dept should ensure gas cylinder safety,2019-10-20 09:37:57,https://en.prothomalo.com/opinion/Explosives-dept-should-ensure-gas-cylinder-safety,anwara,Chattogram,3,3,Ambulance,gas cylinder explosion,Bangladesh,event,road accident,2019-10-20,09:37:57,Oct,10,Light rain,9,Oct,gas cylinder explosion
3449,Bus-truck collision kills 3 in Bagerhat,2019-01-22 16:04:37,https://en.prothomalo.com/bangladesh/Bus-truck-collision-kills-3-in-Bagerhat,khulna-mawa highway in fakirhat upazila,Bagerhat,3,20,Bus And A Truck,head-on collision,Bangladesh,event,road accident,2019-01-22,16:04:37,Jan,1,Clear sky,16,Jan,head-on collision
3451,"Gazipur road crash kills truck driver, helper",2019-02-03 10:44:08,https://en.prothomalo.com/bangladesh/Gazipur-road-crash-kills-truck-driver-helper,naotana area in kaliganj upazila,Gazipur,2,1,"Truck, Covered Van",head-on collision,Bangladesh,event,road accident,2019-02-03,10:44:08,Feb,2,Clear sky,10,Feb,head-on collision
3455,Teen killed as bike hits Hatirjheel divider,2018-12-24 12:05:00,https://en.prothomalo.com/bangladesh/Teen-biker-killed-in-road-crash,hatirjheel,Dhaka,1,1,Motorcycle,skidded off the road hitting the divider,Bangladesh,event,road accident,2018-12-24,12:05:00,Dec,12,Clear sky,12,Dec,skidded off the road hitting the divider
3457,Road crash kills 2,2018-12-22 15:38:40,https://en.prothomalo.com/bangladesh/Road-crash-kills-2-7,boardghor area,Gazipur,2,0,Truck,truck rammed a stationary one,Bangladesh,event,road accident,2018-12-22,15:38:40,Dec,12,Partly cloudy,15,Dec,truck rammed a stationary one
3458,Road crash kills 2,2018-12-22 15:38:40,https://en.prothomalo.com/bangladesh/Road-crash-kills-2-6,boardghor area,Gazipur,2,0,Truck,truck rammed a stationary one,Bangladesh,event,road accident,2018-12-22,15:38:40,Dec,12,Partly cloudy,15,Dec,truck rammed a stationary one
3459,Road crash kills 2,2018-12-22 15:38:40,https://en.prothomalo.com/bangladesh/Road-crash-kills-2-5,boardghor area,Gazipur,2,0,Truck,truck rammed a stationary one,Bangladesh,event,road accident,2018-12-22,15:38:40,Dec,12,Partly cloudy,15,Dec,truck rammed a stationary one
3460,Road crash kills 2,2018-12-22 15:38:40,https://en.prothomalo.com/bangladesh/Road-crash-kills-2-4,boardghor area,Gazipur,2,0,Truck,truck rammed a stationary one,Bangladesh,event,road accident,2018-12-22,15:38:40,Dec,12,Partly cloudy,15,Dec,truck rammed a stationary one
3461,Road crash kills 2,2018-12-22 15:38:40,https://en.prothomalo.com/bangladesh/Road-crash-kills-2-3,boardghor area,Gazipur,2,0,Truck,truck rammed a stationary truck,Bangladesh,event,road accident,2018-12-22,15:38:40,Dec,12,Partly cloudy,15,Dec,truck rammed a stationary truck
3462,Road crash kills 2,2018-12-22 15:38:40,https://en.prothomalo.com/bangladesh/Road-crash-kills-2-2,boardghor area,Gazipur,2,0,Truck,truck rammed a stationary truck,Bangladesh,event,road accident,2018-12-22,15:38:40,Dec,12,Partly cloudy,15,Dec,truck rammed a stationary truck
3463,Road crash kills 2,2018-12-22 15:38:40,https://en.prothomalo.com/bangladesh/Road-crash-kills-2,boardghor area,Gazipur,2,0,Truck,a truck rammed a stationary one,Bangladesh,event,road accident,2018-12-22,15:38:40,Dec,12,Partly cloudy,15,Dec,a truck rammed a stationary one
3464,3 burnt to death as microbus catches fire,2019-02-12 11:38:27,https://en.prothomalo.com/bangladesh/3-burnt-to-death-as-microbus-catches-fire,dhaka chittagong highway,Dhaka,3,2,Microbus And Covered Van,vehicle collision and fire,Bangladesh,event,road accident,2019-02-12,11:38:27,Feb,2,Partly cloudy,11,Feb,vehicle collision and fire
3466,BNP's connection to Chawkbazar fire should be probed: Hasan,2019-02-23 23:27:17,https://en.prothomalo.com/bangladesh/BNP-s-connection-to-Chawkbazar-fire-should-be,chawkbazar,Dhaka,0,0,,fire,Bangladesh,event,road accident,2019-02-23,23:27:17,Feb,2,Partly cloudy,23,Feb,fire
3473,3 killed in road crashes,2019-03-10 19:56:16,https://en.prothomalo.com/youth/3-killed-in-road-crashes,chandrabari in louhajang upazila,Munshiganj,2,2,Bus,bus ploughed through a shop,Bangladesh,event,road accident,2019-03-10,19:56:16,Mar,3,Moderate rain,19,Mar,bus ploughed through a shop
3474,3 killed in bus-microbus collision,2019-02-03 11:27:25,https://en.prothomalo.com/bangladesh/3-killed-in-bus-microbus-collision,patia,Chattogram,3,8,"Bus, Microbus",head on collision,Bangladesh,event,road accident,2019-02-03,11:27:25,Feb,2,Clear sky,11,Feb,head-on collision
3475,Buriganga trawler capsize during storm kills 4,2019-04-01 12:49:22,https://en.prothomalo.com/bangladesh/Buriganga-trawler-capsize-during-storm-kills-4,buriganga river,Dhaka,4,0,,boat capsize during storm,Bangladesh,event,road accident,2019-04-01,12:49:22,Apr,4,Heavy rain,12,Apr,boat capsize during storm
3477,2 killed as picnic bus hits truck,2019-03-08 21:27:52,https://en.prothomalo.com/bangladesh/2-killed-as-picnic-bus-hits-truck-in-Bagerhat,bagerhat-khulna highway at ronbijoypur,Bagerhat,2,10,"Picnic Bus, Truck",picnic bus hit a stationary truck,Bangladesh,event,road accident,2019-03-08,21:27:52,Mar,3,Clear sky,21,Mar,picnic bus hit a stationary truck
3478,"Biker, pillion rider killed in Chapainawabganj",2019-01-08 11:00:02,https://en.prothomalo.com/bangladesh/Biker-pillion-rider-killed-in-Chapainawabganj,kolyanpur,Nawabganj,2,0,"Motorcycle, Truck, Pickup Van",motorcycle skidded off while trying to overtake a truck when a pickup van came in front,Bangladesh,event,road accident,2019-01-08,11:00:02,Jan,1,Dust or sand whirls,11,Jan,motorcycle skidded off while trying to overtake a truck when a pickup van came in front
3481,Singer Khurshid Alam injured in road crash,2019-03-30 15:57:57,https://en.prothomalo.com/entertainment/Singer-Khurshid-Alam-injured-in-road-crash,dhaka-rangpur highway in jhupgari area,Bogra,0,1,Car And Truck,truck hit his car,Bangladesh,event,road accident,2019-03-30,15:57:57,Mar,3,Light rain,15,Mar,truck hit his car
3482,Fire at Gulshan-1 kitchen market,2019-03-30 09:04:45,https://en.prothomalo.com/bangladesh/Fire-at-Gulshan-1-kitchen-market,kitchen market near the dncc market in gulshan- 1,Dhaka,0,0,Not Applicable,fire,Bangladesh,event,road accident,2019-03-30,09:04:45,Mar,3,Light rain,9,Mar,fire
3484,3 university students among 4 killed in road crash,2019-08-17 13:52:13,https://en.prothomalo.com/bangladesh/4-killed-in-road-crash,kararchar area of shibpur upazila in narsingdi,Narsingdi,4,5,"Bus, Car",bus collided with a car,Bangladesh,event,road accident,2019-08-17,13:52:13,Aug,8,Heavy rain,13,Aug,bus collided with a car
3485,"Biker, pillion rider killed in Chattogram",2019-01-29 10:14:37,https://en.prothomalo.com/bangladesh/Biker-pillion-rider-killed-in-Chattogram,chandnaish upazila,Chattogram,2,0,"Truck, Motorcycle",truck rammed their motorbike,Bangladesh,event,road accident,2019-01-29,10:14:37,Jan,1,Partly cloudy,10,Jan,truck rammed their motorbike
3489,"Road crash kills woman, granddaughter",2019-02-06 16:21:58,https://en.prothomalo.com/bangladesh/Road-crash-kills-Woman-granddaughter,sylhet-fenchuganj road at dharampur,Sylhet,2,2,"Bus, Auto Rickshaw",bus hitting auto rickshaw,Bangladesh,event,road accident,2019-02-06,16:21:58,Feb,2,Funnel cloud / tornado,16,Feb,bus hitting auto rickshaw
3491,3 killed as truck hits motorcycle,2018-10-09 13:01:58,,mohadebpur-patnitola road,Naogaon,3,0,"Truck, Motorcycle",truck rammed a motorbike,Bangladesh,event,road accident,2018-10-09,13:01:58,Oct,10,Light rain,13,Oct,truck rammed a motorbike
3492,Road crash kills 6 of a family,2019-01-23 13:31:13,,west mandarin,Lakshmipur,7,0,"Truck, Auto-Rickshaw",truck rammed a cng-run auto-rickshaw,Bangladesh,event,road accident,2019-01-23,13:31:13,Jan,1,Clear sky,13,Jan,truck rammed a cngrun autorickshaw
3493,Barishal students protest at Friday’s road crash,2019-03-23 19:41:24,https://en.prothomalo.com/bangladesh/Barishal-students-protest-at-Friday’s-road-crash,barishal,Barishal,7,0,Bus,,Bangladesh,event,road accident,2019-03-23,19:41:24,Mar,3,Partly cloudy,19,Mar,
3495,Road accidents kill 4 in Ashulia,2015-03-11 20:30:45,https://en.prothomalo.com/bangladesh/Road-accidents-kill-4-in-Ashulia,ashulia,Dhaka,4,0,,,Bangladesh,event,road accident,2015-03-11,20:30:45,Mar,3,Clear sky,20,Mar,
3496,College student among 5 killed in road crash,2019-03-22 13:12:06,https://en.prothomalo.com/bangladesh/College-student-among-5-killed-in-road-crash,barishal-banaripara road in tetultala area of barishal city,Barishal,5,6,"Bus, Human Hauler",bus hitting a human hauler,Bangladesh,event,road accident,2019-03-22,13:12:06,Mar,3,Moderate rain,13,Mar,bus hitting a human hauler
3500,Road crashes claim 11 lives,2019-09-16 11:01:06,https://en.prothomalo.com/bangladesh/Road-crashes-claim-11-lives,dhaka-chattogram highway in sadar dakkhin upazila,Cumilla,11,11,"Bus, Motorcycle",bus hit a motorcycle,Bangladesh,event,road accident,2019-09-16,11:01:06,Sep,9,Light rain,11,Sep,bus hit a motorcycle
3501,Education officer killed in road crash,2018-10-30 13:13:05,https://en.prothomalo.com/bangladesh/Education-officer-killed-in-road-crash,suchibunia,Khulna,1,0,Truck,truck hit him,Bangladesh,event,road accident,2018-10-30,13:13:05,Oct,10,Light rain,13,Oct,truck hit him
3502,2 killed in road crash,2018-12-22 15:37:16,https://en.prothomalo.com/bangladesh/2-killed-in-road-crash-11,in front of gazirhat degree college,Thakurgaon,2,0,"Motorcycle, Tractor",tractor hit their vehicle,Bangladesh,event,road accident,2018-12-22,15:37:16,Dec,12,Rain showers (slight),15,Dec,tractor hit their vehicle
3503,2 killed in road crash,2018-12-22 15:37:16,https://en.prothomalo.com/bangladesh/2-killed-in-road-crash-13,in front of gazirhat degree college,Thakurgaon,2,0,"Motorcycle, Tractor",tractor hit motorcycle,Bangladesh,event,road accident,2018-12-22,15:37:16,Dec,12,Rain showers (slight),15,Dec,tractor hit motorcycle
3504,2 killed in road crash,2018-12-22 15:37:16,https://en.prothomalo.com/bangladesh/2-killed-in-road-crash-10,ranisankail,Thakurgaon,2,0,"Motorcycle, Tractor",tractor hit motorcycle,Bangladesh,event,road accident,2018-12-22,15:37:16,Dec,12,Rain showers (slight),15,Dec,tractor hit motorcycle
3505,2 killed in road crash,2018-12-22 15:37:16,https://en.prothomalo.com/bangladesh/2-killed-in-road-crash-7,in front of gazirhat degree college,Thakurgaon,2,0,"Motorcycle, Tractor",tractor hit motorcycle,Bangladesh,event,road accident,2018-12-22,15:37:16,Dec,12,Rain showers (slight),15,Dec,tractor hit motorcycle
3506,2 killed in road crash,2018-12-22 15:37:16,https://en.prothomalo.com/bangladesh/2-killed-in-road-crash-4,"ranisankail, thakurgaon",Thakurgaon,2,0,"Motorcycle, Tractor",tractor hit their vehicle,Bangladesh,event,road accident,2018-12-22,15:37:16,Dec,12,Rain showers (slight),15,Dec,tractor hit their vehicle
3507,2 killed in road crash,2018-12-22 15:37:16,https://en.prothomalo.com/bangladesh/2-killed-in-road-crash-2,gazirhat degree college,Thakurgaon,2,0,"Motorcycle, Tractor",tractor hit motorcycle,Bangladesh,event,road accident,2018-12-22,15:37:16,Dec,12,Rain showers (slight),15,Dec,tractor hit motorcycle
3508,2 killed in road crash,2018-12-22 15:37:16,https://en.prothomalo.com/bangladesh/2-killed-in-road-crash,"ranisankail, thakurgaon",Thakurgaon,2,0,"Motorcycle, Tractor",tractor hit their vehicle,Bangladesh,event,road accident,2018-12-22,15:37:16,Dec,12,Rain showers (slight),15,Dec,tractor hit their vehicle
3509,"Driver, assistant killed as truck plunges into ditch",2018-11-26 11:29:43,https://en.prothomalo.com/bangladesh/Driver-assistant-killed-as-truck-plunges-into,boilgram village,Madaripur,2,2,Truck,vehicle plunged into a roadside ditch,Bangladesh,event,road accident,2018-11-26,11:29:43,Nov,11,Partly cloudy,11,Nov,vehicle plunged into a roadside ditch
3514,8 sustain burn injuries in steel factory fire,2018-12-18 12:35:45,https://en.prothomalo.com/bangladesh/8-sustain-burn-injuries-in-steel-factory,kadamtali steel mills pvt ltd at kadamtali,Dhaka,0,8,Industrial Equipment,melted iron accidentally fell on a group of workers,Bangladesh,event,road accident,2018-12-18,12:35:45,Dec,12,Moderate rain,12,Dec,melted iron accidentally fell on a group of workers
3515,Turkish national among 2 killed in road crash,2018-12-18 10:08:29,https://en.prothomalo.com/bangladesh/Turkish-national-among-2-killed-in-road-crash,dhaka-rajshahi highway at senbhag in puthia,Rajshahi,2,0,"Truck, Pick-Up Van, Bus","truck hit pick-up van, then bus hit pick-up van",Bangladesh,event,road accident,2018-12-18,10:08:29,Dec,12,,10,Dec,truck hit pickup van then bus hit pickup van
3516,Road crashes kill 3,2019-04-03 14:33:44,https://en.prothomalo.com/bangladesh/Road-crashes-kill-3-2,zero mile area of the district town,Khagrachhari,1,3,"Passenger Bus, Goods-Laden Pick-Up Van, Covered Van",collision between vehicles,Bangladesh,event,road accident,2019-04-03,14:33:44,Apr,4,Heavy rain,14,Apr,collision between vehicles
3519,Road crash kills 3 in Chattogram,2018-12-28 17:35:15,https://en.prothomalo.com/bangladesh/Road-crash-kills-3-in-Chattogram,mirsharai upazila,Chattogram,3,0,"Truck, Rickshaw",cement-laden truck hit a rickshaw,Bangladesh,event,road accident,2018-12-28,17:35:15,Dec,12,Clear sky,17,Dec,cementladen truck hit a rickshaw
3520,PEC examinee killed in road crash,2018-11-19 15:05:48,,port colony,Chattogram,1,1,Human Hauler And Cng-Run Auto-Rickshaw,collision,Bangladesh,event,road accident,2018-11-19,15:05:48,Nov,11,Partly cloudy,15,Nov,collision
3521,Road crash claims lives of 3 labourers,2018-12-02 10:30:23,,nurpur bypass area,Pabna,3,1,Truck,overturned,Bangladesh,event,road accident,2018-12-02,10:30:23,Dec,12,Partly cloudy,10,Dec,overturned
3522,Appellate Division orders Green Line Paribahan to pay Russel Tk 5m,2019-03-31 14:20:51,https://en.prothomalo.com/bangladesh/Appellate-Division-orders-Green-Line-Paribahan-to,high court,Dhaka,0,1,Bus,,Bangladesh,event,road accident,2019-03-31,14:20:51,Mar,3,Moderate rain,14,Mar,
3523,"Truck, easy-bike collision kills 3",2018-11-18 12:26:20,,lahirirhat area of rangpur sadar upazila,Rangpur,3,3,"Truck, Easy Bike",head-on collision,Bangladesh,event,road accident,2018-11-18,12:26:20,Nov,11,Clear sky,12,Nov,head-on collision
3524,One body recovered in Buriganga boat capsize,2019-03-08 21:38:15,https://en.prothomalo.com/bangladesh/One-body-recovered-in-Buriganga-boat-capsize,"sadarght, buriganga river",,1,0,,boat capsize,Bangladesh,event,road accident,2019-03-08,21:38:15,Mar,3,,21,Mar,boat capsize
3525,"Probe finds no fault of joint secretary, DC over Titash death",2019-09-05 23:32:55,,madaripur,Madaripur,1,0,"Ferry, Ambulance",ferry delay,Bangladesh,event,road accident,2019-09-05,23:32:55,Sep,9,Light rain,23,Sep,ferry delay
3528,Road crashes claim 3 lives,2019-04-21 18:55:30,https://en.prothomalo.com/bangladesh/Road-crashes-claim-3-lives,bonpra bypass area of boraigram upazila,Natore,1,0,"Truck, Motorcycle",truck hit a motorcycle,Bangladesh,event,road accident,2019-04-21,18:55:30,Apr,4,Light rain,18,Apr,truck hit a motorcycle
3530,Sheer negligence despite frequent deaths,2020-11-19 17:18:17,https://en.prothomalo.com/bangladesh/sheer-negligence-despite-frequent-deaths,"bhanga gate, abhoynagar",Jashore,5,0,Car,unauthorized railway crossing,Bangladesh,event,road accident,2020-11-19,17:18:17,Nov,11,Light rain,17,Nov,unauthorized railway crossing
3536,ASP’s vehicle ‘attacked’ in Chuadanga,2018-12-24 09:40:46,https://en.prothomalo.com/bangladesh/ASP’s-vehicle-‘attacked’-in-Chuadanga,darshana filling station,Chuadanga,0,0,Car,bomb attack,Bangladesh,event,road accident,2018-12-24,09:40:46,Dec,12,Clear sky,9,Dec,bomb attack
3537,3 army men killed in road crash,2019-02-08 19:59:32,https://en.prothomalo.com/bangladesh/3-army-men-killed-in-road-crash,subarnachar upazila,Noakhali,3,9,Army Personnel Vehicles,road accident,Bangladesh,event,road accident,2019-02-08,19:59:32,Feb,2,rain not reaching ground,19,Feb,road accident
3540,Fitness certificates of 33pc buses invalid: BRTA,2019-02-07 16:29:21,https://en.prothomalo.com/bangladesh/Fitness-certificates-of-33pc-buses-invalid-BRTA,dhaka city,Dhaka,0,0,Buses,invalid fitness certificates,Bangladesh,event,road accident,2019-02-07,16:29:21,Feb,2,"rain, freezing",16,Feb,invalid fitness certificates
3541,Barishal road crash toll rises to 7,2019-03-22 19:35:32,https://en.prothomalo.com/bangladesh/Barishal-road-crash-toll-rises-to-7,barishal city,Barishal,7,0,,,Bangladesh,event,road accident,2019-03-22,19:35:32,Mar,3,Moderate rain,19,Mar,
3545,Driver of bus that killed Abrar had no licence!,2019-03-20 15:28:37,https://en.prothomalo.com/bangladesh/Driver-of-bus-that-killed-Abrar-had-no-licence,dhaka,Dhaka,1,0,Bus,driving without license,Bangladesh,event,road accident,2019-03-20,15:28:37,Mar,3,Mainly clear,15,Mar,driving without license
3546,"BUP student killed in road crash, protesters block city street",2019-03-20 12:04:21,https://en.prothomalo.com/bangladesh/BUP-student-killed-in-road-crash-protesters-block,jamuna future park,Dhaka,1,0,,road crash,Bangladesh,event,road accident,2019-03-20,12:04:21,Mar,3,Mainly clear,12,Mar,road accident
3553,Road crash kills 2,2018-12-17 16:51:58,https://en.prothomalo.com/bangladesh/Road-crash-kills-2-4,pakutia,Tangail,2,4,"Bus, Pick-Up Van",bus rammed a pick-up van,Bangladesh,event,road accident,2018-12-17,16:51:58,Dec,12,Light rain,16,Dec,bus rammed a pickup van
3557,Road crash kills one,2018-10-09 16:26:45,https://en.prothomalo.com/bangladesh/Road-crash-kills-one-5,amirpur village,Chuadanga,1,0,Tractor,overturned,Bangladesh,event,road accident,2018-10-09,16:26:45,Oct,10,Moderate rain,16,Oct,overturned
3558,Road crash kills one,2018-10-09 16:26:45,https://en.prothomalo.com/bangladesh/Road-crash-kills-one-4,amirpur village,Chuadanga,1,0,Tractor,overturned,Bangladesh,event,road accident,2018-10-09,16:26:45,Oct,10,Moderate rain,16,Oct,overturned
3559,Road crash kills one,2018-10-09 16:26:45,https://en.prothomalo.com/bangladesh/Road-crash-kills-one-3,amirpur village,Chuadanga,1,0,Tractor,overturned,Bangladesh,event,road accident,2018-10-09,16:26:45,Oct,10,Moderate rain,16,Oct,overturned
3560,Road crash kills one,2018-10-09 16:26:45,https://en.prothomalo.com/bangladesh/Road-crash-kills-one-2,amirpur village,Chuadanga,1,0,Tractor,overturned,Bangladesh,event,road accident,2018-10-09,16:26:45,Oct,10,Moderate rain,16,Oct,overturned
3561,Road crash kills one,2018-10-09 16:26:45,https://en.prothomalo.com/bangladesh/Road-crash-kills-one,amirpur village,Chuadanga,1,0,Tractor,overturned,Bangladesh,event,road accident,2018-10-09,16:26:45,Oct,10,Moderate rain,16,Oct,overturned
3563,4 die as car plunges into ditch,2019-01-20 13:59:30,https://en.prothomalo.com/bangladesh/4-die-as-car-plunges-into-ditch,bostol area of sonargaon upazila,Narayanganj,4,0,Car,vehicle plunged into a ditch,Bangladesh,event,road accident,2019-01-20,13:59:30,Jan,1,Clear sky,13,Jan,vehicle plunged into a ditch
3564,2 school teachers killed in road crash,2018-11-29 09:28:47,https://en.prothomalo.com/bangladesh/2-school-teachers-killed-in-road-crash,bagerhat-mawa highway at joydihi village in mollahat,Bagerhat,2,0,"Truck, Motorcycle",speeding truck hit the motorcycle,Bangladesh,event,road accident,2018-11-29,09:28:47,Nov,11,Clear sky,9,Nov,speeding truck hit the motorcycle
3565,Sirajganj road crash claims 3 lives,2019-01-05 10:34:48,https://en.prothomalo.com/bangladesh/Sirajganj-road-crash-claims-3-lives,bangabandhu bridge (western side) connecting road,Sirajganj,3,0,"Pick-Up Van, Truck",pick-up van hit a stone-laden truck,Bangladesh,event,road accident,2019-01-05,10:34:48,Jan,1,Partly cloudy,10,Jan,pickup van hit a stoneladen truck
3567,Savar road crash kills 3 students,2018-12-07 21:18:06,,dhaka-aricha highway at joypura area,Dhaka,3,0,"Bus, Motorcycle",collision,Bangladesh,event,road accident,2018-12-07,21:18:06,Dec,12,rain not reaching ground,21,Dec,collision
3568,Give Tk 5m to Rajib’s family: HC,2019-06-20 15:55:56,https://en.prothomalo.com/bangladesh/Give-Tk-5m-to-Rajib’s-family-HC,banglamotor,Dhaka,1,1,Bus,student trapped between two buses,Bangladesh,event,road accident,2019-06-20,15:55:56,Jun,6,Light rain,15,Jun,student trapped between two buses
3571,Road crash kills elderly man,2018-11-22 11:47:40,https://en.prothomalo.com/bangladesh/Road-crash-kills-elderly-man-2,akhrakhola,Satkhira,1,0,Bus,knocked down,Bangladesh,event,road accident,2018-11-22,11:47:40,Nov,11,Partly cloudy,11,Nov,knocked down
3572,3 killed as bus hits motorbike,2018-12-16 23:15:21,https://en.prothomalo.com/bangladesh/3-killed-as-bus-hits-motorbike,kishoreganj-bhairab highway in kishoreganj's rashidabad,Kishoreganj,3,0,"Bus, Motorcycle",speeding bus hit motorcycle,Bangladesh,event,road accident,2018-12-16,23:15:21,Dec,12,Partly cloudy,23,Dec,speeding bus hit motorcycle
3573,3 killed in separate incidents in Savar,2018-10-13 20:23:40,https://en.prothomalo.com/bangladesh/3-killed-in-separate-incidents-in-Savar,abdullahpur highway in ashulia jamgara area,Dhaka,1,0,,road accident,Bangladesh,event,road accident,2018-10-13,20:23:40,Oct,10,Moderate rain,20,Oct,road accident
3578,"Bus supervisor, assistant killed in road crash",2019-01-20 17:38:28,,"daudkandi, dhaka-chattogram highway",Cumilla,2,0,"Bus, Covered Van","collision involving three vehicles, bus rammed into a covered van from behind",Bangladesh,event,road accident,2019-01-20,17:38:28,Jan,1,Clear sky,17,Jan,collision involving three vehicles bus rammed into a covered van from behind
3580,Road crash kills youth,2018-11-19 10:25:43,https://en.prothomalo.com/bangladesh/Road-crash-kills-youth,bornalir intersection,,1,2,Motorcycle,hit a pedestrian,Bangladesh,event,road accident,2018-11-19,10:25:43,Nov,11,,10,Nov,hit a pedestrian
3581,Biker killed in Sherpur road crash,2018-11-06 11:02:36,,nalitabari-nakugaon road in sherpur's andharpara of nalitabari upazila,Sherpur,1,1,"Truck, Motorcycle",head on collision,Bangladesh,event,road accident,2018-11-06,11:02:36,Nov,11,Moderate rain,11,Nov,head-on collision
3582,Youth dies ‘falling off flyover’,2018-12-13 09:41:12,https://en.prothomalo.com/bangladesh/Youth-dies-‘falling-off-flyover’,"mayor hanif flyover, swamibagh",Dhaka,1,0,,falling off the flyover,Bangladesh,event,road accident,2018-12-13,09:41:12,Dec,12,Mainly clear,9,Dec,falling off the flyover
3584,Businessmen MPs bar passing pro-people laws: Mizanur Rahman,2019-06-30 21:43:25,,national press club,Dhaka,0,0,,,Bangladesh,event,road accident,2019-06-30,21:43:25,Jun,6,Light rain,21,Jun,
3586,2 construction workers electrocuted,2018-11-27 11:04:47,,jashore,Jashore,2,1,,electrocution,Bangladesh,event,road accident,2018-11-27,11:04:47,Nov,11,Mainly clear,11,Nov,electrocution
3587,4 killed in Pabdna traffic accident,2015-02-11 14:50:03,https://en.prothomalo.com/bangladesh/4-killed-in-Pabdna-traffic-accident,dhaka-pabna highway in sujanagar upazila,Pabna,4,4,Truck And Three-Wheel Passenger Vehicle,truck crashed into a three-wheel passenger vehicle,Bangladesh,event,road accident,2015-02-11,14:50:03,Feb,2,Partly cloudy,14,Feb,truck crashed into a threewheel passenger vehicle
3588,Bus owner asked to pay Tk 1m to Abrar’s family,2019-03-20 16:55:51,https://en.prothomalo.com/bangladesh/Bus-owner-asked-to-pay-Tk-1m-to-Abrar’s-family,dhaka,Dhaka,1,0,,road crash,Bangladesh,event,road accident,2019-03-20,16:55:51,Mar,3,Mainly clear,16,Mar,road accident
3589,8 killed in road crashes in 3 districts,2019-06-08 10:04:50,https://en.prothomalo.com/bangladesh/8-killed-in-road-crashes-in-3-districts,"cox's bazar, chandpur and magura districts",Cox's Bazar,8,20,,,Bangladesh,event,road accident,2019-06-08,10:04:50,Jun,6,Light rain,10,Jun,
3594,2 killed as bridge collapses in Thakurgaon,2019-01-10 23:47:57,https://en.prothomalo.com/bangladesh/2-killed-as-bridge-collapses-in-Thakurgaon,haripur upazila,Thakurgaon,2,4,,bridge collapse during dismantling,Bangladesh,event,road accident,2019-01-10,23:47:57,Jan,1,Light rain,23,Jan,bridge collapse during dismantling
3598,Dope tests for drivers to be introduced: DNCC mayor,2019-04-05 00:23:22,https://en.prothomalo.com/bangladesh/Dope-tests-for-drivers-to-be-introduced-DNCC,dncc office in gulshan,Dhaka,0,0,,drug-addled drivers,Bangladesh,event,road accident,2019-04-05,00:23:22,Apr,4,Moderate rain,0,Apr,drugaddled drivers
3606,Road crashes kill 2,2018-12-27 14:05:02,https://en.prothomalo.com/bangladesh/Road-crashes-kill-2-2,komorgram in sadar uapzila,Joypurhat,1,0,Human Hauler And Motorcycle,human hauler hit a motorcycle,Bangladesh,event,road accident,2018-12-27,14:05:02,Dec,12,Patches of fog,14,Dec,human hauler hit a motorcycle
3607,Road crashes kill 2,2018-12-27 14:05:02,https://en.prothomalo.com/bangladesh/Road-crashes-kill-2,joypurhat-bogura highway at komorgram in sadar uapzila,Joypurhat,1,0,"Human Hauler, Motorcycle",human hauler hitting motorcycle,Bangladesh,event,road accident,2018-12-27,14:05:02,Dec,12,Patches of fog,14,Dec,human hauler hitting motorcycle
3608,Road crash kills female physician,2018-12-04 10:56:35,https://en.prothomalo.com/bangladesh/Road-crash-kills-female-physician,bijay sarani,Dhaka,1,0,"Bus, Cng-Run Auto-Rickshaw",bus hit a cng-run auto-rickshaw,Bangladesh,event,road accident,2018-12-04,10:56:35,Dec,12,Partly cloudy,10,Dec,bus hit a cngrun autorickshaw
3610,15 die as Malaysia-bound Rohingya boat capsizes: Coast guard,2020-02-11 19:01:57,https://en.prothomalo.com/bangladesh/11-die-as-Malaysia-bound-Rohingya-boat-capsizes,southern bangladesh,,15,50,,overloaded boat,Bangladesh,event,road accident,2020-02-11,19:01:57,Feb,2,,19,Feb,overloaded boat
3612,Road crash kills 2,2018-10-28 13:25:56,https://en.prothomalo.com/bangladesh/Road-crash-kills-2-7,osmaninagar,Sylhet,2,10,Bus,driver lost control over the steering,Bangladesh,event,road accident,2018-10-28,13:25:56,Oct,10,Moderate rain,13,Oct,driver lost control over the steering
3613,Road crash kills 2,2018-10-28 13:25:56,https://en.prothomalo.com/bangladesh/Road-crash-kills-2-6,osmaninagar,Sylhet,2,10,Bus,driver lost control,Bangladesh,event,road accident,2018-10-28,13:25:56,Oct,10,Moderate rain,13,Oct,driver lost control
3614,Road crash kills 2,2018-10-28 13:25:56,https://en.prothomalo.com/bangladesh/Road-crash-kills-2-5,osmaninagar,Sylhet,2,10,Bus,driver lost control over the steering,Bangladesh,event,road accident,2018-10-28,13:25:56,Oct,10,Moderate rain,13,Oct,driver lost control over the steering
3615,Road crash kills 2,2018-10-28 13:25:56,https://en.prothomalo.com/bangladesh/Road-crash-kills-2-4,osmaninagar,Sylhet,2,10,Bus,driver lost control over the steering,Bangladesh,event,road accident,2018-10-28,13:25:56,Oct,10,Moderate rain,13,Oct,driver lost control over the steering
3616,Road crash kills 2,2018-10-28 13:25:56,https://en.prothomalo.com/bangladesh/Road-crash-kills-2-3,osmaninagar,Sylhet,2,10,Bus,driver lost control,Bangladesh,event,road accident,2018-10-28,13:25:56,Oct,10,Moderate rain,13,Oct,driver lost control
3617,Road crash kills 2,2018-10-28 13:25:56,https://en.prothomalo.com/bangladesh/Road-crash-kills-2-2,osmaninagar,Sylhet,2,10,Bus,driver lost control over the steering,Bangladesh,event,road accident,2018-10-28,13:25:56,Oct,10,Moderate rain,13,Oct,driver lost control over the steering
3618,Road crash kills 2,2018-10-28 13:25:56,https://en.prothomalo.com/bangladesh/Road-crash-kills-2,osmaninagar,Sylhet,2,10,Bus,driver lost control over steering,Bangladesh,event,road accident,2018-10-28,13:25:56,Oct,10,Moderate rain,13,Oct,driver lost control over steering
3621,Another body found in Buriganga boat capsize,2019-03-09 11:50:23,https://en.prothomalo.com/bangladesh/Another-body-found-in-Buriganga-boat-capsize,river buriganga in sadarghat,Dhaka,2,0,,boat capsized after collision with a launch,Bangladesh,event,road accident,2019-03-09,11:50:23,Mar,3,Clear sky,11,Mar,boat capsized after collision with a launch
3627,"Biker, pillion rider killed in Rajshahi",2018-11-04 11:49:43,https://en.prothomalo.com/bangladesh/Biker-pillion-rider-killed-in-Rajshahi,rajshahi-dhaka highway in tarapur of rajshahi’s puthia upazila,Rajshahi,2,0,"Truck, Motorcycle",truck hit motorcycle,Bangladesh,event,road accident,2018-11-04,11:49:43,Nov,11,,11,Nov,truck hit motorcycle accident
3628,Microbus falls into Hatirjheel lake,2018-09-15 15:49:58,https://en.prothomalo.com/bangladesh/Microbus-falls-into-lake-Hatirjheel,hatirjheel lake,Dhaka,0,0,Microbus,,Bangladesh,event,road accident,2018-09-15,15:49:58,Sep,9,Moderate rain,15,Sep,
3630,3 RMG workers killed in road crash,2018-12-29 13:46:39,https://en.prothomalo.com/bangladesh/3-RMG-workers-killed-in-road-crash,korean export procession zone (kepz) area,Chattogram,3,40,Bus,bus hit another stationary bus,Bangladesh,event,road accident,2018-12-29,13:46:39,Dec,12,Clear sky,13,Dec,bus hit another stationary bus
3634,Road crashes kill 4,2019-02-10 00:06:50,https://en.prothomalo.com/bangladesh/Road-crashes-kill-3,"dhamrai, savar, kalia upazila, munshiganj",Munshiganj,4,0,,,Bangladesh,event,road accident,2019-02-10,00:06:50,Feb,2,Partly cloudy,0,Feb,
3636,2 brothers among 3 killed in road crash,2018-12-13 19:23:26,https://en.prothomalo.com/bangladesh/2-brothers-among-3-killed-in-road-crash,chuadanga-meherpur road at kulpala village,Chuadanga,3,2,"Truck, Human Hauler",stone-laden truck hit a human hauler,Bangladesh,event,road accident,2018-12-13,19:23:26,Dec,12,Partly cloudy,19,Dec,stoneladen truck hit a human hauler
3637,‘Waiting for your turn!’,2019-03-20 12:15:55,,jamuna future park,Dhaka,1,0,,,Bangladesh,event,road accident,2019-03-20,12:15:55,Mar,3,Mainly clear,12,Mar,
3639,Manikganj road crash leaves motorcyclist dead,2018-09-22 15:38:38,https://en.prothomalo.com/bangladesh/Manikganj-road-crash-leaves-motorcyclist-dead,dhaka-aricha highway at bhatbar,Manikganj,1,38,Motorcycle,road crash,Bangladesh,event,road accident,2018-09-22,15:38:38,Sep,9,Light rain,15,Sep,road accident
3640,University staff killed in road crash,2018-09-03 10:31:57,https://en.prothomalo.com/bangladesh/University-staff-killed-in-road-crash,shamimabad,Sylhet,1,0,Private Vehicle,,Bangladesh,event,road accident,2018-09-03,10:31:57,Sep,9,Moderate rain,10,Sep,
3641,"Everything changes in Dhaka, except buses",2021-02-14 19:25:02,https://en.prothomalo.com/bangladesh/everything-changes-in-dhaka-except-buses,dhaka,Dhaka,0,0,Buses And Minibuses,"dilapidated condition of vehicles, overcrowding, lack of maintenance, fare irregularities",Bangladesh,event,road accident,2021-02-14,19:25:02,Feb,2,Clear sky,19,Feb,dilapidated condition of vehicles overcrowding lack of maintenance fare irregularities
3643,Students of road safety movement must be acquitted,2019-12-05 14:18:35,https://en.prothomalo.com/opinion/Students-of-road-safety-movement-must-be-acquitted,dhaka roads,Dhaka,2,0,,road safety demands following student deaths,Bangladesh,event,road accident,2019-12-05,14:18:35,Dec,12,Partly cloudy,14,Dec,road safety demands following student deaths
3646,Road crash kills schoolgirl,2018-12-09 10:42:27,https://en.prothomalo.com/bangladesh/Road-crash-kills-schoolgirl,bashtala area,Dhaka,1,2,Bus,speeding bus ran over them,Bangladesh,event,road accident,2018-12-09,10:42:27,Dec,12,Clear sky,10,Dec,speeding bus ran over them
3648,"Road crash kills father, son among 3",2018-10-22 11:13:51,,chandpur-cumilla road near bakila bazar,Chandpur,3,0,"Covered Van, Auto-Rickshaw",covered van hit an auto-rickshaw,Bangladesh,event,road accident,2018-10-22,11:13:51,Oct,10,Mainly clear,11,Oct,covered van hit an autorickshaw
3649,3 madrasa students killed after motorcycle crash,2018-11-26 10:34:29,https://en.prothomalo.com/bangladesh/3-madrasa-students-killed-after-motorcycle-crash,chattogram-khagrachhari highway,Chattogram,3,0,"Motorcycle, Oil-Laden Truck",head-on collision,Bangladesh,event,road accident,2018-11-26,10:34:29,Nov,11,Partly cloudy,10,Nov,head-on collision
3651,Road crash kills elderly man,2018-09-15 10:26:27,https://en.prothomalo.com/bangladesh/Road-crash-kills-elderly-man-2,shyampur area of kazipur upazila,Sirajganj,1,8,,,Bangladesh,event,road accident,2018-09-15,10:26:27,Sep,9,Moderate rain,10,Sep,
3652,Bangladeshi teen in wheelchair hired as eSports parathlete,2019-12-24 16:48:24,,bangladesh,,0,1,Car,,Bangladesh,event,road accident,2019-12-24,16:48:24,Dec,12,,16,Dec,
3654,Road crash kills one,2018-10-04 11:31:29,https://en.prothomalo.com/bangladesh/Road-crash-kills-one-5,"dakpara, keraniganj",Dhaka,1,1,"Pick-Up Van, Rickshaw",hit,Bangladesh,event,road accident,2018-10-04,11:31:29,Oct,10,Light rain,11,Oct,hit
3655,Road crash kills one,2018-10-04 11:31:29,https://en.prothomalo.com/bangladesh/Road-crash-kills-one-4,dakpara,Dhaka,1,1,"Pick-Up Van, Rickshaw",hit,Bangladesh,event,road accident,2018-10-04,11:31:29,Oct,10,Light rain,11,Oct,hit
3656,Road crash kills one,2018-10-04 11:31:29,https://en.prothomalo.com/bangladesh/Road-crash-kills-one-3,"dakpara, keraniganj",Dhaka,1,1,"Pick-Up Van, Rickshaw",hit,Bangladesh,event,road accident,2018-10-04,11:31:29,Oct,10,Light rain,11,Oct,hit
3657,Road crash kills one,2018-10-04 11:31:29,https://en.prothomalo.com/bangladesh/Road-crash-kills-one-2,"dakpara, keraniganj",Dhaka,1,1,"Pick-Up Van, Rickshaw",hit,Bangladesh,event,road accident,2018-10-04,11:31:29,Oct,10,Light rain,11,Oct,hit
3658,Road crash kills one,2018-10-04 11:31:29,https://en.prothomalo.com/bangladesh/Road-crash-kills-one,"dakpara, keraniganj",Dhaka,1,1,"Pick-Up Van, Rickshaw",hit,Bangladesh,event,road accident,2018-10-04,11:31:29,Oct,10,Light rain,11,Oct,hit
3662,Falling branch leaves youth dead,2018-10-02 09:54:46,https://en.prothomalo.com/bangladesh/Falling-branch-leaves-youth-dead,navaran bazar area on benapole-jashore road,Jashore,1,1,,fallen branch,Bangladesh,event,road accident,2018-10-02,09:54:46,Oct,10,Mainly clear,9,Oct,fallen branch
3663,Buriganga boat capsize toll rises to 5,2019-03-09 16:05:54,https://en.prothomalo.com/bangladesh/Buriganga-boat-capsize-toll-rises-to-5,buriganga river,Dhaka,5,0,,boat capsize,Bangladesh,event,road accident,2019-03-09,16:05:54,Mar,3,Clear sky,16,Mar,boat capsize
3664,Bus driver killed in Natore road crash,2018-08-16 15:00:24,https://en.prothomalo.com/bangladesh/Bus-driver-killed-in-Natore-road-crash,bonpara- hatikumrul road in hansmara area,Natore,1,16,"Bus, Covered Van",head-on collision,Bangladesh,event,road accident,2018-08-16,15:00:24,Aug,8,Light rain,15,Aug,head-on collision
3667,"Couple killed, sons injured as lorry hits auto-rickshaw",2018-11-06 09:31:55,https://en.prothomalo.com/bangladesh/Couple-killed-sons-injured-as-lorry-hits,bimanbandar road at lakkatora tea gardens area,Sylhet,2,2,Lorry And Auto-Rickshaw,speeding lorry hit the auto-rickshaw from behind,Bangladesh,event,road accident,2018-11-06,09:31:55,Nov,11,Moderate rain,9,Nov,speeding lorry hit the autorickshaw from behind
3669,Driver sued over 2 RMG workers’ death,2019-01-02 17:52:30,https://en.prothomalo.com/bangladesh/Driver-sued-over-2-RMG-workers’-death,malibagh chowdhurypara,Dhaka,2,0,,,Bangladesh,event,road accident,2019-01-02,17:52:30,Jan,1,Clear sky,17,Jan,
3671,Faridpur road crash kills 2,2018-12-10 19:59:31,https://en.prothomalo.com/bangladesh/Faridpur-road-crash-kills-2-3,gazaria in nagarkanda upazila,Faridpur,2,7,"Bus, Pickup",collision between two buses,Bangladesh,event,road accident,2018-12-10,19:59:31,Dec,12,Partly cloudy,19,Dec,collision between two buses
3673,Faridpur road crash kills 2,2018-12-10 19:59:31,https://en.prothomalo.com/bangladesh/Faridpur-road-crash-kills-2,gazaria in nagarkanda upazila of faridpur,Faridpur,2,7,"Bus, Pickup",collision between two buses,Bangladesh,event,road accident,2018-12-10,19:59:31,Dec,12,Partly cloudy,19,Dec,collision between two buses
3674,Road crash kills US expat in Munshiganj,2018-12-10 18:33:23,https://en.prothomalo.com/bangladesh/Road-crash-kills-US-expat-in-Munshiganj,dhaka-mawa-shimulia highway at kumarbhog,Munshiganj,1,4,"Truck, Private Car",truck collided with a private car,Bangladesh,event,road accident,2018-12-10,18:33:23,Dec,12,Clear sky,18,Dec,truck collided with a private car
3675,Barishal road crash kills 3,2018-10-11 18:32:16,https://en.prothomalo.com/bangladesh/Barishal-road-crash-kills-3,dhaka-barishal highway at baichkhola in barishal’s gouronadi upazila,Barishal,3,10,Bus,driver lost control over the steering and hit a tree,Bangladesh,event,road accident,2018-10-11,18:32:16,Oct,10,Moderate rain,18,Oct,driver lost control over the steering and hit a tree
3678,Road crashes kill 9 in 4 dists,2019-04-28 20:03:53,https://en.prothomalo.com/bangladesh/Road-crashes-kill-8-in-4-districts,"chandpur, feni, chuadanga and lakshmipur",Chandpur,9,0,,,Bangladesh,event,road accident,2019-04-28,20:03:53,Apr,4,Squalls,20,Apr,
3679,"Titumir College student, 3 others killed in road crashes",2019-03-02 18:23:46,https://en.prothomalo.com/bangladesh/Titumir-College-student-3-others-killed-in-road,jatrabari,Dhaka,1,0,Truck,fell from a running truck,Bangladesh,event,road accident,2019-03-02,18:23:46,Mar,3,Clear sky,18,Mar,fell from a running truck
3682,Road crashes claim 11 lives in Faridpur,2019-08-25 10:50:41,https://en.prothomalo.com/bangladesh/Road-crashes-claim-11-lives-in-Faridpur,sadar and nagarkanda upazilas,Faridpur,11,20,,,Bangladesh,event,road accident,2019-08-25,10:50:41,Aug,8,Light rain,10,Aug,
3685,Gas cylinder blast burns 5,2018-11-10 10:43:49,,bahaddarhat,Chattogram,0,5,Auto-Rickshaw,gas cylinder explosion,Bangladesh,event,road accident,2018-11-10,10:43:49,Nov,11,Clear sky,10,Nov,gas cylinder explosion
3686,Gazipur road crash kills 5,2018-12-03 15:19:00,https://en.prothomalo.com/bangladesh/Gazipur-road-crash-kills-5,haldoba area of sadar upazila,Gazipur,5,6,"Bus, Human Hauler",collision,Bangladesh,event,road accident,2018-12-03,15:19:00,Dec,12,Partly cloudy,15,Dec,collision
3687,3 killed in Chakaria road accident,2015-01-16 13:02:45,https://en.prothomalo.com/bangladesh/3-killed-in-Chakaria-road-accident,chittagong - cox's bazar highway,Cox's Bazar,3,0,,,Bangladesh,event,road accident,2015-01-16,13:02:45,Jan,1,Partly cloudy,13,Jan,
3688,3 killed in Chakaria road accident,2015-01-16 12:51:25,https://en.prothomalo.com/bangladesh/3-killed-in-Chakaria-road-accident,chittagong - cox's bazar highway at chakaria,Cox's Bazar,3,0,,,Bangladesh,event,road accident,2015-01-16,12:51:25,Jan,1,Partly cloudy,12,Jan,
3690,Cox’s Bazar road crash kills 3,2018-09-12 16:07:06,,chittagong-cox's bazar highway near inani resort,Cox's Bazar,3,4,"Covered Van, Human Hauler",collision between vehicles,Bangladesh,event,road accident,2018-09-12,16:07:06,Sep,9,Light rain,16,Sep,collision between vehicles
3693,Road crash claims 3 more lives,2018-11-09 13:01:11,https://en.prothomalo.com/bangladesh/Road-crash-claims-3-more-lives,bangabandhu bridge (east) link road,Tangail,3,0,"Auto-Rickshaw, Unknown Vehicle",unknown vehicle hit an auto-rickshaw,Bangladesh,event,road accident,2018-11-09,13:01:11,Nov,11,Mainly clear,13,Nov,unknown vehicle hit an autorickshaw
3694,"20,000 families living in Cox’s Bazar hills amid growing landslide risk",2019-07-13 15:30:17,https://en.prothomalo.com/bangladesh/20-000-families-living-in-Cox’s-Bazar-hills-amid,cox's bazar district town,Cox's Bazar,0,0,,landslide,Bangladesh,event,road accident,2019-07-13,15:30:17,Jul,7,Moderate rain,15,Jul,landslide
3695,"Road crashes kill 4 including woman, daughter",2019-05-07 10:00:00,,mawa-kabutorkhola road in jalasdia of louhajang upazila,Munshiganj,2,0,Car,speeding car hit them,Bangladesh,event,road accident,2019-05-07,10:00:00,May,5,Light rain,10,May,speeding car hit them
3696,"One killed, 20 CU students injured in road crash",2018-08-10 20:21:58,,alutila area of khagrachhari sadar upazila,Khagrachhari,1,20,Bus,,Bangladesh,event,road accident,2018-08-10,20:21:58,Aug,8,Moderate rain,20,Aug,
3699,2 killed in Gaibandha road crash,2018-09-05 11:09:47,,chithulia,Gaibandha,2,0,"Motorcycle, Tractor",tractor rammed a motorbike,Bangladesh,event,road accident,2018-09-05,11:09:47,Sep,9,Light rain,11,Sep,tractor rammed a motorbike
3700,"2 killed, 30 injured in Rangpur road crash",2018-10-24 10:44:16,https://en.prothomalo.com/bangladesh/2-killed-30-injured-in-Rangpur-road-crash,rangpur-bogura highway at khetmadpur in pirganj upazila,Rangpur,2,30,Bus,overtaking,Bangladesh,event,road accident,2018-10-24,10:44:16,Oct,10,Partly cloudy,10,Oct,overtaking
3701,Road crash kills motorcyclist,2018-09-17 11:19:38,,dhopabhita area,Gopalganj,1,20,"Bus, Motorcycle",bus hit a motorcycle,Bangladesh,event,road accident,2018-09-17,11:19:38,Sep,9,Moderate rain,11,Sep,bus hit a motorcycle
3702,Green Line continues disobeying High Court order,2019-07-16 23:52:52,https://en.prothomalo.com/bangladesh/Green-Line-continues-disobeying-High-Court-order,capital,Dhaka,0,1,Bus,"not specified, implied negligence",Bangladesh,event,road accident,2019-07-16,23:52:52,Jul,7,Light rain,23,Jul,not specified implied negligence
3704,"Biker killed, pillion rider injured in Hatirjheel",2018-10-23 12:51:54,,mahanagar bridge of hatirjheel,Dhaka,1,1,Motorcycle,skidded off the road,Bangladesh,event,road accident,2018-10-23,12:51:54,Oct,10,Mainly clear,12,Oct,skidded off the road
3705,3 killed as pick-up van hits truck,2018-09-03 10:28:29,,dhaka-aricha highway in savar's boliarpur,Dhaka,3,5,"Pick-Up Van, Truck",hit,Bangladesh,event,road accident,2018-09-03,10:28:29,Sep,9,Moderate rain,10,Sep,hit
3706,4 killed in Netrakona road crash,2018-09-01 19:23:50,https://en.prothomalo.com/bangladesh/4-killed-in-Netrakona-road-crash,maska bazar area,Netrakona,4,3,"Bus, Auto-Rickshaw",collision,Bangladesh,event,road accident,2018-09-01,19:23:50,Sep,9,,19,Sep,collision
3708,2 cattle traders killed in road crash,2018-08-19 09:55:31,https://en.prothomalo.com/bangladesh/2-cattle-traders-dead-in-road-crash,nilphamari-syedpur road at kazirhat area,Nilphamari,2,0,Vehicle Carrying Cows And Pickup Van,head on collision,Bangladesh,event,road accident,2018-08-19,09:55:31,Aug,8,Moderate rain,9,Aug,head-on collision
3709,Elderly woman among 2 found dead,2018-11-24 13:07:23,https://en.prothomalo.com/bangladesh/Elderly-woman-among-2-found-dead,rajbari and sylhet districts,Sylhet,2,0,,,Bangladesh,event,road accident,2018-11-24,13:07:23,Nov,11,Clear sky,13,Nov,
3710,2 killed in Chattogram road crash,2018-09-12 16:08:42,https://en.prothomalo.com/bangladesh/accident/2-killed-in-chattogram-road-crash-4,dhaka-chittagong highway,Chattogram,2,1,Covered Vans,head-on collision,Bangladesh,event,road accident,2018-09-12,16:08:42,Sep,9,Light rain,16,Sep,head-on collision
3711,2 killed in Chattogram road crash,2018-09-12 16:08:42,https://en.prothomalo.com/bangladesh/accident/2-killed-in-chattogram-road-crash-2,dhaka-chittagong highway,Chattogram,2,1,Covered Vans,head-on collision,Bangladesh,event,road accident,2018-09-12,16:08:42,Sep,9,Light rain,16,Sep,head-on collision
3712,2 killed in Chattogram road crash,2018-09-12 16:08:42,https://en.prothomalo.com/bangladesh/2-killed-in-Chattogram-road-crash-2,dhaka-chittagong highway,Chattogram,2,1,Covered Vans,head-on collision,Bangladesh,event,road accident,2018-09-12,16:08:42,Sep,9,Light rain,16,Sep,head-on collision
3713,Road crashes kill 5,2019-02-16 23:55:27,https://en.prothomalo.com/bangladesh/Road-crashes-kill-4,maona in sripur upazila,Gazipur,1,0,Covered Van,hit by a covered van,Bangladesh,event,road accident,2019-02-16,23:55:27,Feb,2,Partly cloudy,23,Feb,hit by a covered van
3714,Road crashes kill 5,2019-02-16 23:55:27,https://en.prothomalo.com/bangladesh/Road-crashes-kill-5,dhaka-mymensingh highway at maona in sripur upazila,Gazipur,1,0,Covered Van,hit by covered van,Bangladesh,event,road accident,2019-02-16,23:55:27,Feb,2,Partly cloudy,23,Feb,hit by covered van
3716,2 killed in Chattogram road crash,2018-08-30 19:44:00,https://en.prothomalo.com/bangladesh/accident/2-killed-in-chattogram-road-crash-4,bakolia area,Chattogram,2,4,"Bus, Cng-Run Auto-Rickshaw",bus rammed a cng-run auto-rickshaw,Bangladesh,event,road accident,2018-08-30,19:44:00,Aug,8,Moderate rain,19,Aug,bus rammed a cngrun autorickshaw
3717,2 killed in Chattogram road crash,2018-08-30 19:44:00,https://en.prothomalo.com/bangladesh/accident/2-killed-in-chattogram-road-crash-2,bakolia area,Chattogram,2,4,"Bus, Cng-Run Auto-Rickshaw",bus rammed a cng-run auto-rickshaw,Bangladesh,event,road accident,2018-08-30,19:44:00,Aug,8,Moderate rain,19,Aug,bus rammed a cngrun autorickshaw
3718,2 killed in Chattogram road crash,2018-08-30 19:44:00,https://en.prothomalo.com/bangladesh/2-killed-in-Chattogram-road-crash-2,bakolia area,Chattogram,2,4,Bus And Cng-Run Auto-Rickshaw,bus rammed a cng-run auto-rickshaw,Bangladesh,event,road accident,2018-08-30,19:44:00,Aug,8,Moderate rain,19,Aug,bus rammed a cngrun autorickshaw
3719,Chattogram road crash kills policeman,2018-09-24 11:36:06,https://en.prothomalo.com/bangladesh/Chattogram-road-crash-kills-policeman,foy's lake gate,Chattogram,1,0,Bus,ran over policeman,Bangladesh,event,road accident,2018-09-24,11:36:06,Sep,9,Moderate rain,11,Sep,ran over policeman
3720,6 killed in road accidents,2015-01-09 16:04:39,https://en.prothomalo.com/bangladesh/6-killed-in-road-accidents-2,shahjadpur and dhamrai,Dhaka,6,0,"Cars, Motorcycles, Etc.",,Bangladesh,event,road accident,2015-01-09,16:04:39,Jan,1,Partly cloudy,16,Jan,
3721,6 killed in road accidents,2015-01-09 16:04:39,https://en.prothomalo.com/bangladesh/6-killed-in-road-accidents,shahjadpur and dhamrai,Dhaka,6,0,"Cars, Motorcycles",,Bangladesh,event,road accident,2015-01-09,16:04:39,Jan,1,Partly cloudy,16,Jan,
3722,2 killed in Magura road crash,2018-09-24 09:56:37,https://en.prothomalo.com/bangladesh/2-killed-in-Magura-road-crash-2,magura-kamarkhali road,Magura,2,0,"Bus, Motorcycle",bus hit a motorcycle,Bangladesh,event,road accident,2018-09-24,09:56:37,Sep,9,Light rain,9,Sep,bus hit a motorcycle
3724,"13 workers killed as truck overturns, crashes into dorm",2019-01-25 13:34:34,,chauddagram upazila,Cumilla,13,2,Truck,truck overturned and crashed into a dormitory,Bangladesh,event,road accident,2019-01-25,13:34:34,Jan,1,Clear sky,13,Jan,truck overturned and crashed into a dormitory
3730,"Rundown road to Shalban Bihar, Mainamati drives away tourists",2019-06-29 16:25:12,,cumilla kotbari to cumilla university,Cumilla,0,0,,poor road condition,Bangladesh,event,road accident,2019-06-29,16:25:12,Jun,6,Light rain,16,Jun,poor road condition
3733,PM Hasina says road safety not govt's responsibility alone,2019-10-22 15:09:22,https://en.prothomalo.com/bangladesh/PM-Hasina-says-road-safety-not-govt-s-drivers,"krishibid institution, bangladesh (kib)",Dhaka,0,0,,,Bangladesh,event,road accident,2019-10-22,15:09:22,Oct,10,Dense rain,15,Oct,
3739,13 killed in Natore road crash,2018-08-25 17:40:58,https://en.prothomalo.com/bangladesh/13-killed-in-Natore-road-crash,natore-pabna highway at kadamchilan,Natore,13,15,Road Crash,,Bangladesh,event,road accident,2018-08-25,17:40:58,Aug,8,Light rain,17,Aug,
3740,Cumilla road crash kills 2 women,2018-08-25 13:20:54,https://en.prothomalo.com/bangladesh/Cumilla-road-crash-kills-2-women,"nazirabazar, dhaka-chattogram highway",Cumilla,2,0,,,Bangladesh,event,road accident,2018-08-25,13:20:54,Aug,8,Light rain,13,Aug,
3741,3 killed in Gaibandha road crash,2018-08-25 12:23:15,https://en.prothomalo.com/bangladesh/accident/3-killed-in-gaibandha-road-crash,chaumatha area on dhaka-rangpur highway,Gaibandha,3,0,"Bus, Auto-Rickshaw",bus crushed auto-rickshaw,Bangladesh,event,road accident,2018-08-25,12:23:15,Aug,8,Moderate rain,12,Aug,bus crushed autorickshaw
3742,3 killed in Gaibandha road crash,2018-08-25 12:23:15,https://en.prothomalo.com/bangladesh/3-killed-in-Gaibandha-road-crash,chaumatha area on dhaka-rangpur highway,Gaibandha,3,0,"Bus, Auto-Rickshaw",bus crushed auto-rickshaw,Bangladesh,event,road accident,2018-08-25,12:23:15,Aug,8,Moderate rain,12,Aug,bus crushed autorickshaw
3745,Natore road crash kills youth,2018-09-16 14:01:20,https://en.prothomalo.com/bangladesh/Natore-road-crash-kills-youth,natore sadar upazila road,Natore,1,7,Bus,head-on collision,Bangladesh,event,road accident,2018-09-16,14:01:20,Sep,9,Partly cloudy,14,Sep,head-on collision
3748,"Mother, son among 3 killed in road crash",2018-09-03 16:24:14,,noakhali-feni highway in senbagh upazila,Noakhali,3,0,Cng-Run Auto-Rickshaw And A Pick-Van,head-on collision,Bangladesh,event,road accident,2018-09-03,16:24:14,Sep,9,Light rain,16,Sep,head-on collision
3751,Bagerhat road crash death toll climbs to 4,2018-11-09 18:34:01,,mollahat upazila,Bagerhat,4,0,,,Bangladesh,event,road accident,2018-11-09,18:34:01,Nov,11,Partly cloudy,18,Nov,
3752,Road crashes kill 2 minor girls,2018-10-06 23:58:55,,kurigram and sylhet districts,Sylhet,2,0,,,Bangladesh,event,road accident,2018-10-06,23:58:55,Oct,10,Light rain,23,Oct,
3753,Road crash kills 3,2018-12-20 11:18:21,https://en.prothomalo.com/bangladesh/Road-crash-kills-3,khulna-mongla highway at sonatunia,Bagerhat,3,15,Bus,overturned after hitting a roadside tree,Bangladesh,event,road accident,2018-12-20,11:18:21,Dec,12,Clear sky,11,Dec,overturned after hitting a roadside tree
3754,UP member dies as saree entangles with motorbike wheel,2018-10-16 11:39:55,https://en.prothomalo.com/bangladesh/UP-member-dies-as-saree-entangles-with-motorbike,tajpur-balaganj road in mollapara,Sylhet,1,0,Motorcycle,saree got tangled with the wheel of a motorcycle,Bangladesh,event,road accident,2018-10-16,11:39:55,Oct,10,Duststorm or sandstorm,11,Oct,saree got tangled with the wheel of a motorcycle
3755,2 killed in road crash,2018-09-23 10:09:56,https://en.prothomalo.com/bangladesh/2-killed-in-road-crash-11,champachali,Nilphamari,2,0,"Bus, Auto-Rickshaw",bus hit an auto-rickshaw,Bangladesh,event,road accident,2018-09-23,10:09:56,Sep,9,Light rain,10,Sep,bus hit an autorickshaw
3756,2 killed in road crash,2018-09-23 10:09:56,https://en.prothomalo.com/bangladesh/2-killed-in-road-crash-13,champachali,Nilphamari,2,0,"Bus, Auto-Rickshaw",bus hit an auto-rickshaw,Bangladesh,event,road accident,2018-09-23,10:09:56,Sep,9,Light rain,10,Sep,bus hit an autorickshaw
3757,2 killed in road crash,2018-09-23 10:09:56,https://en.prothomalo.com/bangladesh/2-killed-in-road-crash-10,champachali,Nilphamari,2,0,"Bus, Auto-Rickshaw",bus hit an auto-rickshaw,Bangladesh,event,road accident,2018-09-23,10:09:56,Sep,9,Light rain,10,Sep,bus hit an autorickshaw
3758,2 killed in road crash,2018-09-23 10:09:56,https://en.prothomalo.com/bangladesh/2-killed-in-road-crash-7,champachali,Nilphamari,2,0,"Bus, Auto-Rickshaw",bus hit an auto-rickshaw,Bangladesh,event,road accident,2018-09-23,10:09:56,Sep,9,Light rain,10,Sep,bus hit an autorickshaw
3759,2 killed in road crash,2018-09-23 10:09:56,https://en.prothomalo.com/bangladesh/2-killed-in-road-crash-4,champachali,Nilphamari,2,0,"Bus, Auto-Rickshaw",bus hit auto-rickshaw,Bangladesh,event,road accident,2018-09-23,10:09:56,Sep,9,Light rain,10,Sep,bus hit autorickshaw
3760,2 killed in road crash,2018-09-23 10:09:56,https://en.prothomalo.com/bangladesh/2-killed-in-road-crash-2,champachali,Nilphamari,2,0,"Bus, Auto-Rickshaw",bus hit an auto-rickshaw,Bangladesh,event,road accident,2018-09-23,10:09:56,Sep,9,Light rain,10,Sep,bus hit an autorickshaw
3761,2 killed in road crash,2018-09-23 10:09:56,https://en.prothomalo.com/bangladesh/2-killed-in-road-crash,champachali,Nilphamari,2,0,"Bus, Auto-Rickshaw",bus hit an auto-rickshaw,Bangladesh,event,road accident,2018-09-23,10:09:56,Sep,9,Light rain,10,Sep,bus hit an autorickshaw
3762,SAU students block roads protesting at fellow’s death,2019-03-24 20:30:59,https://en.prothomalo.com/bangladesh/SAU-students-block-roads-protesting-at-fellow’s,sylhet,Sylhet,1,0,,road accident,Bangladesh,event,road accident,2019-03-24,20:30:59,Mar,3,Clear sky,20,Mar,road accident
3765,2 killed in Sylhet road crash,2018-09-22 20:48:23,https://en.prothomalo.com/bangladesh/2-killed-in-Sylhet-road-crash-4,gazia in osmaninagar upazila,Sylhet,2,3,"Bus, Van",bus hit a van defying a red flag signal,Bangladesh,event,road accident,2018-09-22,20:48:23,Sep,9,Light rain,20,Sep,bus hit a van defying a red flag signal
3766,2 killed in Sylhet road crash,2018-09-22 20:48:23,https://en.prothomalo.com/bangladesh/2-killed-in-Sylhet-road-crash-2,gazia in osmaninagar upazila,Sylhet,2,3,"Bus, Van",bus hit a van defying a red flag signal,Bangladesh,event,road accident,2018-09-22,20:48:23,Sep,9,Light rain,20,Sep,bus hit a van defying a red flag signal
3767,2 killed in Sylhet road crash,2018-09-22 20:48:23,https://en.prothomalo.com/bangladesh/2-killed-in-Sylhet-road-crash,gazia,Sylhet,2,3,"Bus, Van",bus hit a van defying a red flag signal,Bangladesh,event,road accident,2018-09-22,20:48:23,Sep,9,Light rain,20,Sep,bus hit a van defying a red flag signal
3769,Road crashes in 2 districts kill 3,2019-01-06 13:45:30,https://en.prothomalo.com/bangladesh/Road-crashes-in-2-districts-kill-3,netrakona-madan road in lakshmiganj area in sadar upazila,Netrakona,3,0,"Bus, Auto-Rickshaw",head-on collision,Bangladesh,event,road accident,2019-01-06,13:45:30,Jan,1,,13,Jan,head-on collision
3770,Pedestrian killed in road crash,2018-08-16 14:57:28,https://en.prothomalo.com/bangladesh/Pedestrian-killed-in-road-crash,gulistan,Dhaka,1,0,Bus,bus hit pedestrian,Bangladesh,event,road accident,2018-08-16,14:57:28,Aug,8,Light rain,14,Aug,bus hit pedestrian
3776,Carelessly crossing the highways,2018-09-01 15:53:37,https://en.prothomalo.com/bangladesh/Carelessly-crossing-the-highways,dhaka-savar highway,Dhaka,0,0,Bus,,Bangladesh,event,road accident,2018-09-01,15:53:37,Sep,9,Moderate rain,15,Sep,
3777,6 killed in bus-tractor head-on collision,2018-09-01 10:38:16,https://en.prothomalo.com/bangladesh/6-killed-in-bus-tractor-head-on-collision,gaibandha-palashbari road,Gaibandha,6,15,Bus And A Tractor,head-on collision,Bangladesh,event,road accident,2018-09-01,10:38:16,Sep,9,Moderate rain,10,Sep,head-on collision
3781,2 killed in road crash,2018-08-10 10:29:15,https://en.prothomalo.com/bangladesh/2-killed-in-road-crash-11,dhaka-rangpur highway in palongpara of sadullapur upazila,Gaibandha,2,7,Bus,overturned after hitting a roadside tree,Bangladesh,event,road accident,2018-08-10,10:29:15,Aug,8,Light rain,10,Aug,overturned after hitting a roadside tree
3782,2 killed in road crash,2018-08-10 10:29:15,https://en.prothomalo.com/bangladesh/2-killed-in-road-crash-13,dhaka-rangpur highway in palongpara of sadullapur upazila,Gaibandha,2,7,Bus,overturned after hitting a roadside tree,Bangladesh,event,road accident,2018-08-10,10:29:15,Aug,8,Light rain,10,Aug,overturned after hitting a roadside tree
3783,2 killed in road crash,2018-08-10 10:29:15,https://en.prothomalo.com/bangladesh/2-killed-in-road-crash-10,dhaka-rangpur highway in palongpara,Gaibandha,2,7,Bus,overturned after hitting a roadside tree,Bangladesh,event,road accident,2018-08-10,10:29:15,Aug,8,Light rain,10,Aug,overturned after hitting a roadside tree
3784,2 killed in road crash,2018-08-10 10:29:15,https://en.prothomalo.com/bangladesh/2-killed-in-road-crash-7,dhaka-rangpur highway in palongpara of sadullapur upazila,Gaibandha,2,7,Bus,overturned after hitting a roadside tree,Bangladesh,event,road accident,2018-08-10,10:29:15,Aug,8,Light rain,10,Aug,overturned after hitting a roadside tree
3785,2 killed in road crash,2018-08-10 10:29:15,https://en.prothomalo.com/bangladesh/2-killed-in-road-crash-4,dhaka-rangpur highway in palongpara of sadullapur upazila,Gaibandha,2,7,Bus,overturned after hitting a roadside tree,Bangladesh,event,road accident,2018-08-10,10:29:15,Aug,8,Light rain,10,Aug,overturned after hitting a roadside tree
3786,2 killed in road crash,2018-08-10 10:29:15,https://en.prothomalo.com/bangladesh/2-killed-in-road-crash-2,dhaka-rangpur highway in palongpara,Gaibandha,2,7,Bus,overturned after hitting a roadside tree,Bangladesh,event,road accident,2018-08-10,10:29:15,Aug,8,Light rain,10,Aug,overturned after hitting a roadside tree
3787,2 killed in road crash,2018-08-10 10:29:15,https://en.prothomalo.com/bangladesh/2-killed-in-road-crash,dhaka-rangpur highway in palongpara of sadullapur upazila,Gaibandha,2,7,Bus,overturned after hitting a roadside tree,Bangladesh,event,road accident,2018-08-10,10:29:15,Aug,8,Light rain,10,Aug,overturned after hitting a roadside tree
3788,Panchagarh road crash toll rises to 11,2018-10-28 13:24:12,https://en.prothomalo.com/bangladesh/Panchagarh-road-crash-toll-rises-to-11,dashmile,Panchagarh,11,20,"Bus, Truck",head-on collision between bus and truck,Bangladesh,event,road accident,2018-10-28,13:24:12,Oct,10,,13,Oct,headon collision between bus and truck
3792,Rajshahi road crash kills one,2018-08-28 11:33:48,https://en.prothomalo.com/bangladesh/Rajshahi-road-crash-kills-one,belpukur,Rajshahi,1,20,Bus,overturned,Bangladesh,event,road accident,2018-08-28,11:33:48,Aug,8,,11,Aug,overturned
3794,NSU student killed in road crash,2018-09-08 12:33:32,https://en.prothomalo.com/bangladesh/NSU-student-killed-in-Hatirjheel-road-crash,hatirjheel,Dhaka,1,0,Bus,run over,Bangladesh,event,road accident,2018-09-08,12:33:32,Sep,9,Moderate rain,12,Sep,run over
3797,Faridpur road crash kills 2,2018-10-11 15:24:23,https://en.prothomalo.com/bangladesh/Faridpur-road-crash-kills-2-3,dhaka-khulna highway,Faridpur,2,9,"Truck, Human Hauler",truck tire burst,Bangladesh,event,road accident,2018-10-11,15:24:23,Oct,10,Moderate rain,15,Oct,truck tire burst
3798,Faridpur road crash kills 2,2018-10-11 15:24:23,https://en.prothomalo.com/bangladesh/Faridpur-road-crash-kills-2-2,dhaka-khulna highway in faridpur,Faridpur,2,9,"Truck, Human Hauler",truck tire burst,Bangladesh,event,road accident,2018-10-11,15:24:23,Oct,10,Moderate rain,15,Oct,truck tire burst
3799,Faridpur road crash kills 2,2018-10-11 15:24:23,https://en.prothomalo.com/bangladesh/Faridpur-road-crash-kills-2,dhaka-khulna highway,Faridpur,2,9,"Truck, Human Hauler",truck tire burst,Bangladesh,event,road accident,2018-10-11,15:24:23,Oct,10,Moderate rain,15,Oct,truck tire burst
3800,Jhenaidah road crash kills man,2018-07-18 10:29:18,https://en.prothomalo.com/bangladesh/Jhenaidah-road-crash-kills-man,aruakandi village,Jhenaidah,1,0,Vehicle,hit by a vehicle,Bangladesh,event,road accident,2018-07-18,10:29:18,Jul,7,Light rain,10,Jul,hit by a vehicle
3803,2 killed in Gopalganj road crash,2018-10-20 22:38:08,https://en.prothomalo.com/bangladesh/accident/2-killed-in-gopalganj-road-crash,"ratil, kashiani upazila",Gopalganj,2,5,"Microbus, Motorcycle, Rickshaw Van",crash,Bangladesh,event,road accident,2018-10-20,22:38:08,Oct,10,rain not reaching ground,22,Oct,crash
3804,2 killed in Gopalganj road crash,2018-10-20 22:38:08,https://en.prothomalo.com/bangladesh/2-killed-in-Gopalganj-road-crash-2,"ratil, kashiani upazila",Gopalganj,2,5,"Microbus, Motorcycle, Rickshaw Van",crash,Bangladesh,event,road accident,2018-10-20,22:38:08,Oct,10,rain not reaching ground,22,Oct,crash
3805,2 killed in Gopalganj road crash,2018-10-20 22:38:08,https://en.prothomalo.com/bangladesh/2-killed-in-Gopalganj-road-crash,"ratil, kashiani upazila",Gopalganj,2,5,"Microbus, Motorcycle, Rickshaw Van",crash between vehicles,Bangladesh,event,road accident,2018-10-20,22:38:08,Oct,10,rain not reaching ground,22,Oct,crash between vehicles
3808,2 killed in Lalmonirhat road crash,2018-09-03 22:40:25,https://en.prothomalo.com/bangladesh/2-killed-in-Lalmonirhat-road-crash-2,lalmonirhat-burimari highway,Lalmonirhat,2,7,"Truck, Human-Hauler",,Bangladesh,event,road accident,2018-09-03,22:40:25,Sep,9,Light rain,22,Sep,
3809,2 killed in Lalmonirhat road crash,2018-09-03 22:40:25,https://en.prothomalo.com/bangladesh/2-killed-in-Lalmonirhat-road-crash,lalmonirhat-burimari highway,Lalmonirhat,2,7,"Truck, Human-Hauler",truck rammed a human-hauler,Bangladesh,event,road accident,2018-09-03,22:40:25,Sep,9,Light rain,22,Sep,truck rammed a humanhauler
3811,Road crashes claim 7 lives,2019-03-09 19:57:23,https://en.prothomalo.com/bangladesh/Road-crashes-claim-7-lives-4,"barishal, dinajpur, narail and bogura districts",Barishal,7,9,,,Bangladesh,event,road accident,2019-03-09,19:57:23,Mar,3,Clear sky,19,Mar,
3812,Road crashes claim 7 lives,2019-03-09 19:57:23,https://en.prothomalo.com/bangladesh/Road-crashes-claim-7-lives-2,"barishal, dinajpur, narail and bogura districts",Barishal,7,9,,,Bangladesh,event,road accident,2019-03-09,19:57:23,Mar,3,Clear sky,19,Mar,
3813,Circular bus service launched in Dhanmondi,2019-03-27 19:03:14,https://en.prothomalo.com/bangladesh/Circular-bus-service-launched-in-Dhanmondi,dhanmondi-new market-azimpur route,Dhaka,0,0,Bus,traffic discipline issues,Bangladesh,event,road accident,2019-03-27,19:03:14,Mar,3,Light rain,19,Mar,traffic discipline issues
3814,Cop killed as bus hits bike,2018-09-02 22:31:27,https://en.prothomalo.com/bangladesh/Cop-killed-as-bus-hits-his-bike,mirpur zoo road at rainkhula,Dhaka,1,0,"Bus, Motorcycle",bus hit motorcycle from rear side,Bangladesh,event,road accident,2018-09-02,22:31:27,Sep,9,Light rain,22,Sep,bus hit motorcycle from rear side
3816,"Train hits bus in Chattogram, 2 killed",2018-09-02 14:07:52,https://en.prothomalo.com/bangladesh/2-killed-as-train-hits-bus-in-Chattogram,bariyarhat rail crossing,Chattogram,2,25,Bus And Train,train rammed the vehicle,Bangladesh,event,road accident,2018-09-02,14:07:52,Sep,9,Moderate rain,14,Sep,train rammed the vehicle
3818,2 women killed in road crash,2018-10-06 10:35:48,https://en.prothomalo.com/bangladesh/2-women-killed-in-road-crash,mulibari check post,Sirajganj,2,0,"Truck, Auto Rickshaw",speeding truck hit auto rickshaw,Bangladesh,event,road accident,2018-10-06,10:35:48,Oct,10,Moderate rain,10,Oct,speeding truck hit auto rickshaw
3820,3 of a family killed as truck overturns,2018-10-16 10:19:37,https://en.prothomalo.com/bangladesh/3-of-a-family-killed-as-truck-overturns,shuvulla,Tangail,3,5,Truck,overturned,Bangladesh,event,road accident,2018-10-16,10:19:37,Oct,10,"Snow, moderate",10,Oct,overturned
3822,"Now, university student ‘pushed off’ to death from running bus",2019-03-23 22:35:18,https://en.prothomalo.com/bangladesh/University-student-‘pushed-off’-to-death-from,sylhet-mymenshingh highway,Moulvibazar,1,0,Bus,pushed off a running bus,Bangladesh,event,road accident,2019-03-23,22:35:18,Mar,3,,22,Mar,pushed off a running bus
3825,Road crash kills NSU student,2018-09-22 10:48:49,https://en.prothomalo.com/bangladesh/Road-crash-kills-NSU-student,bypass road in jamalpur,Jamalpur,1,1,"Truck, Motorcycle",truck hit motorcycle,Bangladesh,event,road accident,2018-09-22,10:48:49,Sep,9,Light rain,10,Sep,truck hit motorcycle accident
3826,"Provide Tk 100,000 to each family of 5 road crash victims: HC",2019-02-11 23:08:00,https://en.prothomalo.com/bangladesh/Provide-Tk-100-000-to-each-family-of-5-road-crash,"uttara, gazipur, barishal, sylhet, and chattogram",Dhaka,5,0,,road crashes,Bangladesh,event,road accident,2019-02-11,23:08:00,Feb,2,Mainly clear,23,Feb,road crashes
3830,2 students killed in road crashes,2018-11-05 12:28:52,https://en.prothomalo.com/bangladesh/2-students-killed-in-road-crashes,shiromoni badamtola and katakhali area,Khulna,2,0,"Bus, Bicycle, Truck","bus hit bicycle, truck crushed schoolgirl",Bangladesh,event,road accident,2018-11-05,12:28:52,Nov,11,Light rain,12,Nov,bus hit bicycle truck crushed schoolgirl
3838,RAB detains actress Nawshaba,2018-08-05 00:27:57,https://en.prothomalo.com/bangladesh/RAB-detains-actress-Nawshaba,dhaka,Dhaka,0,0,,spreading rumors about student protests,Bangladesh,event,road accident,2018-08-05,00:27:57,Aug,8,Moderate rain,0,Aug,spreading rumors about student protests
3839,Road crash kills 2,2018-10-11 12:04:59,https://en.prothomalo.com/bangladesh/Road-crash-kills-2-7,shyamsundar,Rajbari,2,0,Car,driver lost control over the steering,Bangladesh,event,road accident,2018-10-11,12:04:59,Oct,10,Moderate rain,12,Oct,driver lost control over the steering
3840,Road crash kills 2,2018-10-11 12:04:59,https://en.prothomalo.com/bangladesh/Road-crash-kills-2-6,shyamsundar,Rajbari,2,0,Car,driver lost control over the steering,Bangladesh,event,road accident,2018-10-11,12:04:59,Oct,10,Moderate rain,12,Oct,driver lost control over the steering
3841,Road crash kills 2,2018-10-11 12:04:59,https://en.prothomalo.com/bangladesh/Road-crash-kills-2-5,shyamsundar,Rajbari,2,0,Car,driver lost control over the steering,Bangladesh,event,road accident,2018-10-11,12:04:59,Oct,10,Moderate rain,12,Oct,driver lost control over the steering
3842,Road crash kills 2,2018-10-11 12:04:59,https://en.prothomalo.com/bangladesh/Road-crash-kills-2-4,shyamsundar,Rajbari,2,0,Car,driver lost control over the steering,Bangladesh,event,road accident,2018-10-11,12:04:59,Oct,10,Moderate rain,12,Oct,driver lost control over the steering
3843,Road crash kills 2,2018-10-11 12:04:59,https://en.prothomalo.com/bangladesh/Road-crash-kills-2-3,shyamsundar,Rajbari,2,0,Car,driver lost control over the steering,Bangladesh,event,road accident,2018-10-11,12:04:59,Oct,10,Moderate rain,12,Oct,driver lost control over the steering
3844,Road crash kills 2,2018-10-11 12:04:59,https://en.prothomalo.com/bangladesh/Road-crash-kills-2-2,shyamsundar,Rajbari,2,0,Car,driver lost control over the steering,Bangladesh,event,road accident,2018-10-11,12:04:59,Oct,10,Moderate rain,12,Oct,driver lost control over the steering
3845,Road crash kills 2,2018-10-11 12:04:59,https://en.prothomalo.com/bangladesh/Road-crash-kills-2,shyamsundar,Rajbari,2,0,Car,driver lost control over the steering,Bangladesh,event,road accident,2018-10-11,12:04:59,Oct,10,Moderate rain,12,Oct,driver lost control over the steering
3846,"3 killed, 5 critically injured in road crash",2018-08-04 13:53:17,https://en.prothomalo.com/bangladesh/3-killed-5-critically-injured-in-Dhamrai-road,dhamrai upazila,Dhaka,3,30,Bus,head-on collision,Bangladesh,event,road accident,2018-08-04,13:53:17,Aug,8,Moderate rain,13,Aug,head-on collision
3848,HC asks Green Line Paribahan to pay Russel Tk 5m,2019-03-12 19:13:58,,dholaipar,Dhaka,0,1,Bus,,Bangladesh,event,road accident,2019-03-12,19:13:58,Mar,3,Partly cloudy,19,Mar,
3851,3 killed as truck hits 3-wheeler,2018-08-25 12:45:48,,kushtia-jhenaidah highway in bottala,Kushtia,3,0,Truck And Three-Wheeler,head-on collision,Bangladesh,event,road accident,2018-08-25,12:45:48,Aug,8,Moderate rain,12,Aug,head-on collision
3852,Man crushed between 2 launches,2018-08-25 12:29:58,,sadarghat launch terminal,Dhaka,1,0,,collision between two launches,Bangladesh,event,road accident,2018-08-25,12:29:58,Aug,8,Dense rain,12,Aug,collision between two launches
3853,6 killed in truck-microbus collision,2018-08-25 09:47:46,,sultana patrol pump in muhuriganj,Feni,6,7,"Truck, Microbus",collision due to u-turn,Bangladesh,event,road accident,2018-08-25,09:47:46,Aug,8,Light rain,9,Aug,collision due to uturn
3857,Road crash leaves schoolgirl dead in Cumilla,2018-08-01 09:40:23,,"gomta, chandina upazila, cumilla",Cumilla,1,1,Bus,speeding bus knocked her down,Bangladesh,event,road accident,2018-08-01,09:40:23,Aug,8,Moderate rain,9,Aug,speeding bus knocked her down
3858,Road crash kills freedom fighter,2018-09-13 16:00:55,https://en.prothomalo.com/bangladesh/Road-crash-kills-freedom-fighter,boda bypass,Panchagarh,1,4,"Truck, Microbus",truck rammed microbus,Bangladesh,event,road accident,2018-09-13,16:00:55,Sep,9,,16,Sep,truck rammed microbus
3861,Cox’s Bazar road crash kills 4,2018-09-11 13:51:47,https://en.prothomalo.com/bangladesh/accident/coxs-bazar-road-crash-kills-4,baratoli rastarmatha area,Cox's Bazar,4,8,Bus And Human Hauler (Leguna),head-on collision,Bangladesh,event,road accident,2018-09-11,13:51:47,Sep,9,Light rain,13,Sep,head-on collision
3862,3 college girls die in Rajshahi road accident,2014-12-07 20:44:30,https://en.prothomalo.com/bangladesh/3-college-girls-die-in-Rajshahi-road-accident,rajshahi jute mill at katakhali,Rajshahi,3,9,Bus,collision between two buses,Bangladesh,event,road accident,2014-12-07,20:44:30,Dec,12,,20,Dec,collision between two buses
3863,Bus-microbus collision kills 4,2018-08-16 13:34:35,https://en.prothomalo.com/bangladesh/Bus-microbus-collision-kills-3,sonamurir tek,Narsingdi,4,0,"Microbus, Bus",head-on collision,Bangladesh,event,road accident,2018-08-16,13:34:35,Aug,8,Light rain,13,Aug,head-on collision
3865,2 killed in Jatrabari road crash,2018-10-22 21:43:28,https://en.prothomalo.com/bangladesh/2-killed-in-Jatrabari-road-crash,jatrabari intersection,Madaripur,2,0,"Bus, Auto-Rickshaw",bus hit another stationary bus from behind,Bangladesh,event,road accident,2018-10-22,21:43:28,Oct,10,Mainly clear,21,Oct,bus hit another stationary bus from behind
3866,Road crash claims 3 lives,2018-07-22 11:39:01,https://en.prothomalo.com/bangladesh/Road-crash-claims-3-lives-3,"rangpur-dinajpur highway in hajirhat, rangpur",Rangpur,3,0,"Bus, Auto-Rickshaw",bus rammed an auto-rickshaw,Bangladesh,event,road accident,2018-07-22,11:39:01,Jul,7,Heavy rain,11,Jul,bus rammed an autorickshaw
3867,Road crash claims 3 lives,2018-07-22 11:39:01,https://en.prothomalo.com/bangladesh/Road-crash-claims-3-lives-2,"rangpur-dinajpur highway in hajirhat, rangpur",Rangpur,3,0,"Bus, Auto-Rickshaw",bus rammed an auto-rickshaw,Bangladesh,event,road accident,2018-07-22,11:39:01,Jul,7,Heavy rain,11,Jul,bus rammed an autorickshaw
3868,Road crash claims 3 lives,2018-07-22 11:39:01,https://en.prothomalo.com/bangladesh/Road-crash-claims-3-lives,rangpur-dinajpur highway in hajirhat,Rangpur,3,0,"Bus, Auto-Rickshaw",bus rammed auto-rickshaw,Bangladesh,event,road accident,2018-07-22,11:39:01,Jul,7,Heavy rain,11,Jul,bus rammed autorickshaw
3871,11 killed in Narsingdi road crash,2018-08-25 12:20:38,https://en.prothomalo.com/bangladesh/8-killed-in-Narsingdi-road-crash,narsingdi,Narsingdi,11,5,"Bus, Human Hauler",head-on collision,Bangladesh,event,road accident,2018-08-25,12:20:38,Aug,8,Moderate rain,12,Aug,head-on collision
3872,8 killed in road crashes,2019-02-28 10:06:18,https://en.prothomalo.com/bangladesh/8-killed-in-road-crashes-2,cumilla-sylhet highway in suhilpur area of sadar upazila,Brahmanbaria,1,0,Bus,speeding bus hit him,Bangladesh,event,road accident,2019-02-28,10:06:18,Feb,2,Light rain,10,Feb,speeding bus hit him
3876,Two killed in Cumilla road crash,2018-08-25 10:18:18,https://en.prothomalo.com/bangladesh/Two-killed-in-Cumilla-road-crash,jimaltola,Cumilla,2,25,,,Bangladesh,event,road accident,2018-08-25,10:18:18,Aug,8,Light rain,10,Aug,
3878,Bank official killed in road crash,2018-10-17 22:24:01,https://en.prothomalo.com/bangladesh/Bank-official-killed-in-road-crash,dewanhat,Chattogram,1,2,"Bus, Auto-Rickshaw",speeding bus hit auto-rickshaw,Bangladesh,event,road accident,2018-10-17,22:24:01,Oct,10,rain,22,Oct,speeding bus hit autorickshaw
3879,Lalmonirhat road crash kills 3,2018-08-09 23:09:11,,shimanta canteen area,Lalmonirhat,3,0,Truck And Rickshaw,speeding truck hit a rickshaw,Bangladesh,event,road accident,2018-08-09,23:09:11,Aug,8,Light rain,23,Aug,speeding truck hit a rickshaw
3880,HC asks Green Line Paribahan to pay Tk 5m to Russel,2019-04-04 17:10:43,,,,0,1,Bus,,Bangladesh,event,road accident,2019-04-04,17:10:43,Apr,4,,17,Apr,
3882,Mymensingh road crash leaves 3 dead,2018-06-20 12:07:01,https://en.prothomalo.com/bangladesh/Mymensingh-road-crash-leaves-3-dead,satrashia,Mymensingh,3,3,"Microbus, Auto-Rickshaw",microbus rammed a cng-run auto-rickshaw,Bangladesh,event,road accident,2018-06-20,12:07:01,Jun,6,Moderate rain,12,Jun,microbus rammed a cngrun autorickshaw
3884,Chattogram road crash kills 2,2018-09-23 13:49:27,https://en.prothomalo.com/bangladesh/accident/chattogram-road-crash-kills-2,panchlaish,Chattogram,2,0,"Car, Microbus, Auto-Rickshaw",collision,Bangladesh,event,road accident,2018-09-23,13:49:27,Sep,9,Light rain,13,Sep,collision
3886,4 killed as motorcycle hits roadside tree,2018-07-26 10:40:56,,bholaria village,Kishoreganj,4,0,Motorcycle,hit a roadside tree,Bangladesh,event,road accident,2018-07-26,10:40:56,Jul,7,Moderate rain,10,Jul,hit a roadside tree
3890,"3 killed, 20 injured in road crash",2018-09-21 10:40:30,https://en.prothomalo.com/bangladesh/3-killed-20-injured-in-road-crash,dhaka-rajshahi highway,Rajshahi,3,20,"Bus, Truck",bus hit a stationary truck,Bangladesh,event,road accident,2018-09-21,10:40:30,Sep,9,,10,Sep,bus hit a stationary truck
3892,Keep budget allocation for road crash compensation,2019-06-24 12:23:07,https://en.prothomalo.com/opinion/Keep-budget-allocation-for-road-crash-compensation,,,1,0,,,Bangladesh,event,road accident,2019-06-24,12:23:07,Jun,6,,12,Jun,
3893,DMP chief admits failure to restore order on roads,2019-03-21 21:06:38,https://en.prothomalo.com/bangladesh/DMP-chief-admits-failure-to-restore-order-on-roads,dhaka,Dhaka,0,0,,lack of discipline on roads,Bangladesh,event,road accident,2019-03-21,21:06:38,Mar,3,Partly cloudy,21,Mar,lack of discipline on roads
3894,Owners suspend Dhaka- Mymensingh bus services,2018-08-02 15:55:18,https://en.prothomalo.com/bangladesh/Owners-suspend-Dhaka-Mymensingh-bus-service,dhaka,Mymensingh,2,0,Bus,ongoing demonstration of students,Bangladesh,event,road accident,2018-08-02,15:55:18,Aug,8,Heavy rain,15,Aug,ongoing demonstration of students
3896,5 killed in Tangail road crash,2018-06-28 11:07:10,https://en.prothomalo.com/bangladesh/5-killed-in-Tangail-road-crash,kalihati upazila headquarters,Tangail,5,29,Truck,overturned,Bangladesh,event,road accident,2018-06-28,11:07:10,Jun,6,Light rain,11,Jun,overturned
3897,5 killed in Tangail road crash,2018-06-28 11:07:10,https://en.prothomalo.com/bangladesh/2-killed-in-Tangail-road-crash-3,kalihati upazila headquarters,Tangail,5,29,Truck,truck overturned,Bangladesh,event,road accident,2018-06-28,11:07:10,Jun,6,Light rain,11,Jun,truck overturned
3898,"Policeman, lawyer among 4 killed road crashes",2018-10-26 11:38:19,https://en.prothomalo.com/bangladesh/Policeman-lawyer-among-4-killed-road-crashes,rajshahi and cumilla districts,Rajshahi,4,0,,separate road crashes,Bangladesh,event,road accident,2018-10-26,11:38:19,Oct,10,,11,Oct,separate road crashes
3900,2 motorcycle riders killed in Chapainawabganj,2018-07-21 18:54:06,https://en.prothomalo.com/bangladesh/2-motorcycle-riders-killed-in-Chapainawabganj,shibganj upazila,Nawabganj,2,0,"Truck, Motorcycle",attempting to avoid a head-on collision,Bangladesh,event,road accident,2018-07-21,18:54:06,Jul,7,Light rain,18,Jul,attempting to avoid a headon collision
3902,City road crash kills 2,2018-07-18 09:40:28,https://en.prothomalo.com/bangladesh/City-road-crash-kills-2,"beribadh, rupnagar",Dhaka,2,8,"Bus, Human Hauler",head-on collision,Bangladesh,event,road accident,2018-07-18,09:40:28,Jul,7,Dense rain,9,Jul,head-on collision
3903,Chattogram road crash leaves 2 dead,2018-06-09 16:24:47,https://en.prothomalo.com/bangladesh/Chattogram-road-crash-leaves-2-dead,keranihat area,Chattogram,2,7,"Bus, Microbus",head-on collision,Bangladesh,event,road accident,2018-06-09,16:24:47,Jun,6,Heavy rain,16,Jun,head-on collision
3904,Biker killed in Jhenaidah road crash,2018-06-21 09:44:18,https://en.prothomalo.com/bangladesh/Biker-killed-in-Jhenaidah-road-crash,arappur,Jhenaidah,1,0,"Motorcycle, Microbus",microbus hit motorcycle,Bangladesh,event,road accident,2018-06-21,09:44:18,Jun,6,Moderate rain,9,Jun,microbus hit motorcycle
3905,Magura road crash kills 2 of a family,2018-06-21 09:39:00,https://en.prothomalo.com/bangladesh/Magura-road-crash-kills-2-of-a-family,kestopur area,Magura,2,5,"Bus, Three-Wheeler",bus hitting a three-wheeler,Bangladesh,event,road accident,2018-06-21,09:39:00,Jun,6,Moderate rain,9,Jun,bus hitting a threewheeler
3906,Woman killed in road crash,2018-05-13 16:04:05,https://en.prothomalo.com/bangladesh/Woman-killed-in-road-crash-2,rajshahi-chapainawabganj highway at godagari municipal area,Rajshahi,1,0,Bus,bus ran over her,Bangladesh,event,road accident,2018-05-13,16:04:05,May,5,,16,May,bus ran over her
3907,Woman killed in road crash,2018-05-13 16:04:05,https://en.prothomalo.com/bangladesh/Woman-killed-in-road-crash,rajshahi-chapainawabganj highway at godagari municipal area,Rajshahi,1,0,Bus,bus ran over her,Bangladesh,event,road accident,2018-05-13,16:04:05,May,5,,16,May,bus ran over her
3908,B'baria road accident kills 4,2014-11-23 20:26:01,https://en.prothomalo.com/bangladesh/B-baria-road-accident-kills-4,dhaka-sylhet highway,Brahmanbaria,4,3,Car,head-on collision,Bangladesh,event,road accident,2014-11-23,20:26:01,Nov,11,Partly cloudy,20,Nov,head-on collision
3912,Road crashes claim 7 lives,2019-02-12 09:43:25,https://en.prothomalo.com/bangladesh/Road-crashes-claim-7-lives-2,bhaberchar bus terminal in gazaria upazila,Munshiganj,3,1,Car,,Bangladesh,event,road accident,2019-02-12,09:43:25,Feb,2,Partly cloudy,9,Feb,
3914,2 killed Mymensingh road crash,2018-06-29 21:26:44,,dhaka-mymensingh highway at signboard in trishal,Mymensingh,2,15,Bus,overturned,Bangladesh,event,road accident,2018-06-29,21:26:44,Jun,6,Moderate rain,21,Jun,overturned
3916,2 killed in Dhaka traffic accident,2014-11-21 12:29:11,,paltan and mirpur areas,Dhaka,2,0,,,Bangladesh,event,road accident,2014-11-21,12:29:11,Nov,11,Thunderstorm but no precipitation,12,Nov,
3917,Ex-UP member killed in road crash,2018-06-29 17:18:47,,sonahat land port area,Kurigram,1,0,Pick-Up,hit by vehicle,Bangladesh,event,road accident,2018-06-29,17:18:47,Jun,6,Light rain,17,Jun,hit by vehicle
3919,3 killed in Gazipur road crash,2018-06-28 12:21:59,https://en.prothomalo.com/bangladesh/3-killed-in-Gazipur-road-crash-5,mirerbazar vogra bypass road at pubail,Gazipur,3,2,"Auto-Rickshaw, Truck",collision,Bangladesh,event,road accident,2018-06-28,12:21:59,Jun,6,Dense rain,12,Jun,collision
3920,3 killed in Gazipur road crash,2018-06-28 12:21:59,https://en.prothomalo.com/bangladesh/3-killed-in-Gazipur-road-crash-3,mirerbazar vogra bypass road,Gazipur,3,2,"Auto-Rickshaw, Truck",collision,Bangladesh,event,road accident,2018-06-28,12:21:59,Jun,6,Dense rain,12,Jun,collision
3921,3 killed in Gazipur road crash,2018-06-28 12:21:59,https://en.prothomalo.com/bangladesh/3-killed-in-Gazipur-road-crash,mirerbazar vogra bypass road at pubail,Gazipur,3,2,Cng-Run Auto-Rickshaw And Truck,collision between auto-rickshaw and truck,Bangladesh,event,road accident,2018-06-28,12:21:59,Jun,6,Dense rain,12,Jun,collision between autorickshaw and truck
3924,"Now workers siege highway, attack students",2018-08-01 14:17:34,https://en.prothomalo.com/bangladesh/Now-workers-siege-highway-attack-students,dhaka-chattogram highway,Dhaka,0,0,,demonstration affecting traffic movement,Bangladesh,event,road accident,2018-08-01,14:17:34,Aug,8,Light rain,14,Aug,demonstration affecting traffic movement
3925,Cumilla road crashes kill 8,2019-01-20 17:39:57,https://en.prothomalo.com/bangladesh/Cumilla-road-crashes-kill-8,dhaka-chattogram highway in cumilla,Cumilla,8,0,"Bus, Covered-Van",collision from behind,Bangladesh,event,road accident,2019-01-20,17:39:57,Jan,1,Clear sky,17,Jan,collision from behind
3929,50 injured as Bus plunges into ditch,2018-08-11 12:12:40,https://en.prothomalo.com/bangladesh/50-injured-as-Bus-plunges-into-ditch,ramrail bazar area,Brahmanbaria,0,50,Bus,plunged into a ditch,Bangladesh,event,road accident,2018-08-11,12:12:40,Aug,8,Moderate rain,12,Aug,plunged into a ditch
3933,‘Coordinated efforts needed to build safe and sustainable cities’,2019-06-29 21:56:18,https://en.prothomalo.com/bangladesh/‘Coordinated-efforts-needed-to-build-safe-and,dhaka city,Dhaka,0,0,"Public Transport, Pedestrians","pedestrians at higher risk of road accidents, shrunk footpaths",Bangladesh,event,road accident,2019-06-29,21:56:18,Jun,6,Moderate rain,21,Jun,pedestrians at higher risk of road accidents shrunk footpaths
3936,"Dashed off moving bus, youth dies",2018-08-28 11:31:08,https://en.prothomalo.com/bangladesh/Dashed-off-moving-bus-youth-dies,chittagong city,Chattogram,1,0,Bus,pushed out from a moving bus,Bangladesh,event,road accident,2018-08-28,11:31:08,Aug,8,Moderate rain,11,Aug,pushed out from a moving bus
3937,"Truck owners, workers withdraw strike",2018-10-09 22:45:13,,dhaka division,Dhaka,0,0,Truck,strike related to road transport bill-2018,Bangladesh,event,road accident,2018-10-09,22:45:13,Oct,10,Light rain,22,Oct,strike related to road transport bill2018
3939,Another school student killed in Dohar road crash,2018-08-04 13:26:19,,dohar,,1,0,School Student (Pedestrian),road accident,Bangladesh,event,road accident,2018-08-04,13:26:19,Aug,8,,13,Aug,road accident
3940,Joypurhat road crash leaves female teacher dead,2018-06-30 10:15:25,,khanjanpur pdb area,Joypurhat,1,0,"Auto-Rickshaw, Bus",collision with a speeding bus,Bangladesh,event,road accident,2018-06-30,10:15:25,Jun,6,Dense rain,10,Jun,collision with a speeding bus
3944,Families of road crash victims get financial assistance from PM,2018-08-02 16:53:01,,capital,Dhaka,2,0,,,Bangladesh,event,road accident,2018-08-02,16:53:01,Aug,8,Heavy rain,16,Aug,
3946,"6 indicted over death of Rajib, Diya in road crash",2018-10-25 15:09:59,https://en.prothomalo.com/bangladesh/6-indicted-over-death-of-Rajib-Diya-in-road-crash,airport road,Dhaka,2,0,,,Bangladesh,event,road accident,2018-10-25,15:09:59,Oct,10,Clear sky,15,Oct,
3949,2 teenagers killed amid AL infighting,2018-11-10 15:28:35,https://en.prothomalo.com/bangladesh/2-teenagers-killed-in-road-crash-amid-AL,mohammadpur,Dhaka,2,0,Pick-Up Van,clash between two factions of ruling bangladesh awami league,Bangladesh,event,road accident,2018-11-10,15:28:35,Nov,11,Clear sky,15,Nov,clash between two factions of ruling bangladesh awami league
3953,2 killed as vans collide head-on,2018-07-27 10:27:28,https://en.prothomalo.com/bangladesh/2-killed-as-2-vans-collide-head-on,dhaka-sylhet highway,Brahmanbaria,2,4,Covered Van And Pick-Up Van,head-on collision,Bangladesh,event,road accident,2018-07-27,10:27:28,Jul,7,Moderate rain,10,Jul,head-on collision
3957,2 killed in road crash,2018-06-08 12:55:36,https://en.prothomalo.com/bangladesh/2-killed-in-road-crash-11,dhaka-aricha highway in annaypur,Manikganj,2,12,"Bus, Pick-Up Van",bus rammed a pick-up van,Bangladesh,event,road accident,2018-06-08,12:55:36,Jun,6,Moderate rain,12,Jun,bus rammed a pickup van
3958,2 killed in road crash,2018-06-08 12:55:36,https://en.prothomalo.com/bangladesh/2-killed-in-road-crash-13,dhaka-aricha highway,Manikganj,2,12,"Bus, Pick-Up Van",bus rammed a pick-up van,Bangladesh,event,road accident,2018-06-08,12:55:36,Jun,6,Moderate rain,12,Jun,bus rammed a pickup van
3959,2 killed in road crash,2018-06-08 12:55:36,https://en.prothomalo.com/bangladesh/2-killed-in-road-crash-10,dhaka-aricha highway in annaypur,Manikganj,2,12,"Bus, Pick-Up Van",bus rammed a pick-up van,Bangladesh,event,road accident,2018-06-08,12:55:36,Jun,6,Moderate rain,12,Jun,bus rammed a pickup van
3960,2 killed in road crash,2018-06-08 12:55:36,https://en.prothomalo.com/bangladesh/2-killed-in-road-crash-7,dhaka-aricha highway in annaypur,Manikganj,2,12,Bus And Pick-Up Van,bus rammed a pick-up van,Bangladesh,event,road accident,2018-06-08,12:55:36,Jun,6,Moderate rain,12,Jun,bus rammed a pickup van
3961,2 killed in road crash,2018-06-08 12:55:36,https://en.prothomalo.com/bangladesh/2-killed-in-road-crash-4,dhaka-aricha highway,Manikganj,2,12,"Bus, Pick-Up Van",bus rammed a pick-up van,Bangladesh,event,road accident,2018-06-08,12:55:36,Jun,6,Moderate rain,12,Jun,bus rammed a pickup van
3962,2 killed in road crash,2018-06-08 12:55:36,https://en.prothomalo.com/bangladesh/2-killed-in-road-crash-2,dhaka-aricha highway,Manikganj,2,12,"Bus, Pick-Up Van",bus rammed a pick-up van,Bangladesh,event,road accident,2018-06-08,12:55:36,Jun,6,Moderate rain,12,Jun,bus rammed a pickup van
3963,2 killed in road crash,2018-06-08 12:55:36,https://en.prothomalo.com/bangladesh/2-killed-in-road-crash,dhaka-aricha highway in annaypur,Manikganj,2,12,Bus And Pick-Up Van,bus rammed a pick-up van,Bangladesh,event,road accident,2018-06-08,12:55:36,Jun,6,Moderate rain,12,Jun,bus rammed a pickup van
3964,2 killed in Sylhet road crash,2018-08-16 10:36:12,https://en.prothomalo.com/bangladesh/2-killed-in-Sylhet-road-crash-4,dhaka-sylhet road in lalbar area of south surma upazila,Sylhet,2,0,Pickup Van,vehicle turned turtle after crossing a motorcycle coming from the opposite direction,Bangladesh,event,road accident,2018-08-16,10:36:12,Aug,8,Moderate rain,10,Aug,vehicle turned turtle after crossing a motorcycle coming from the opposite direction
3965,2 killed in Sylhet road crash,2018-08-16 10:36:12,https://en.prothomalo.com/bangladesh/2-killed-in-Sylhet-road-crash-2,dhaka-sylhet road in lalbar area of south surma upazila,Sylhet,2,0,"Pickup Van, Motorcycle",vehicle turned turtle after crossing a motorcycle coming from the opposite direction,Bangladesh,event,road accident,2018-08-16,10:36:12,Aug,8,Moderate rain,10,Aug,vehicle turned turtle after crossing a motorcycle coming from the opposite direction
3966,2 killed in Sylhet road crash,2018-08-16 10:36:12,https://en.prothomalo.com/bangladesh/2-killed-in-Sylhet-road-crash,dhaka-sylhet road in lalbar area,Dhaka,2,0,"Pickup Van, Motorcycle",pickup van turned turtle after avoiding a motorcycle coming from the opposite direction,Bangladesh,event,road accident,2018-08-16,10:36:12,Aug,8,Light rain,10,Aug,pickup van turned turtle after avoiding a motorcycle coming from the opposite direction
3967,2 killed in road cash,2018-06-07 09:51:40,https://en.prothomalo.com/bangladesh/2-killed-in-road-cash,"bathuli bus stand, dhamrai upazila",Dhaka,2,2,Car,plunged into a ditch,Bangladesh,event,road accident,2018-06-07,09:51:40,Jun,6,Moderate rain,9,Jun,plunged into a ditch
3971,Road crashes claim 6 lives in 3 districts,2018-11-23 14:21:53,https://en.prothomalo.com/bangladesh/Road-crashes-claim-6-lives-in-3-districts,"feni, khulna and lalmonirhat districts",Lalmonirhat,6,3,,separate road accidents,Bangladesh,event,road accident,2018-11-23,14:21:53,Nov,11,Partly cloudy,14,Nov,separate road accidents
3975,Charges against 6 over Rajib-Mim’s death this week,2018-09-04 11:55:31,https://en.prothomalo.com/bangladesh/Charges-against-6-over-Rajib-Mim’s-death-this-week,airport road,Dhaka,2,0,,,Bangladesh,event,road accident,2018-09-04,11:55:31,Sep,9,Light rain,11,Sep,
3979,Road crash claims life of pry school teacher,2018-06-16 18:13:10,https://en.prothomalo.com/bangladesh/Road-crash-claims-life-of-pry-school-teacher,uttarbazar,Habiganj,1,0,Bus,bus ran over him,Bangladesh,event,road accident,2018-06-16,18:13:10,Jun,6,Light rain,18,Jun,bus ran over him
3980,2 killed in Sylhet road crash,2018-06-04 17:43:57,https://en.prothomalo.com/bangladesh/2-killed-in-Sylhet-road-crash-4,goala bazar,Sylhet,2,0,"Truck, Motorcycle",truck hit motorcycle,Bangladesh,event,road accident,2018-06-04,17:43:57,Jun,6,Moderate rain,17,Jun,truck hit motorcycle accident
3981,2 killed in Sylhet road crash,2018-06-04 17:43:57,https://en.prothomalo.com/bangladesh/2-killed-in-Sylhet-road-crash-2,goala bazar,Sylhet,2,0,"Truck, Motorcycle",truck hit motorcycle,Bangladesh,event,road accident,2018-06-04,17:43:57,Jun,6,Moderate rain,17,Jun,truck hit motorcycle accident
3982,2 killed in Sylhet road crash,2018-06-04 17:43:57,https://en.prothomalo.com/bangladesh/2-killed-in-Sylhet-road-crash,goala bazar,Sylhet,2,0,"Truck, Motorcycle",truck hit motorcycle,Bangladesh,event,road accident,2018-06-04,17:43:57,Jun,6,Moderate rain,17,Jun,truck hit motorcycle accident
3983,Narsingdi road crash kills 5,2018-07-21 09:27:30,https://en.prothomalo.com/bangladesh/Narasindi-road-crash-kills-5,dhaka-sylhet highway in narsingdi's ghasiadia area of shibpur upazila,Narsingdi,5,9,"Bus, Human Hauler",head-on collision,Bangladesh,event,road accident,2018-07-21,09:27:30,Jul,7,Light rain,9,Jul,head-on collision
3985,PM lays foundation stone of Ramiz Uddin College underpass,2018-08-12 11:05:35,https://en.prothomalo.com/bangladesh/PM-lays-foundation-stone-of-Ramiz-Uddin-College,shaheed ramiz uddin cantonment school and college,Dhaka,2,0,,,Bangladesh,event,road accident,2018-08-12,11:05:35,Aug,8,Light rain,11,Aug,
3986,Students vow to occupy streets until demands fulfilled,2019-03-20 15:18:14,https://en.prothomalo.com/bangladesh/Students-vow-to-occupy-streets-until-demands,street,Dhaka,1,0,,,Bangladesh,event,road accident,2019-03-20,15:18:14,Mar,3,Mainly clear,15,Mar,
3989,"1 dead, 4 missing in Chalan Beel boat capsize",2018-09-01 12:42:36,https://en.prothomalo.com/bangladesh/1-dead-4-missing-in-Chalan-Beel-boat-capsize,chalan beel,Pabna,1,0,,boat sinking,Bangladesh,event,road accident,2018-09-01,12:42:36,Sep,9,Light rain,12,Sep,boat sinking
3991,"Driver, owner sued over Kushtia baby girl’s death",2018-08-31 15:15:42,https://en.prothomalo.com/bangladesh/Driver-owner-sued-over-Kushtia-baby-girl’s-death,kushtia district town,Kushtia,1,1,Bus,fell from mother's lap when bus hit mother,Bangladesh,event,road accident,2018-08-31,15:15:42,Aug,8,Light rain,15,Aug,fell from mothers lap when bus hit mother
3992,3 killed in Jamalpur road crash,2018-07-20 12:37:50,https://en.prothomalo.com/bangladesh/3-killed-in-Jamalpur-road-crash,bhuapur-sarishabari road,Jamalpur,3,3,Truck,plunged into a ditch,Bangladesh,event,road accident,2018-07-20,12:37:50,Jul,7,Light rain,12,Jul,plunged into a ditch
3994,‘BRTA must be cleaned up before the roads’,2019-11-25 12:38:24,https://en.prothomalo.com/opinion/‘BRTA-must-be-cleaned-up-before-the-roads’,"various locations within bangladesh, specifically mentioning dhaka",Dhaka,0,0,"Covered Vans, Buses, Trucks, Cars, 'Laguna' Vehicles","implementation challenges of the new road transport act due to illegal vehicles, drivers, lack of terminals, illegal modifications, insufficient qualified drivers, and systemic flaws in brta.",Bangladesh,event,road accident,2019-11-25,12:38:24,Nov,11,Partly cloudy,12,Nov,implementation challenges of the new road transport act due to illegal vehicles drivers lack of terminals illegal modifications insufficient qualified drivers and systemic flaws in brta
3995,Sylhet road crash leaves 3 dead,2018-07-18 10:05:58,https://en.prothomalo.com/bangladesh/Sylhet-road-crash-leaves-3-dead,lalabazar area,Sylhet,3,30,Four Vehicles,,Bangladesh,event,road accident,2018-07-18,10:05:58,Jul,7,Light rain,10,Jul,
3999,Traffic accident kills one in Ctg,2014-11-01 17:25:33,,arabghat,Chattogram,1,0,Truck,hit by truck,Bangladesh,event,road accident,2014-11-01,17:25:33,Nov,11,Mainly clear,17,Nov,hit by truck
4000,6 of a family killed in road crash,2018-07-27 11:38:18,https://en.prothomalo.com/bangladesh/6-of-a-family-killed-in-road-crash,osmaninagar,Sylhet,6,3,"Truck, Microbus",head-on collision,Bangladesh,event,road accident,2018-07-27,11:38:18,Jul,7,Moderate rain,11,Jul,head-on collision
4001,"Cumilla road crash kills father, son",2018-08-28 11:10:52,https://en.prothomalo.com/bangladesh/Cumilla-road-crash-kills-father-son,palpara area,Cumilla,2,2,Auto Rickshaw (Cng),hit a roadside tree,Bangladesh,event,road accident,2018-08-28,11:10:52,Aug,8,Moderate rain,11,Aug,hit a roadside tree
4002,Barguna road crash leaves 7 dead,2018-07-26 14:03:35,https://en.prothomalo.com/bangladesh/Barguna-road-crash-leaves-7-dead,manikjhuri in amtali upazila,Barguna,7,3,"Bus, Human Hauler",bus rammed a human hauler,Bangladesh,event,road accident,2018-07-26,14:03:35,Jul,7,Moderate rain,14,Jul,bus rammed a human hauler
4006,Manikganj road crash kills 3,2018-05-15 18:12:00,https://en.prothomalo.com/bangladesh/accident/manikganj-road-crash-kills-3,cross-bridge area,Manikganj,3,20,,,Bangladesh,event,road accident,2018-05-15,18:12:00,May,5,Moderate rain,18,May,
4008,"Habignaj road crash kills 3, injures 4",2018-05-15 10:27:41,,dhaka-sylhet highway in haritola area,Habiganj,3,4,"Bus, Truck",head on collision,Bangladesh,event,road accident,2018-05-15,10:27:41,May,5,Moderate rain,10,May,head-on collision
4009,Head-on collision kills truck driver,2018-05-02 14:46:21,,agran area of baraigram upazila,Natore,1,1,Truck,head-on collision,Bangladesh,event,road accident,2018-05-02,14:46:21,May,5,Moderate rain,14,May,head-on collision
4011,Schoolboy killed in Jashore road crash,2018-04-19 13:11:53,,keshabpur-boga road,Jashore,1,0,"Truck, Bicycle",speedy truck dashed his bicycle,Bangladesh,event,road accident,2018-04-19,13:11:53,Apr,4,Light rain,13,Apr,speedy truck dashed his bicycle
4013,Driver killed as bus overturns in Madaripur,2018-06-19 11:39:34,https://en.prothomalo.com/bangladesh/Driver-killed-as-bus-overturns-in-Madaripur,pantapara,Madaripur,1,10,Bus,hitting a tree and overturning,Bangladesh,event,road accident,2018-06-19,11:39:34,Jun,6,Partly cloudy,11,Jun,hitting a tree and overturning
4015,3 killed in road crash,2018-06-06 09:59:50,https://en.prothomalo.com/bangladesh/3-killed-in-road-crash-5,saratoil,Tangail,3,1,Truck,head-on collision,Bangladesh,event,road accident,2018-06-06,09:59:50,Jun,6,Light rain,9,Jun,head-on collision
4016,3 killed in road crash,2018-06-06 09:59:50,https://en.prothomalo.com/bangladesh/3-killed-in-road-crash-4,bangabandhu bridge link road at saratoil,Tangail,3,1,Truck,head-on collision,Bangladesh,event,road accident,2018-06-06,09:59:50,Jun,6,Light rain,9,Jun,head-on collision
4017,3 killed in road crash,2018-06-06 09:59:50,https://en.prothomalo.com/bangladesh/3-killed-in-road-crash-2,saratoil,Tangail,3,1,Truck,head-on collision,Bangladesh,event,road accident,2018-06-06,09:59:50,Jun,6,Light rain,9,Jun,head-on collision
4018,Case filed over 2 students’ death in city road crash,2018-07-30 18:14:13,https://en.prothomalo.com/bangladesh/Case-filed-over-2-students’-death-in-city-road,airport road in front of kurmitola general hospital,Dhaka,2,0,Bus,bus ploughed through students,Bangladesh,event,road accident,2018-07-30,18:14:13,Jul,7,Light rain,18,Jul,bus ploughed through students
4020,Bus kills easy bike driver,2018-08-18 21:39:21,https://en.prothomalo.com/bangladesh/Bus-kills-easy-bike-driver,rajoir bus stop,Bagerhat,1,0,Bus And Bike,speeding bus rammed into vehicle,Bangladesh,event,road accident,2018-08-18,21:39:21,Aug,8,Light rain,21,Aug,speeding bus rammed into vehicle
4022,3 more killed in road crash,2018-06-04 17:46:05,https://en.prothomalo.com/bangladesh/3-killed-in-road-crash-3,dhaka-bogra highway at sonka bazar,Sherpur,3,0,Covered Van,hit them,Bangladesh,event,road accident,2018-06-04,17:46:05,Jun,6,Light rain,17,Jun,hit them
4023,City road crash kills 3,2018-07-18 09:50:36,https://en.prothomalo.com/bangladesh/City-road-crash-kills-3,"beribadh, rupnagar",Dhaka,3,7,"Bus, Humanhauler",head-on collision,Bangladesh,event,road accident,2018-07-18,09:50:36,Jul,7,Dense rain,9,Jul,head-on collision
4024,Probe body formed over Gaibandha road crash,2018-06-25 10:06:16,https://en.prothomalo.com/bangladesh/Probe-body-formed-over-Gaibandha-road-crash,palash upazila,Gaibandha,18,0,,investigated,Bangladesh,event,road accident,2018-06-25,10:06:16,Jun,6,Moderate rain,10,Jun,investigated
4026,3 killed as bus ploughs thru bookshop,2018-08-15 16:03:57,https://en.prothomalo.com/bangladesh/3-killed-as-bus-ploughs-thru-bookshop,naudapara,Rajshahi,3,4,"Bus, Motorbike",driver lost control over the steering after hitting a motorbike,Bangladesh,event,road accident,2018-08-15,16:03:57,Aug,8,,16,Aug,driver lost control over the steering after hitting a motorbike
4029,6 killed as buses collide head-on,2018-09-02 18:45:10,https://en.prothomalo.com/bangladesh/4-killed-as-buses-collide-head-on,seo bazar,Rangpur,6,50,Bus,head-on collision,Bangladesh,event,road accident,2018-09-02,18:45:10,Sep,9,Light rain,18,Sep,head-on collision
4035,City road crash kills woman,2018-06-09 13:11:46,https://en.prothomalo.com/bangladesh/City-road-crash-kills-woman,in front of the national press club,Dhaka,1,0,Bus,knocked her down,Bangladesh,event,road accident,2018-06-09,13:11:46,Jun,6,Moderate rain,13,Jun,knocked her down
4036,Drivers not roads to be blamed for Natore accident: minister,2014-10-21 18:48:27,https://en.prothomalo.com/bangladesh/Drivers-not-roads-to-be-blamed-for-Natore,natore,Natore,33,0,Bus,drivers' haughty attitude,Bangladesh,event,road accident,2014-10-21,18:48:27,Oct,10,Mainly clear,18,Oct,drivers haughty attitude
4038,12 Natore bus accident victims buried,2014-10-21 13:32:58,https://en.prothomalo.com/bangladesh/12-Natore-accident-victims-of-a-village-buried,baraigram upazila,Natore,12,21,Road Crash,,Bangladesh,event,road accident,2014-10-21,13:32:58,Oct,10,Mainly clear,13,Oct,
4039,Bus accident kills 32,2014-10-21 12:24:42,https://en.prothomalo.com/bangladesh/Bus-accident-kills-32,banpara-hatikumrul road,Natore,32,0,Passenger Buses,collision between two passenger buses,Bangladesh,event,road accident,2014-10-21,12:24:42,Oct,10,Mainly clear,12,Oct,collision between two passenger buses
4040,3 traders killed in road crash,2018-06-28 10:41:33,https://en.prothomalo.com/bangladesh/3-traders-killed-in-road-crash,jhenaidah-chuadanga highway,Jhenaidah,3,9,"Bus, Human Hauler",bus hit a human hauler,Bangladesh,event,road accident,2018-06-28,10:41:33,Jun,6,Dense rain,10,Jun,bus hit a human hauler
4041,Ambulance-truck collision kills 2,2018-04-30 12:18:05,https://en.prothomalo.com/bangladesh/Ambulance-truck-collision-kills-two,dhaka-bogura highway in sherpur upazila,Bogra,2,3,"Ambulance, Truck",head-on collision,Bangladesh,event,road accident,2018-04-30,12:18:05,Apr,4,Heavy rain,12,Apr,head-on collision
4042,Sylhet road crash kills man,2018-04-30 11:44:16,https://en.prothomalo.com/bangladesh/Sylhet-road-crash-kills-man,sylhet-jakiganj road at fulbari union,Gopalganj,1,3,"Bus, Auto-Rickshaw",head-on collision,Bangladesh,event,road accident,2018-04-30,11:44:16,Apr,4,Heavy rain,11,Apr,head-on collision
4043,‘No more contractual bus service in capital’,2018-08-08 22:59:57,https://en.prothomalo.com/bangladesh/‘No-more-contractual-basis-bus-service-in-capital’,dhaka,Dhaka,0,0,Bus,"contractual basis, rash driving",Bangladesh,event,road accident,2018-08-08,22:59:57,Aug,8,Dense rain,22,Aug,contractual basis rash driving
4045,4 killed in road accidents in several districts,2014-10-18 23:56:46,https://en.prothomalo.com/bangladesh/4-killed-in-road-accidents-in-4-dists,"chittagong, pabna, laxmipur and panchagarh districts",Panchagarh,4,11,,,Bangladesh,event,road accident,2014-10-18,23:56:46,Oct,10,,23,Oct,
4047,Satkhira road crash kills 6,2018-03-21 13:21:19,https://en.prothomalo.com/bangladesh/Satkhira-road-crash-kills-6,tala upazila of satkhira,Satkhira,6,0,"Bus, Pickup Van",collision,Bangladesh,event,road accident,2018-03-21,13:21:19,Mar,3,Precipitation within sight,13,Mar,collision
4050,University of Asia Pacific students attacked at Farmgate,2018-08-06 13:59:16,https://en.prothomalo.com/bangladesh/Asia-Pacific-University-students-attacked-at,farmgate intersection,Dhaka,0,0,,attack on students,Bangladesh,event,road accident,2018-08-06,13:59:16,Aug,8,Light rain,13,Aug,attack on students
4052,One killed in Dhaka road accident,2014-10-17 12:39:57,https://en.prothomalo.com/bangladesh/One-killed-in-Dhaka-road-accident,badda,Dhaka,1,0,Bus,fell from a moving bus,Bangladesh,event,road accident,2014-10-17,12:39:57,Oct,10,"Snow, heavy",12,Oct,fell from a moving bus
4056,"Student killed in Gazipur road crash, van torched",2018-08-04 17:29:35,https://en.prothomalo.com/bangladesh/Student-killed-in-Gazipur-road-crash-van-torched,barabari,Dhaka,1,0,Covered Van,hit by a covered van,Bangladesh,event,road accident,2018-08-04,17:29:35,Aug,8,Moderate rain,17,Aug,hit by a covered van
4057,"Police, youths attack protesting students",2018-08-04 13:16:57,https://en.prothomalo.com/bangladesh/Police-youths-attack-protesting-students,mirpur-14,Dhaka,0,0,,,Bangladesh,event,road accident,2018-08-04,13:16:57,Aug,8,Moderate rain,13,Aug,
4058,Jabal-e-Noor Paribahan owner detained,2018-08-04 13:04:41,https://en.prothomalo.com/bangladesh/Jabal-e-Noor-Paribahan-owner-detained,airport road in front of kurmitola general hospital,Dhaka,2,0,Bus,ploughed through students,Bangladesh,event,road accident,2018-08-04,13:04:41,Aug,8,Moderate rain,13,Aug,ploughed through students
4060,Road accident kills 4 in Munshiganj,2014-10-22 14:25:50,https://en.prothomalo.com/bangladesh/Road-accident-kills-4-in-Munshiganj,dhaka-chittagong highway,Munshiganj,4,2,,,Bangladesh,event,road accident,2014-10-22,14:25:50,Oct,10,Clear sky,14,Oct,
4061,Reckless speeding responsible for 91% road accidents,2014-10-22 11:37:46,https://en.prothomalo.com/bangladesh/Reckless-speeding-responsible-for-91%-road,dhaka city highway,Dhaka,0,0,"Pedestrians, Cars","reckless speeding, head-on collisions, pedestrians being run over",Bangladesh,event,road accident,2014-10-22,11:37:46,Oct,10,Clear sky,11,Oct,reckless speeding headon collisions pedestrians being run over
4062,Road crashes claim 5 lives,2018-06-08 14:59:58,https://en.prothomalo.com/bangladesh/Road-crashes-claim-5-lives,bakolia and ak khan areas,Chattogram,5,0,,,Bangladesh,event,road accident,2018-06-08,14:59:58,Jun,6,Light rain,14,Jun,
4063,Road crash kills 1,2018-03-24 14:18:52,https://en.prothomalo.com/bangladesh/Road-crash-kills-1,domar-dimla road at tinbat village,Nilphamari,1,0,"Truck, Human Hauler",truck hit his vehicle,Bangladesh,event,road accident,2018-03-24,14:18:52,Mar,3,Mainly clear,14,Mar,truck hit his vehicle
4064,Road crash kills 1,2018-03-24 14:18:52,https://en.prothomalo.com/bangladesh/Road-crash-kills-1-2,domar-dimla road at tinbat village,Nilphamari,1,0,"Truck, Human Hauler",truck hit his vehicle,Bangladesh,event,road accident,2018-03-24,14:18:52,Mar,3,Mainly clear,14,Mar,truck hit his vehicle
4066,Bridge collapse kills minor among 2,2018-06-06 10:57:57,https://en.prothomalo.com/bangladesh/Bridge-collapse-kills-minor-among-2,paikura village,Netrakona,2,0,,under-construction bridge collapsed,Bangladesh,event,road accident,2018-06-06,10:57:57,Jun,6,,10,Jun,underconstruction bridge collapsed
4067,Moulvibazar road crash kills six,2018-07-07 22:50:19,https://en.prothomalo.com/bangladesh/Moulvibazar-road-crash-kills-six,moulvibazar-sylhet highway in nadampur,Moulvibazar,6,3,Car And Auto-Rickshaw,head-on collision,Bangladesh,event,road accident,2018-07-07,22:50:19,Jul,7,,22,Jul,head-on collision
4070,Wall collapse kills construction worker,2018-05-03 09:55:01,https://en.prothomalo.com/bangladesh/Wall-collapse-kills-construction-worker,uttar jalirpar,Gopalganj,1,0,Construction,wall collapse,Bangladesh,event,road accident,2018-05-03,09:55:01,May,5,Moderate rain,9,May,wall collapse
4072,Road crash kills 1,2018-04-20 14:00:16,https://en.prothomalo.com/bangladesh/Road-crash-kills-1,ranihati,Nawabganj,1,0,"Truck, Motorcycle",truck hit a motorbike,Bangladesh,event,road accident,2018-04-20,14:00:16,Apr,4,Light rain,14,Apr,truck hit motorcycle accident
4073,Road crash kills 1,2018-04-20 14:00:16,https://en.prothomalo.com/bangladesh/Road-crash-kills-1-2,ranihati,Nawabganj,1,0,"Truck, Motorcycle",truck hit a motorbike,Bangladesh,event,road accident,2018-04-20,14:00:16,Apr,4,Light rain,14,Apr,truck hit motorcycle accident
4074,"Vehicles torched, vandalised as 2 killed in city road crash",2019-01-01 20:12:50,https://en.prothomalo.com/bangladesh/2-girls-killed-in-city-road-crash,malibagh chowdhurypara area,Dhaka,2,0,"Bus, Around 35-40 Vehicles",protest following the death of two female rmg workers,Bangladesh,event,road accident,2019-01-01,20:12:50,Jan,1,Clear sky,20,Jan,protest following the death of two female rmg workers
4076,Cop among 2 killed in road crash,2018-06-13 13:27:47,https://en.prothomalo.com/bangladesh/Cop-among-2-killed-in-road-crash,shikarikanada bypass area on dhaka-mymensingh highway,Mymensingh,2,0,Truck,truck ran over pedestrians,Bangladesh,event,road accident,2018-06-13,13:27:47,Jun,6,Heavy rain,13,Jun,truck ran over pedestrians
4080,College student killed in road crash,2018-05-31 16:56:28,https://en.prothomalo.com/bangladesh/College-student-killed-in-road-crash-5,chattogram-khagrachhari highway in farhadabad of hathazari upazila,Chattogram,1,2,"Truck, Motorcycle",truck rammed a motorcycle,Bangladesh,event,road accident,2018-05-31,16:56:28,May,5,Light rain,16,May,truck rammed a motorcycle
4081,College student killed in road crash,2018-05-31 16:56:28,https://en.prothomalo.com/bangladesh/College-student-killed-in-road-crash-4,chattogram-khagrachhari highway in farhadabad of hathazari upazila,Chattogram,1,2,"Truck, Motorcycle",truck rammed a motorcycle,Bangladesh,event,road accident,2018-05-31,16:56:28,May,5,Light rain,16,May,truck rammed a motorcycle
4082,College student killed in road crash,2018-05-31 16:56:28,https://en.prothomalo.com/bangladesh/College-student-killed-in-road-crash-3,chattogram-khagrachhari highway in farhadabad of hathazari upazila,Chattogram,1,2,"Truck, Motorcycle",truck rammed a motorcycle,Bangladesh,event,road accident,2018-05-31,16:56:28,May,5,Light rain,16,May,truck rammed a motorcycle
4083,College student killed in road crash,2018-05-31 16:56:28,https://en.prothomalo.com/bangladesh/College-student-killed-in-road-crash-2,chattogram-khagrachhari highway in farhadabad of hathazari upazila,Chattogram,1,2,"Truck, Motorcycle",truck rammed a motorcycle,Bangladesh,event,road accident,2018-05-31,16:56:28,May,5,Light rain,16,May,truck rammed a motorcycle
4084,College student killed in road crash,2018-05-31 16:56:28,https://en.prothomalo.com/bangladesh/College-student-killed-in-road-crash,chattogram-khagrachhari highway in farhadabad of hathazari upazila,Chattogram,1,2,"Truck, Motorcycle",truck rammed a motorcycle,Bangladesh,event,road accident,2018-05-31,16:56:28,May,5,Light rain,16,May,truck rammed a motorcycle
4087,9 killed in Nilphamari road crash,2018-06-21 09:31:49,https://en.prothomalo.com/bangladesh/9-killed-in-Nilphamari-road-crash,syedpur bypass area,Nilphamari,9,20,"Bus, Pick-Up Van",bus hit a pick-up van,Bangladesh,event,road accident,2018-06-21,09:31:49,Jun,6,Light rain,9,Jun,bus hit a pickup van
4088,Schoolboy who lost limb in road crash dies,2018-05-06 15:33:12,,bypass bridge,Naogaon,1,0,"Motorcycle, Human Hauler",collision between human hauler and motorcycle,Bangladesh,event,road accident,2018-05-06,15:33:12,May,5,Dense rain,15,May,collision between human hauler and motorcycle
4093,Man killed in city road crash,2018-05-17 16:39:06,https://en.prothomalo.com/bangladesh/Man-killed-in-city-road-accident,mayor hanif flyover in jatrabari area,Dhaka,1,0,"Bus, Motorcycle",bus overtaking another bus and hitting the motorcycle,Bangladesh,event,road accident,2018-05-17,16:39:06,May,5,Moderate rain,16,May,bus overtaking another bus and hitting the motorcycle
4094,Man killed in city road crash,2018-05-17 16:39:06,https://en.prothomalo.com/bangladesh/Man-killed-in-city-road-crash-7,mayor hanif flyover in jatrabari area,Dhaka,1,0,"Bus, Motorcycle",bus overtaking another bus,Bangladesh,event,road accident,2018-05-17,16:39:06,May,5,Moderate rain,16,May,bus overtaking another bus
4095,Man killed in city road crash,2018-05-17 16:39:06,https://en.prothomalo.com/bangladesh/Man-killed-in-city-road-crash-9,mayor hanif flyover in jatrabari area,Dhaka,1,0,"Bus, Motorcycle",the bus was overtaking another bus and hit the motorcycle,Bangladesh,event,road accident,2018-05-17,16:39:06,May,5,Moderate rain,16,May,the bus was overtaking another bus and hit the motorcycle
4097,Man killed in city road crash,2018-05-17 16:39:06,https://en.prothomalo.com/bangladesh/Man-killed-in-city-road-crash-3,mayor hanif flyover in jatrabari area,Dhaka,1,0,"Bus, Motorcycle",bus overtaking another bus,Bangladesh,event,road accident,2018-05-17,16:39:06,May,5,Moderate rain,16,May,bus overtaking another bus
4098,Man killed in city road crash,2018-05-17 16:39:06,https://en.prothomalo.com/bangladesh/Man-killed-in-city-road-crash,mayor hanif flyover in jatrabari area,Dhaka,1,0,"Bus, Motorcycle","bus overtaking another bus, hitting motorcycle",Bangladesh,event,road accident,2018-05-17,16:39:06,May,5,Moderate rain,16,May,bus overtaking another bus hitting motorcycle
4099,2 killed in Mirzapur road accident,2014-10-07 12:17:57,,dhaka-tangail highway at gorai of mirzapur upazila,Tangail,2,4,,,Bangladesh,event,road accident,2014-10-07,12:17:57,Oct,10,Moderate rain,12,Oct,
4100,Bus driver dies in city road crash,2018-04-23 13:54:53,https://en.prothomalo.com/bangladesh/Bus-driver-dies-in-city-road-crash-2,paltan intersection,Dhaka,1,8,Bus,head-on collision,Bangladesh,event,road accident,2018-04-23,13:54:53,Apr,4,Light rain,13,Apr,head-on collision
4101,Rajshahi road crash kills HSC examinee,2018-04-23 13:54:12,https://en.prothomalo.com/bangladesh/Rajshahi-road-crash-kills-HSC-examinee,damkura,Rajshahi,1,0,"Truck, Motorcycle","speeding motorcycle hit pedestrian, then truck ran pedestrian over",Bangladesh,event,road accident,2018-04-23,13:54:12,Apr,4,,13,Apr,speeding motorcycle hit pedestrian then truck ran pedestrian over
4104,4 students hurt in school wall collapse,2018-04-22 17:57:13,https://en.prothomalo.com/bangladesh/4-students-hurt-in-school-wall-collapse,shibrampur,Pabna,0,4,Not Applicable,under-construction wall collapse,Bangladesh,event,road accident,2018-04-22,17:57:13,Apr,4,Heavy rain,17,Apr,underconstruction wall collapse
4106,Bus driver arrested for Natore road crash,2018-08-28 20:55:53,https://en.prothomalo.com/bangladesh/Bus-driver-arrested-for-Natore-road-crash,lalpur upazila,Natore,15,0,Bus,driver of 'challenger paribahan' bus was responsible,Bangladesh,event,road accident,2018-08-28,20:55:53,Aug,8,Moderate rain,20,Aug,driver of challenger paribahan bus was responsible
4107,Road crash claims 3 lives,2018-06-17 13:56:55,https://en.prothomalo.com/bangladesh/Road-crash-claims-3-lives-3,laksam-sonaimuri road in rampur,Noakhali,3,1,Bus And A Cng-Run Auto-Rickshaw,head-on collision,Bangladesh,event,road accident,2018-06-17,13:56:55,Jun,6,Moderate rain,13,Jun,head-on collision
4108,Road crash claims 3 lives,2018-06-17 13:56:55,https://en.prothomalo.com/bangladesh/Road-crash-claims-3-lives-2,laksam-sonaimuri road in rampur,Noakhali,3,1,"Bus, Auto-Rickshaw",head-on collision,Bangladesh,event,road accident,2018-06-17,13:56:55,Jun,6,Moderate rain,13,Jun,head-on collision
4109,Road crash claims 3 lives,2018-06-17 13:56:55,https://en.prothomalo.com/bangladesh/Road-crash-claims-3-lives,laksam-sonaimuri road in rampur,Noakhali,3,1,"Bus, Auto-Rickshaw",head-on collision,Bangladesh,event,road accident,2018-06-17,13:56:55,Jun,6,Moderate rain,13,Jun,head-on collision
4114,SUST indigenous students demonstrate for safe road,2018-08-05 19:46:02,https://en.prothomalo.com/bangladesh/SUST-indigenous-students-demonstrate-for-safe-road,chittagong hill tracts,,0,0,,,Bangladesh,event,road accident,2018-08-05,19:46:02,Aug,8,,19,Aug,
4117,Civil society demands safe road,2018-08-04 13:38:01,https://en.prothomalo.com/bangladesh/Civil-society-demands-safe-road,airport road area,Dhaka,2,0,,,Bangladesh,event,road accident,2018-08-04,13:38:01,Aug,8,Moderate rain,13,Aug,
4118,2 killed in Sirajganj traffic accident,2014-10-03 14:40:08,https://en.prothomalo.com/bangladesh/2-killed-in-Sirajganj-traffic-accident-2,mulibari area,Sirajganj,2,1,"Bus, Motorcycle",bus hit them,Bangladesh,event,road accident,2014-10-03,14:40:08,Oct,10,Moderate rain,14,Oct,bus hit them
4120,Road crash kills 2 on way to attend wedding party,2018-06-01 12:44:35,https://en.prothomalo.com/bangladesh/Road-crash-kills-2-on-way-to-attend-wedding-party,lalmonirhat-burimari highway in kamarer haat,Lalmonirhat,2,5,Tractor And Auto-Rickshaw,tractor hit a cng-run auto-rickshaw,Bangladesh,event,road accident,2018-06-01,12:44:35,Jun,6,Moderate rain,12,Jun,tractor hit a cngrun autorickshaw
4123,Chattogram road crashes kill 2,2018-04-19 12:56:56,,mirsharai,Chattogram,2,0,,,Bangladesh,event,road accident,2018-04-19,12:56:56,Apr,4,Light rain,12,Apr,
4124,Khulna traffic accident kills 4,2014-10-10 17:18:04,,khulna-jessore highway,Khulna,4,0,Brtc Bus And Battery-Run Auto-Rickshaw,collision,Bangladesh,event,road accident,2014-10-10,17:18:04,Oct,10,Light rain,17,Oct,collision
4125,Foreigner among 3 die in city road accidents,2014-10-09 13:54:58,,"uttara, khilkhet and asad gate",Dhaka,3,0,,,Bangladesh,event,road accident,2014-10-09,13:54:58,Oct,10,Mainly clear,13,Oct,
4126,Reckless buses at Mahakhali,2018-06-20 21:28:31,https://en.prothomalo.com/bangladesh/Reckless-buses-at-Mahakhali,dhaka,Dhaka,0,0,Bus,"reckless driving, violating traffic rules, dangerous overtaking, indiscriminate passenger drop-off, illegal u-turns",Bangladesh,event,road accident,2018-06-20,21:28:31,Jun,6,Light rain,21,Jun,reckless driving violating traffic rules dangerous overtaking indiscriminate passenger dropoff illegal uturns
4130,Road crashes kill 4 in Chattogram,2018-05-25 19:50:18,https://en.prothomalo.com/bangladesh/Road-crashes-kill-4-in-Chattogram,dhaka-chattogram highway,Chattogram,4,0,,,Bangladesh,event,road accident,2018-05-25,19:50:18,May,5,Moderate rain,19,May,
4133,"Mother, daughter among 3 killed in Mymensingh road crash",2018-04-11 10:14:54,https://en.prothomalo.com/bangladesh/Mother-daughter-among-3-killed-in-Mymensingh-road,madhupur village on mymensingh-haluaghat road,Mymensingh,3,10,Bus And Lorry,head-on collision,Bangladesh,event,road accident,2018-04-11,10:14:54,Apr,4,Heavy rain,10,Apr,head-on collision
4134,2 labourers die from electrocution,2018-05-03 10:46:34,https://en.prothomalo.com/bangladesh/2-labourers-die-from-electrocution,ahmedpur,Habiganj,2,0,,electrocution,Bangladesh,event,road accident,2018-05-03,10:46:34,May,5,Moderate rain,10,May,electrocution
4139,Bus-human hauler collision kills 3,2018-05-13 16:15:25,https://en.prothomalo.com/bangladesh/Bus-human-hauler-collision-kills-3-in-city,golan chatbari area of mirpur embankment,Dhaka,3,6,Passenger Bus And Human Hauler,collision,Bangladesh,event,road accident,2018-05-13,16:15:25,May,5,Light rain,16,May,collision
4140,Chittagong road crash kills 3,2018-03-27 10:58:56,https://en.prothomalo.com/bangladesh/Chittagong-road-crash-kills-3,baluchora area,Chattogram,3,2,Truck And Cng-Run Auto-Rickshaw,head-on collision,Bangladesh,event,road accident,2018-03-27,10:58:56,Mar,3,Light rain,10,Mar,head-on collision
4142,Youth killed in Kalyanpur road crash,2018-02-28 16:20:05,https://en.prothomalo.com/bangladesh/Youth-killed-in-Kalyanpur-road-crash,kalyanpur area,Dhaka,1,0,,,Bangladesh,event,road accident,2018-02-28,16:20:05,Feb,2,Partly cloudy,16,Feb,
4143,Rangpur road crash kills 2,2018-03-11 14:28:51,https://en.prothomalo.com/bangladesh/Rangpur-road-crash-kills-2-4,damdama area,Rangpur,2,10,"Bus, Truck",collision,Bangladesh,event,road accident,2018-03-11,14:28:51,Mar,3,Mainly clear,14,Mar,collision
4144,Rangpur road crash kills 2,2018-03-11 14:28:51,https://en.prothomalo.com/bangladesh/Rangpur-road-crash-kills-2-3,damdama area,Rangpur,2,10,"Bus, Truck",collision,Bangladesh,event,road accident,2018-03-11,14:28:51,Mar,3,Mainly clear,14,Mar,collision
4145,Rangpur road crash kills 2,2018-03-11 14:28:51,https://en.prothomalo.com/bangladesh/Rangpur-road-crash-kills-2-2,damdama area of mithapukur upazila,Rangpur,2,10,"Bus, Truck",head on collision,Bangladesh,event,road accident,2018-03-11,14:28:51,Mar,3,Mainly clear,14,Mar,head-on collision
4154,Jabal-e-Noor bus owner on 7-day remand,2018-08-04 13:15:40,,airport road,Dhaka,2,0,Bus,,Bangladesh,event,road accident,2018-08-04,13:15:40,Aug,8,Moderate rain,13,Aug,
4155,BOU student killed in Dhaka traffic accident,2014-09-20 17:23:33,https://en.prothomalo.com/bangladesh/BOU-student-killed-in-Dhaka-traffic-accident,dhanmondi area,Dhaka,1,0,,,Bangladesh,event,road accident,2014-09-20,17:23:33,Sep,9,Heavy rain,17,Sep,
4157,Magura road crash kills school teacher,2018-03-05 14:51:08,https://en.prothomalo.com/bangladesh/Magura-road-crash-kills-school-teacher,ketapur,Magura,1,0,,,Bangladesh,event,road accident,2018-03-05,14:51:08,Mar,3,Partly cloudy,14,Mar,
4165,Panchagarh road crash toll rises to 10,2018-10-27 11:21:17,,"dashmile, panchagarh sadar upazila",Panchagarh,10,25,"Bus, Truck",truck collided head-on with a bus while giving passage to another stationary bus,Bangladesh,event,road accident,2018-10-27,11:21:17,Oct,10,,11,Oct,truck collided headon with a bus while giving passage to another stationary bus
4169,On-duty constable killed in road crash,2018-03-06 16:52:12,https://en.prothomalo.com/bangladesh/DMC-Correspondent,technical intersection near gabtali bus terminal,Dhaka,1,0,,,Bangladesh,event,road accident,2018-03-06,16:52:12,Mar,3,Light rain,16,Mar,
4173,5 killed in separate road crashes,2018-07-28 18:37:01,https://en.prothomalo.com/bangladesh/accident/5-killed-in-separate-road-crashes-3,sylhet and cumilla,Sylhet,5,0,,,Bangladesh,event,road accident,2018-07-28,18:37:01,Jul,7,Moderate rain,18,Jul,
4175,5 killed in separate road crashes,2018-07-28 18:37:01,https://en.prothomalo.com/bangladesh/5-killed-in-separate-road-crashes-2,sylhet and cumilla,Cumilla,5,-1,,,Bangladesh,event,road accident,2018-07-28,18:37:01,Jul,7,Moderate rain,18,Jul,
4177,Jessore road crash kills 3,2018-03-27 11:13:33,https://en.prothomalo.com/bangladesh/Jessore-road-crash-kills-3,harikhali,,3,7,"Truck, Human Hauler",,Bangladesh,event,road accident,2018-03-27,11:13:33,Mar,3,,11,Mar,
4178,Bus driver put on remand over Akifa’s death,2018-09-19 14:55:36,https://en.prothomalo.com/bangladesh/Bus-driver-put-on-remand-over-Akifa’s-death,kushtia district town,Kushtia,1,0,Bus,,Bangladesh,event,road accident,2018-09-19,14:55:36,Sep,9,Light rain,14,Sep,
4179,Bhola road crash kills 2,2018-03-15 11:57:47,https://en.prothomalo.com/bangladesh/Bhola-road-crash-kills-2,bhola,Bhola,2,2,"Truck, Human Hauler",truck rammed human hauler,Bangladesh,event,road accident,2018-03-15,11:57:47,Mar,3,Light rain,11,Mar,truck rammed human hauler
4180,3 youths killed in Brahmanbaria road crash,2018-05-19 14:03:53,https://en.prothomalo.com/bangladesh/3-youths-killed-in-Brahmanbaria-road-crash,malihata area in sarail upazila,Brahmanbaria,3,0,"Bus, Auto Rickshaw",bus ramming auto rickshaw,Bangladesh,event,road accident,2018-05-19,14:03:53,May,5,Light rain,14,May,bus ramming auto rickshaw
4184,Nilphamari road crash kills 2,2018-04-05 09:37:07,https://en.prothomalo.com/bangladesh/Nilphamari-road-crash-kills-2,syedpur road in fultala area of nilphamari sadar upazila,Nilphamari,2,0,Two Vehicles,head-on collision,Bangladesh,event,road accident,2018-04-05,09:37:07,Apr,4,Moderate rain,9,Apr,head-on collision
4189,Elephant attack kills teenager,2018-05-05 09:53:30,https://en.prothomalo.com/bangladesh/Elephant-attack-kills-teenager,uttar shilkhali village,Cox's Bazar,1,2,Elephant,elephant attack,Bangladesh,event,road accident,2018-05-05,09:53:30,May,5,Light rain,9,May,elephant attack
4190,Chandina road crash kills 2 women,2018-06-15 00:12:14,https://en.prothomalo.com/bangladesh/Chandina-road-crash-kills-2-women-2,chandina upazila,Dhaka,2,0,"Pick-Up Van, Auto-Rickshaw",collision between vehicles,Bangladesh,event,road accident,2018-06-15,00:12:14,Jun,6,Moderate rain,0,Jun,collision between vehicles
4191,Chandina road crash kills 2 women,2018-06-15 00:12:14,https://en.prothomalo.com/bangladesh/Chandina-road-crash-kills-2-women,chandina upazila,Cumilla,2,0,"Pick-Up Van, Auto-Rickshaw",hit,Bangladesh,event,road accident,2018-06-15,00:12:14,Jun,6,Moderate rain,0,Jun,hit
4193,7 RAB men injured in traffic accident,2014-09-21 15:01:07,https://en.prothomalo.com/bangladesh/7-RAB-men-injured-in-traffic-accident,mohonpur upazila,Rajshahi,0,17,,,Bangladesh,event,road accident,2014-09-21,15:01:07,Sep,9,,15,Sep,
4195,3 killed in Sylhet road crashes,2018-08-08 16:25:16,,hetimganj,Sylhet,2,2,"Truck, Auto-Rickshaw",head-on collision,Bangladesh,event,road accident,2018-08-08,16:25:16,Aug,8,Moderate rain,16,Aug,head-on collision
4196,3 of a family killed in road crash,2018-05-23 20:30:36,https://en.prothomalo.com/bangladesh/3-of-a-family-killed-in-road-crash-2,dhaka-khulna highway at majhigati in kashiani upazila,Gopalganj,3,2,"Truck, Human Hauler",collision,Bangladesh,event,road accident,2018-05-23,20:30:36,May,5,Moderate rain,20,May,collision
4197,3 of a family killed in road crash,2018-05-23 20:30:36,https://en.prothomalo.com/bangladesh/3-of-a-family-killed-in-road-crash,dhaka-khulna highway at majhigati in kashiani upazila,Gopalganj,3,2,"Truck, Human Hauler",collision between truck and human hauler,Bangladesh,event,road accident,2018-05-23,20:30:36,May,5,Moderate rain,20,May,collision between truck and human hauler
4200,Road crash claims 5 lives,2018-05-23 13:51:16,,partekur on bogura-natore road,Natore,5,7,"Truck, Human Hauler",truck hit a human hauler,Bangladesh,event,road accident,2018-05-23,13:51:16,May,5,Moderate rain,13,May,truck hit a human hauler
4201,"Oil tanker overturns spilling 9,000 litres petroleum on road",2018-03-05 17:40:19,,dhaka international airport intersection,Dhaka,0,0,Truck (Tanker),overturned,Bangladesh,event,road accident,2018-03-05,17:40:19,Mar,3,Dense rain,17,Mar,overturned
4206,Prothom Alo journalist harassed,2018-08-07 09:00:29,https://en.prothomalo.com/bangladesh/Prothom-Alo-journalist-harassed,"rampura area, east west university",Dhaka,0,0,,violence between law enforcement and students,Bangladesh,event,road accident,2018-08-07,09:00:29,Aug,8,Moderate rain,9,Aug,violence between law enforcement and students
4207,30 injured in Tangail bus plunge,2018-01-30 12:10:12,https://en.prothomalo.com/bangladesh/30-injured-in-Tangail-bus-plunge,madhupur upazila,Tangail,0,30,Bus,plunged into the river,Bangladesh,event,road accident,2018-01-30,12:10:12,Jan,1,Partly cloudy,12,Jan,plunged into the river
4208,University students block Shahbagh,2018-08-05 15:14:39,https://en.prothomalo.com/bangladesh/University-students-block-Shahbagh,jhigatola,Dhaka,0,0,,road safety protests escalated into attacks,Bangladesh,event,road accident,2018-08-05,15:14:39,Aug,8,Moderate rain,15,Aug,road safety protests escalated into attacks
4210,"4 killed in Sitakunda, Pabna road accidents",2014-09-18 15:31:43,https://en.prothomalo.com/bangladesh/4-killed-in-Sitakunda-Pabna-road-accident,sitakunda and pabna sadar upazila,Chattogram,4,0,,,Bangladesh,event,road accident,2014-09-18,15:31:43,Sep,9,Light rain,15,Sep,
4211,JU students protest against attacks on students,2018-08-05 10:44:21,https://en.prothomalo.com/youth/JU-students-protest-against-attacks-on-students,jahangirnagar university,Dhaka,0,0,,protest against attack on students demonstrating for safe roads,Bangladesh,event,road accident,2018-08-05,10:44:21,Aug,8,Moderate rain,10,Aug,protest against attack on students demonstrating for safe roads
4212,2 women killed in Shahbagh traffic accident,2014-09-18 09:15:44,,shahbagh,Dhaka,2,3,"Bus, Cng-Run Auto-Rickshaw",collision,Bangladesh,event,road accident,2014-09-18,09:15:44,Sep,9,Moderate rain,9,Sep,collision
4215,DMP to observe Traffic Week from Sunday,2018-08-04 18:33:17,https://en.prothomalo.com/bangladesh/DMP-to-observe-Traffic-Week-from-Sunday,dhaka,Dhaka,0,0,,,Bangladesh,event,road accident,2018-08-04,18:33:17,Aug,8,Moderate rain,18,Aug,
4217,Road crash claims 3 lives,2018-05-06 15:27:39,https://en.prothomalo.com/bangladesh/Road-crash-claims-3-lives-3,shahpur area of kasba upazila,Brahmanbaria,3,0,Motorcycle,road accident,Bangladesh,event,road accident,2018-05-06,15:27:39,May,5,Moderate rain,15,May,road accident
4218,Road crash claims 3 lives,2018-05-06 15:27:39,https://en.prothomalo.com/bangladesh/Road-crash-claims-3-lives-2,shahpur area,Brahmanbaria,3,0,Motorcycle,,Bangladesh,event,road accident,2018-05-06,15:27:39,May,5,Moderate rain,15,May,
4219,Road crash claims 3 lives,2018-05-06 15:27:39,https://en.prothomalo.com/bangladesh/Road-crash-claims-3-lives,shahpur area,Brahmanbaria,3,0,Motorcycle,,Bangladesh,event,road accident,2018-05-06,15:27:39,May,5,Moderate rain,15,May,
4221,Students take to the streets for 6th day,2018-08-04 13:38:48,https://en.prothomalo.com/bangladesh/Students-take-to-the-streets-for-6th-day,dhaka,Dhaka,2,0,,road accident,Bangladesh,event,road accident,2018-08-04,13:38:48,Aug,8,Moderate rain,13,Aug,road accident
4222,2 hurt in Malibagh traffic accident,2014-09-07 13:01:23,https://en.prothomalo.com/bangladesh/2-hurt-in-Malibagh-traffic-accident,chowdhurypara area of malibagh,Dhaka,0,2,,,Bangladesh,event,road accident,2014-09-07,13:01:23,Sep,9,Light rain,13,Sep,
4223,Narayanganj road crash kills 8,2018-02-26 17:24:59,https://en.prothomalo.com/bangladesh/Narayanganj-road-crash-kills-nine,tribardi,Narayanganj,8,0,"Bus, Covered Van",head-on collision,Bangladesh,event,road accident,2018-02-26,17:24:59,Feb,2,Light rain,17,Feb,head-on collision
4226,Habiganj road crash kills 2,2018-03-21 13:03:27,https://en.prothomalo.com/bangladesh/Habiganj-road-crash-kills-2-2,dhaka-sylhet highway at daulatpur,Dhaka,2,0,"Bus, Cng-Run Auto-Rickshaw",bus rammed a cng-run auto-rickshaw,Bangladesh,event,road accident,2018-03-21,13:03:27,Mar,3,Mist,13,Mar,bus rammed a cngrun autorickshaw
4229,6 indicted over death of 2 students,2018-09-06 17:55:02,,airport road,Dhaka,2,0,,,Bangladesh,event,road accident,2018-09-06,17:55:02,Sep,9,Light rain,17,Sep,
4230,Ctg road crash kills 2,2018-02-12 09:47:56,https://en.prothomalo.com/bangladesh/Ctg-road-crash-kills-2-2,chittagong-cox's bazar road of patia,Chattogram,2,3,"Truck, Auto Rickshaw",truck hit auto rickshaw from behind,Bangladesh,event,road accident,2018-02-12,09:47:56,Feb,2,Partly cloudy,9,Feb,truck hit auto rickshaw from behind
4231,Ctg road crash kills 2,2018-02-12 09:47:56,https://en.prothomalo.com/bangladesh/Ctg-road-crash-kills-2-3,chittagong-cox's bazar road of patia,Chattogram,2,3,"Truck, Auto Rickshaw",truck hit auto rickshaw from behind,Bangladesh,event,road accident,2018-02-12,09:47:56,Feb,2,Partly cloudy,9,Feb,truck hit auto rickshaw from behind
4239,Gopalganj road crash kills 2,2018-04-08 13:21:17,https://en.prothomalo.com/bangladesh/Gopalganj-road-crash-kills-2,sadar upazila,Gopalganj,2,20,Bus,fell into a roadside ditch,Bangladesh,event,road accident,2018-04-08,13:21:17,Apr,4,Partly cloudy,13,Apr,fell into a roadside ditch
4242,Road crashes kill 5,2018-06-17 17:58:22,https://en.prothomalo.com/bangladesh/Road-crashes-kill-4,noakhali and thakurgaon districts,Thakurgaon,5,0,,,Bangladesh,event,road accident,2018-06-17,17:58:22,Jun,6,Moderate rain,17,Jun,
4244,Youth loses arm in Rajshahi road crash,2018-05-28 17:38:32,https://en.prothomalo.com/bangladesh/Youth-loses-right-arm-in-Rajshahi-road-crash,rajshahi's putia upazila,Rajshahi,0,1,"Bus, Truck","truck rammed into the bus, severing the victim's arm",Bangladesh,event,road accident,2018-05-28,17:38:32,May,5,,17,May,truck rammed into the bus severing the victims arm
4245,Road crashes claim 6 lives,2018-04-16 12:22:06,https://en.prothomalo.com/bangladesh/Road-crashes-claim-6-lives,porsha and potnitala upazilas,Naogaon,6,0,,,Bangladesh,event,road accident,2018-04-16,12:22:06,Apr,4,Light rain,12,Apr,
4248,5 missing in boat capsize,2018-03-24 11:26:21,,shitalakkhya river,,5,0,"Boat, Cargo Vessel",hit by a cargo vessel,Bangladesh,event,road accident,2018-03-24,11:26:21,Mar,3,,11,Mar,hit by a cargo vessel
4253,App-based ride sharing services getting popular,2019-05-08 13:56:33,https://en.prothomalo.com/bangladesh/App-based-ride-sharing-services-getting-popular,dhaka,Dhaka,0,0,"Motorbikes, Cars",lack of formal legal recognition and policy implementation,Bangladesh,event,road accident,2019-05-08,13:56:33,May,5,Partly cloudy,13,May,lack of formal legal recognition and policy implementation
4259,2 killed in Gaibandha road crash,2018-01-26 12:06:02,,jundoho bazar,Gaibandha,2,0,"Truck, Motorcycle",truck knocked down motorcycle,Bangladesh,event,road accident,2018-01-26,12:06:02,Jan,1,Clear sky,12,Jan,truck knocked down motorcycle
4261,Minor girl killed in Jashore road crash,2018-04-22 17:51:48,https://en.prothomalo.com/bangladesh/Minor-girl-killed-in-Jashore-road-crash,hogladanga village on manirampur-noapara road,Jashore,1,0,Motorcycle,motorcycle hitting a girl,Bangladesh,event,road accident,2018-04-22,17:51:48,Apr,4,Moderate rain,17,Apr,motorcycle hitting a girl
4265,SC stays order on compensation to Rajib’s family,2018-05-22 12:03:57,https://en.prothomalo.com/bangladesh/SC-stays-order-on-compensation-to-Rajib’s-family,dhaka,Dhaka,1,0,Bus,,Bangladesh,event,road accident,2018-05-22,12:03:57,May,5,Heavy rain,12,May,
4267,Youth loses leg in road crash,2018-04-30 11:59:05,https://en.prothomalo.com/bangladesh/Yet-another-youth-loses-a-leg-in-Dhaka,jatrabari,Dhaka,0,1,Bus,speeding,Bangladesh,event,road accident,2018-04-30,11:59:05,Apr,4,Heavy rain,11,Apr,speeding
4268,3 killed as 2 motorbikes collide head-on,2018-04-30 11:55:17,https://en.prothomalo.com/bangladesh/3-killed-as-2-motorbikes-collide-head-on,dinajpur-gobindaganj highway at jaliapara in sadar upazila,Dinajpur,3,1,Motorcycles,head-on collision,Bangladesh,event,road accident,2018-04-30,11:55:17,Apr,4,Moderate rain,11,Apr,head-on collision
4269,'Ensure security to children',2018-08-04 13:37:04,https://en.prothomalo.com/bangladesh/Ensure-security-to-children,airport road,Dhaka,2,0,,reckless driving and lack of road safety measures,Bangladesh,event,road accident,2018-08-04,13:37:04,Aug,8,Moderate rain,13,Aug,reckless driving and lack of road safety measures
4271,"Natore road crash kills father, daughter",2017-12-28 21:12:46,,bypass road,Natore,2,0,"Bus, Motorcycle",bus rammed motorcycle,Bangladesh,event,road accident,2017-12-28,21:12:46,Dec,12,Clear sky,21,Dec,bus rammed motorcycle
4273,Ctg minor girl crushed under wardrobe,2018-03-04 16:50:51,,sanoara residential area,Chattogram,1,0,Falling Wardrobe/Almirah,crushed under falling wardrobe/almirah,Bangladesh,event,road accident,2018-03-04,16:50:51,Mar,3,Clear sky,16,Mar,crushed under falling wardrobealmirah
4278,Students block Airport Road protesting at 2 fellows’ death,2018-08-01 15:30:56,https://en.prothomalo.com/bangladesh/Students-block-Airport-Road-protesting-at-2,dhaka airport road,Dhaka,2,0,,road crash,Bangladesh,event,road accident,2018-08-01,15:30:56,Aug,8,Light rain,15,Aug,road accident
4279,"Bus runs over students waiting beside city road, 2 dead",2018-08-01 13:19:37,https://en.prothomalo.com/bangladesh/2-school-students-killed-as-city-bus-hit-a-dozen,"airport road, kurmitola",Dhaka,2,13,Bus,speedy bus ran over them,Bangladesh,event,road accident,2018-08-01,13:19:37,Aug,8,Light rain,13,Aug,speedy bus ran over them
4286,Human hauler ride takes 2 lives,2018-06-22 12:19:10,https://en.prothomalo.com/bangladesh/Human-hauler-ride-takes-2-lives,helipad area of charfassion upazila,Bhola,2,6,Human Hauler And A Trolley,collision,Bangladesh,event,road accident,2018-06-22,12:19:10,Jun,6,Moderate rain,12,Jun,collision
4287,Satkhira road crash kills 2,2018-02-04 11:46:35,https://en.prothomalo.com/bangladesh/Satkhira-road-crash-kills-2-2,satkhira-khulna road at chuknagar,Satkhira,2,0,"Bus, Motorcycle",bus crashed into their bike,Bangladesh,event,road accident,2018-02-04,11:46:35,Feb,2,Partly cloudy,11,Feb,bus crashed into their bike
4289,Univ student killed in Dhaka road accident,2014-08-22 22:25:45,https://en.prothomalo.com/bangladesh/Univ-student-killed-in-Dhaka-road-accident,begum rokeya sarani at taltola,Dhaka,1,0,,,Bangladesh,event,road accident,2014-08-22,22:25:45,Aug,8,Light rain,22,Aug,
4290,3 workers killed in Panchagarh roof collapse,2018-03-10 12:47:52,https://en.prothomalo.com/bangladesh/3-workers-killed-in-Panchagarh-roof-collapse,khanpukur area,Panchagarh,3,3,Refueling Station Roof,roof collapse,Bangladesh,event,road accident,2018-03-10,12:47:52,Mar,3,,12,Mar,roof collapse
4292,2 killed in traffic accidents,2014-08-22 15:32:07,https://en.prothomalo.com/bangladesh/2-killed-in-traffic-accident-in-Kalihati,eastern intersection approaching bangabandhu bridge,Tangail,2,3,,separate traffic accidents,Bangladesh,event,road accident,2014-08-22,15:32:07,Aug,8,Moderate rain,15,Aug,separate traffic accidents
4298,Gopalganj bus owners call off strike,2018-04-11 10:16:46,https://en.prothomalo.com/bangladesh/Gopalganj-bus-owners-call-off-strike,gopalganj,Gopalganj,0,0,Bus,strike,Bangladesh,event,road accident,2018-04-11,10:16:46,Apr,4,Moderate rain,10,Apr,strike
4300,Rajib's condition unstable,2018-04-11 10:03:33,https://en.prothomalo.com/bangladesh/Rajib-s-condition-unstable,karwan bazar,Dhaka,0,1,Bus,collision between two buses,Bangladesh,event,road accident,2018-04-11,10:03:33,Apr,4,Moderate rain,10,Apr,collision between two buses
4305,Road crash claims lives of 2 fish traders,2018-04-08 23:27:52,https://en.prothomalo.com/bangladesh/Road-crash-claims-lives-of-2-fish-traders,natore-bogura road at boiradighi,Bogra,2,2,"Cng-Run Auto-Rickshaw, Truck",truck hit auto-rickshaw,Bangladesh,event,road accident,2018-04-08,23:27:52,Apr,4,Moderate rain,23,Apr,truck hit autorickshaw
4309,2 killed in Panchagarh road crash,2018-02-24 16:33:04,https://en.prothomalo.com/bangladesh/2-killed-in-Panchagarh-road-crash-2,barister bazar area on panchagarh-tetulia highway,Panchagarh,2,0,"Truck, Motorcycle",truck crashed a motorcycle,Bangladesh,event,road accident,2018-02-24,16:33:04,Feb,2,,16,Feb,truck crashed a motorcycle
4310,2 killed in Panchagarh road crash,2018-02-24 16:33:04,https://en.prothomalo.com/bangladesh/2-killed-in-Panchagarh-road-crash,barister bazar area on panchagarh-tetulia highway,Panchagarh,2,0,"Truck, Motorcycle",truck crashed a motorcycle,Bangladesh,event,road accident,2018-02-24,16:33:04,Feb,2,,16,Feb,truck crashed a motorcycle
4311,Vessel capsized near Sundarbans yet to be salvaged,2018-04-17 22:32:52,https://en.prothomalo.com/business/Vessel-capsized-near-Sundarbans-yet-to-be-salvaged,pashur river,,0,0,Vessel,capsized,Bangladesh,event,road accident,2018-04-17,22:32:52,Apr,4,,22,Apr,unknown
4312,Collision of two trucks kills 1,2018-02-12 18:26:28,https://en.prothomalo.com/bangladesh/Collision-of-two-trucks-kills-1,chandipasha area of mymensingh-kishoreganj road,Mymensingh,1,4,Truck,road accident,Bangladesh,event,road accident,2018-02-12,18:26:28,Feb,2,Partly cloudy,18,Feb,road accident
4315,Woman killed while crossing capital road,2018-01-20 15:35:55,https://en.prothomalo.com/bangladesh/Woman-killed-while-crossing-capital-road,malibagh bazar,Dhaka,1,0,,,Bangladesh,event,road accident,2018-01-20,15:35:55,Jan,1,Clear sky,15,Jan,
4316,Shaheed Ramiz Uddin Cantonment College gets 5 buses,2018-08-04 13:47:11,https://en.prothomalo.com/bangladesh/Shaheed-Ramiz-Uddin-Cantonment-College-gets-5,shaheed ramiz uddin cantonment college,Dhaka,0,0,Bus,,Bangladesh,event,road accident,2018-08-04,13:47:11,Aug,8,Moderate rain,13,Aug,
4318,Gazipur road crash kills 3,2018-01-31 12:16:44,https://en.prothomalo.com/bangladesh/Gazipur-road-crash-kills-3-2,mc bazar on dhaka-mymensingh highway,Gazipur,3,2,Pick-Up Van,driver lost control over the steering,Bangladesh,event,road accident,2018-01-31,12:16:44,Jan,1,Partly cloudy,12,Jan,driver lost control over the steering
4319,Gazipur road crash kills 3,2018-01-31 12:16:44,https://en.prothomalo.com/bangladesh/Gazipur-road-crash-kills-3,mc bazar on dhaka-mymensingh highway,Gazipur,3,2,Pick-Up Van,driver lost control over the steering,Bangladesh,event,road accident,2018-01-31,12:16:44,Jan,1,Partly cloudy,12,Jan,driver lost control over the steering
4322,Cargo vessel sinks near Sundarbans,2018-04-15 17:46:36,https://en.prothomalo.com/bangladesh/Cargo-vessel-sinks-near-Sundarbans,pashur river in mongla upazila near sundarbans,Bagerhat,0,0,Cargo Vessel,capsized in the river after loading coal from mother vessel and stuck in a hidden shoal.,Bangladesh,event,road accident,2018-04-15,17:46:36,Apr,4,Moderate rain,17,Apr,capsized in the river after loading coal from mother vessel and stuck in a hidden shoal
4325,Pabna road crash kills 2,2018-01-19 16:05:48,https://en.prothomalo.com/bangladesh/Pabna-road-crash-kills-2,pabna-ishwardi highway in tentultola area,Pabna,2,5,"Auto Rickshaw, Bus",bus hit the auto rickshaw,Bangladesh,event,road accident,2018-01-19,16:05:48,Jan,1,Clear sky,16,Jan,bus hit the auto rickshaw
4327,Newlywed couple killed in road crash,2018-04-04 15:16:04,https://en.prothomalo.com/bangladesh/Newlywed-couple-killed-in-road-crash,digharkanda bypass intersection on dhaka-mymensingh highway,Mymensingh,2,3,"Private Car, Oil Tanker",private car crashed into a stationary oil tanker,Bangladesh,event,road accident,2018-04-04,15:16:04,Apr,4,Mainly clear,15,Apr,private car crashed into a stationary oil tanker
4329,Rajshahi road crash kills 2,2018-02-20 13:30:22,https://en.prothomalo.com/bangladesh/Rajshahi-road-crash-kills-2-2,rajshahi-chapainawabganj highway in kamarpara area of godagari upazila,Rajshahi,2,20,Bus,head-on collision,Bangladesh,event,road accident,2018-02-20,13:30:22,Feb,2,,13,Feb,head-on collision
4332,Schoolboy killed in Joypurhat brick kiln,2018-02-19 14:11:35,,brick kiln,Joypurhat,1,0,,mudslide,Bangladesh,event,road accident,2018-02-19,14:11:35,Feb,2,Clear sky,14,Feb,mudslide
4335,Woman’s leg crushed under city bus,2018-04-12 11:30:18,https://en.prothomalo.com/bangladesh/Woman’s-leg-crushed-under-city-bus,farmgate area,Dhaka,0,1,Bus,caught between a road divider and a bus,Bangladesh,event,road accident,2018-04-12,11:30:18,Apr,4,Moderate rain,11,Apr,caught between a road divider and a bus
4337,2 motorcyclists killed in Faridpur road crash,2018-03-12 12:52:18,https://en.prothomalo.com/bangladesh/2-motorcyclists-killed-in-Faridpur-road-crash,lohartek village,Faridpur,2,1,Motorcycle,hit a roadside tree,Bangladesh,event,road accident,2018-03-12,12:52:18,Mar,3,Light rain,12,Mar,hit a roadside tree
4340,Ctg road crash kills 2 motorcyclists,2018-01-27 13:59:32,,"kagojipara, patia upazila, chittagong-cox's bazar highway",Chattogram,2,0,"Bus, Motorcycle",bus knocked down motorcycle,Bangladesh,event,road accident,2018-01-27,13:59:32,Jan,1,Partly cloudy,13,Jan,bus knocked down motorcycle
4344,Comilla road crash kills minor,2018-02-03 11:34:56,https://en.prothomalo.com/bangladesh/Comilla-road-crash-kills-minor,comilla-noakhali road in natherpetua area,Cumilla,1,0,,crossing road,Bangladesh,event,road accident,2018-02-03,11:34:56,Feb,2,Mainly clear,11,Feb,crossing road
4347,College student goes missing in Padma river,2018-03-19 11:52:20,https://en.prothomalo.com/bangladesh/College-student-goes-missing-in-Padma-river,padma river,Rajshahi,0,0,,missing while returning,Bangladesh,event,road accident,2018-03-19,11:52:20,Mar,3,,11,Mar,missing while returning
4350,'66pc buildings in RAJUK areas unplanned',2019-03-30 19:40:47,https://en.prothomalo.com/bangladesh/66pc-buildings-in-RAJUK-areas-unplanned,dhaka,Dhaka,0,0,,unplanned construction,Bangladesh,event,road accident,2019-03-30,19:40:47,Mar,3,Light rain,19,Mar,unplanned construction
4352,Manikganj road crash injures 30,2017-12-27 16:43:49,https://en.prothomalo.com/bangladesh/Manikganj-road-crash-injures-30,second golra area on the dhaka-aricha highway in saturia upazila,Manikganj,0,30,Buses,head-on collision,Bangladesh,event,road accident,2017-12-27,16:43:49,Dec,12,Clear sky,16,Dec,head-on collision
4356,3 killed in Kishoreganj traffic accident,2014-08-21 15:25:16,https://en.prothomalo.com/bangladesh/3-killed-in-Kishoreganj-traffic-accident,pakundia upazila,Kishoreganj,3,7,Bus And Electric Auto-Rickshaw,head-on collision,Bangladesh,event,road accident,2014-08-21,15:25:16,Aug,8,Moderate rain,15,Aug,head-on collision
4359,Rajshahi bus collision kills 1,2018-02-11 17:15:34,https://en.prothomalo.com/bangladesh/Rajshahi-bus-collision-kills-1,dhaka-chapainawabganj highway,Rajshahi,1,1,Bus,,Bangladesh,event,road accident,2018-02-11,17:15:34,Feb,2,,17,Feb,
4360,Bus-bike collision kills 7 in Feni,2018-01-07 10:10:44,https://en.prothomalo.com/bangladesh/Bus-bike-collision-kills-seven-in-Feni,feni daganbhuiyan upazila,Feni,7,20,Bus And Motorbike,head-on collision,Bangladesh,event,road accident,2018-01-07,10:10:44,Jan,1,Clear sky,10,Jan,head-on collision
4362,Transformer blast burn 6 students in city,2018-02-10 16:12:50,https://en.prothomalo.com/bangladesh/Transformer-blast-burn-6-students-in-city,bangshal area,Dhaka,0,6,Transformer,transformer blasted,Bangladesh,event,road accident,2018-02-10,16:12:50,Feb,2,Partly cloudy,16,Feb,transformer blasted
4364,"Pickup van driver, helper killed in Habiganj road crash",2017-12-12 12:39:35,https://en.prothomalo.com/bangladesh/Pickup-van-driver-helper-killed-in-Habiganj-road,ratanpur area,Habiganj,2,0,"Pickup Van, Truck",collision,Bangladesh,event,road accident,2017-12-12,12:39:35,Dec,12,Light rain,12,Dec,collision
4365,Feni road crash kills 2,2018-02-24 16:38:38,https://en.prothomalo.com/bangladesh/Feni-road-crash-kills-2,dhaka-chittagong highway in chhnua area of feni sadar upazila,Feni,2,1,"Pick-Up Van, Covered Van",covered van hit a stationary pick-up van,Bangladesh,event,road accident,2018-02-24,16:38:38,Feb,2,Partly cloudy,16,Feb,covered van hit a stationary pickup van
4366,9 more protesting students walk out of jail,2018-08-25 12:18:59,https://en.prothomalo.com/bangladesh/9-more-protesting-students-walk-out-of-jail,dhaka central jail in keraniganj,Dhaka,0,0,,demonstrations in demand of safe roads,Bangladesh,event,road accident,2018-08-25,12:18:59,Aug,8,Dense rain,12,Aug,demonstrations in demand of safe roads
4367,Grameen Bank official killed in Pabna road crash,2018-01-20 13:12:42,https://en.prothomalo.com/bangladesh/Grameen-Bank-official-killed-in-Pabna-road-crash,pabna-dhaka highway in dakkhhin raghabpur area,Pabna,1,0,"Bus, Motorcycle",,Bangladesh,event,road accident,2018-01-20,13:12:42,Jan,1,Clear sky,13,Jan,
4369,Savar road crashes kill 4,2018-04-04 13:42:47,https://en.prothomalo.com/bangladesh/Savar-road-crashes-kill-4,dhaka-aricha highway in savar,Dhaka,4,1,"Motorcycle, Truck, Fire Service Vehicle",collision between motorcycle and truck/fire service vehicle,Bangladesh,event,road accident,2018-04-04,13:42:47,Apr,4,Duststorm or sandstorm,13,Apr,collision between motorcycle and truckfire service vehicle
4370,7-yr-old girl loses arm,2018-04-23 14:45:22,https://en.prothomalo.com/bangladesh/7-yr-old-girl-loses-arm,sherua battala,,0,1,Truck,truck hit the girl while she was crossing the road,Bangladesh,event,road accident,2018-04-23,14:45:22,Apr,4,,14,Apr,truck hit the girl while she was crossing the road
4372,"Furniture showroom, car gutted in Ctg fire",2018-02-19 14:13:08,,"ak khan gate area, chittagong city",Chattogram,0,0,Car,fire,Bangladesh,event,road accident,2018-02-19,14:13:08,Feb,2,Clear sky,14,Feb,fire
4374,2 devotees die at Moulvibazar ijtema,2018-01-27 13:36:28,,ijtema ground,Moulvibazar,2,0,,,Bangladesh,event,road accident,2018-01-27,13:36:28,Jan,1,,13,Jan,
4378,Sylhet landslide death toll rises to 3,2018-03-01 18:37:06,https://en.prothomalo.com/bangladesh/2-workers-killed-in-Sylhet-stone-quarry,sylhet,Sylhet,3,0,,landslide,Bangladesh,event,road accident,2018-03-01,18:37:06,Mar,3,rain not reaching ground,18,Mar,landslide
4383,4 killed in Sitakunda traffic accident,2014-08-08 12:36:53,https://en.prothomalo.com/bangladesh/3-killed-in-Sitakunda-traffic-accident,hatilota crossing on dhaka-chittagong highway,Chattogram,4,30,"Bus, Truck",head on collision,Bangladesh,event,road accident,2014-08-08,12:36:53,Aug,8,Moderate rain,12,Aug,head-on collision
4384,US road crash kills Bangladeshi woman,2018-02-17 13:11:50,https://en.prothomalo.com/bangladesh/US-road-crash-kills-Bangladeshi-woman,chicago,,1,0,Car,hit by a car while crossing a street,Bangladesh,event,road accident,2018-02-17,13:11:50,Feb,2,,13,Feb,hit by a car while crossing a street
4385,BRTC seeks stay on Rajib’s compensation order,2018-05-11 09:46:02,https://en.prothomalo.com/bangladesh/BRTC-seeks-stay-on-Rajib’s-compensation-order,,,1,0,,,Bangladesh,event,road accident,2018-05-11,09:46:02,May,5,,9,May,
4386,"Bus-covered van collision kills 5, injures 20 in Bogra",2018-01-01 18:08:47,https://en.prothomalo.com/bangladesh/Bus-covered-van-collision-kills-5-injures-20-in,"noymile, bogra-dhaka highway",Bogra,5,20,,,Bangladesh,event,road accident,2018-01-01,18:08:47,Jan,1,Partly cloudy,18,Jan,
4387,Satkhira road crash kills 1,2017-12-20 10:37:30,https://en.prothomalo.com/bangladesh/Satkhira-road-crash-kills-1-3,bhomra land port,Satkhira,1,4,,,Bangladesh,event,road accident,2017-12-20,10:37:30,Dec,12,Partly cloudy,10,Dec,
4388,Satkhira road crash kills 1,2017-12-20 10:37:30,https://en.prothomalo.com/bangladesh/Satkhira-road-crash-kills-1-2,bhomra land port,Satkhira,1,4,,,Bangladesh,event,road accident,2017-12-20,10:37:30,Dec,12,Partly cloudy,10,Dec,
4389,Satkhira road crash kills 1,2017-12-20 10:37:30,https://en.prothomalo.com/bangladesh/Satkhira-road-crash-kills-1,bhomra land port,Satkhira,1,4,,,Bangladesh,event,road accident,2017-12-20,10:37:30,Dec,12,Partly cloudy,10,Dec,
4390,2 SSC examinees killed in Rajshahi road crash,2018-02-05 13:16:42,https://en.prothomalo.com/bangladesh/2-SSC-examinees-killed-in-Rajshahi-road-crash,tarapur,Rajshahi,3,0,"Truck, Motorcycle",truck hit motorbike,Bangladesh,event,road accident,2018-02-05,13:16:42,Feb,2,,13,Feb,truck hit motorbike
4391,4 of a family burned in city fire,2018-03-10 12:28:54,https://en.prothomalo.com/bangladesh/4-of-a-family-burned-in-city-fire,dhaka’s kalyanpur area,Dhaka,0,4,House,fire originated from the kitchen,Bangladesh,event,road accident,2018-03-10,12:28:54,Mar,3,Clear sky,12,Mar,fire originated from the kitchen
4393,2 killed in Gopalganj road crash,2018-02-16 10:43:50,https://en.prothomalo.com/bangladesh/accident/2-killed-in-gopalganj-road-crash,dhaka-khulna highway near ratoil horticulture centre,Gopalganj,2,0,,,Bangladesh,event,road accident,2018-02-16,10:43:50,Feb,2,Partly cloudy,10,Feb,
4394,2 killed in Gopalganj road crash,2018-02-16 10:43:50,https://en.prothomalo.com/bangladesh/2-killed-in-Gopalganj-road-crash-2,dhaka-khulna highway near ratoil horticulture centre,Gopalganj,2,0,,,Bangladesh,event,road accident,2018-02-16,10:43:50,Feb,2,Partly cloudy,10,Feb,
4395,2 killed in Gopalganj road crash,2018-02-16 10:43:50,https://en.prothomalo.com/bangladesh/2-killed-in-Gopalganj-road-crash,dhaka-khulna highway near ratoil horticulture centre,Gopalganj,2,0,,,Bangladesh,event,road accident,2018-02-16,10:43:50,Feb,2,Partly cloudy,10,Feb,
4399,"Husband, wife killed in C’nawabganj road crash",2018-01-20 15:33:38,https://en.prothomalo.com/bangladesh/Husband-wife-killed-in-C’nawabganj-road-crash,ranihati,Nawabganj,2,0,Car,,Bangladesh,event,road accident,2018-01-20,15:33:38,Jan,1,Mainly clear,15,Jan,
4401,Gopalganj road crash kills 3,2018-02-22 20:31:46,https://en.prothomalo.com/bangladesh/Gopalganj-road-crash-kills-3-2,dhaka-khulna highway,Gopalganj,3,0,"Bus, Microbus",head-on collision,Bangladesh,event,road accident,2018-02-22,20:31:46,Feb,2,Partly cloudy,20,Feb,head-on collision
4404,Two killed in city road crash,2018-01-19 15:56:37,https://en.prothomalo.com/bangladesh/accident/two-killed-in-city-road-crash,shamibag area,Dhaka,2,1,"Motorcycle, Covered Van",collision between a motorcycle and a covered van,Bangladesh,event,road accident,2018-01-19,15:56:37,Jan,1,Clear sky,15,Jan,collision between a motorcycle and a covered van
4406,4 burnt people die in Rangpur hospital,2018-01-19 14:32:54,https://en.prothomalo.com/bangladesh/4-burnt-people-die-in-Rangpur-hospital,rangpur medical college hospital,Rangpur,4,0,,burns,Bangladesh,event,road accident,2018-01-19,14:32:54,Jan,1,Clear sky,14,Jan,burns
4408,KUET student killed in Mymensingh blast,2018-03-25 15:01:08,https://en.prothomalo.com/bangladesh/KUET-student-killed-in-Mymensingh-blast,masterbari,Mymensingh,1,3,,blast,Bangladesh,event,road accident,2018-03-25,15:01:08,Mar,3,Light rain,15,Mar,blast
4409,2 of a family killed in road accident,2014-08-03 11:41:54,,dhaka-mymensingh highway in master bari area,Mymensingh,2,0,Bus,bus hit pedestrians,Bangladesh,event,road accident,2014-08-03,11:41:54,Aug,8,Moderate rain,11,Aug,bus hit pedestrians
4410,School teacher killed in road crash,2018-01-18 00:04:20,https://en.prothomalo.com/bangladesh/School-teacher-killed-in-road-crash,near bhalaipur-ramnagar bridge,Chuadanga,1,0,,,Bangladesh,event,road accident,2018-01-18,00:04:20,Jan,1,Clear sky,0,Jan,
4413,3 killed in Sirajganj road crash,2015-04-18 12:12:23,https://en.prothomalo.com/bangladesh/3-killed-in-Sirajganj-road-crash-4,"baniagati, western approach road to bangabandhu bridge",Sirajganj,3,27,Truck And Bus,head-on collision,Bangladesh,event,road accident,2015-04-18,12:12:23,Apr,4,Moderate rain,12,Apr,head-on collision
4414,3 killed in Sirajganj road crash,2015-04-18 12:12:23,https://en.prothomalo.com/bangladesh/3-killed-in-Sirajganj-traffic-accident,baniagati,Sirajganj,3,27,Truck And Bus,head-on collision,Bangladesh,event,road accident,2015-04-18,12:12:23,Apr,4,Moderate rain,12,Apr,head-on collision
4415,3 killed in Sirajganj road crash,2015-04-18 12:12:23,https://en.prothomalo.com/bangladesh/3-killed-in-Sirajganj-road-crash-2,baniagati,Sirajganj,3,27,Truck And Bus,head-on collision,Bangladesh,event,road accident,2015-04-18,12:12:23,Apr,4,Moderate rain,12,Apr,head-on collision
4416,3 killed in Sirajganj road crash,2015-04-18 12:12:23,https://en.prothomalo.com/bangladesh/3-killed-in-Sirajganj-road-crash,"baniagati, western approach road to bangabandhu bridge",Sirajganj,3,27,Truck And Bus,head-on collision,Bangladesh,event,road accident,2015-04-18,12:12:23,Apr,4,Moderate rain,12,Apr,head-on collision
4418,Man killed in Magura road crash,2017-12-24 10:57:31,https://en.prothomalo.com/bangladesh/Man-killed-in-Magura-road-crash,hajamtola area of shalikha upazila on magura-jessore road,Magura,1,0,,,Bangladesh,event,road accident,2017-12-24,10:57:31,Dec,12,Partly cloudy,10,Dec,
4419,SC order on compensation to Rajib’s family tomorrow,2018-05-21 12:45:22,,titumir college,Dhaka,1,0,Brtc Bus,,Bangladesh,event,road accident,2018-05-21,12:45:22,May,5,Heavy rain,12,May,
4420,Bus kills easy-bike driver in Magura,2018-01-04 14:41:22,https://en.prothomalo.com/bangladesh/Bus-kills-easy-bike-driver-in-Magura,magura-jessore road,Magura,1,0,Easy-Bike,,Bangladesh,event,road accident,2018-01-04,14:41:22,Jan,1,Clear sky,14,Jan,
4421,"Mother, son killed in Moulvibazar road crash",2018-01-27 11:31:40,https://en.prothomalo.com/bangladesh/Mother-son-killed-in-Moulvibazar-road-crash,arjuna,Moulvibazar,2,0,"Tractor, Auto-Rickshaw",tractor hitting auto-rickshaw,Bangladesh,event,road accident,2018-01-27,11:31:40,Jan,1,,11,Jan,tractor hitting autorickshaw
4423,Covered van takes elderly woman's life,2018-02-17 18:54:33,https://en.prothomalo.com/bangladesh/Woman-killed-by-van-in-Badda,"badda, in front of fuji tower",Dhaka,1,0,Covered Van,hit while crossing the road,Bangladesh,event,road accident,2018-02-17,18:54:33,Feb,2,Clear sky,18,Feb,hit while crossing the road
4424,Teen burnt in Lakshimpur fire caused by gas leak,2018-01-03 12:10:32,https://en.prothomalo.com/bangladesh/Teen-burnt-in-Lakshimpur-fire-caused-by-gas-leak,ramganj town,Lakshmipur,1,0,Tea Stall,cooking gas cylinder leak,Bangladesh,event,road accident,2018-01-03,12:10:32,Jan,1,Mainly clear,12,Jan,cooking gas cylinder leak
4425,7 killed in Barisal road crash,2015-04-16 14:06:23,,dhaka-barisal highway near kashipur,Dhaka,7,0,"Truck, Human Hauler",truck hit human hauler coming from opposite direction,Bangladesh,event,road accident,2015-04-16,14:06:23,Apr,4,Light rain,14,Apr,truck hit human hauler coming from opposite direction
4428,"Policeman, wife, daughter die in accident",2014-07-31 11:54:42,,dhaka-chittagong highway at batisha in chouddagram upazila,Cumilla,3,0,Car,"tyre burst, crashed into railing",Bangladesh,event,road accident,2014-07-31,11:54:42,Jul,7,Moderate rain,11,Jul,tyre burst crashed into railing
4430,2 bikers killed in Comilla road crash,2017-12-15 12:30:39,https://en.prothomalo.com/bangladesh/2-bikers-killed-in-Comilla-road-crash,chiora on dhaka-chittagong highway,Cumilla,2,1,Motorcycle,,Bangladesh,event,road accident,2017-12-15,12:30:39,Dec,12,Clear sky,12,Dec,
4435,Comilla road crash kills minor boy,2017-12-31 12:59:05,https://en.prothomalo.com/bangladesh/Comilla-road-crash-kills-minor-boy,nurpur,Cumilla,1,0,,,Bangladesh,event,road accident,2017-12-31,12:59:05,Dec,12,Partly cloudy,12,Dec,
4436,Maheshkhali gas cylinder blast kills 2,2018-02-14 17:08:46,https://en.prothomalo.com/bangladesh/Maheshkhali-gas-cylinder-blast-kills-2,adinath temple fair,Cox's Bazar,2,3,Balloon Selling Cart,gas cylinder explosion,Bangladesh,event,road accident,2018-02-14,17:08:46,Feb,2,Partly cloudy,17,Feb,gas cylinder explosion
4437,Jessore road crash kills van driver,2017-12-31 11:31:03,https://en.prothomalo.com/bangladesh/Jessore-road-crash-kills-van-driver,jessore-khulna highway in front of singa adarsha degree college,Khulna,1,2,Rickshaw Van,road accident,Bangladesh,event,road accident,2017-12-31,11:31:03,Dec,12,Thunderstorm (slight),11,Dec,road accident
4438,"Bus hits home minister’s car, this time",2018-08-11 13:33:58,https://en.prothomalo.com/bangladesh/Bus-hits-home-minister’s-car-now,sher-e-bangla nagar area,Dhaka,0,0,"Car, Bus",bus hit car,Bangladesh,event,road accident,2018-08-11,13:33:58,Aug,8,Moderate rain,13,Aug,bus hit car
4439,20 killed in separate traffic accidents,2014-07-29 18:16:55,,"noakhali, narayanganj, bhola, faridpur and chittagong",Noakhali,20,0,,,Bangladesh,event,road accident,2014-07-29,18:16:55,Jul,7,Moderate rain,18,Jul,
4440,7 photojournalists injured in 'BCL attacks',2018-08-05 19:27:06,https://en.prothomalo.com/bangladesh/6-photojournalists-injured-in-attacks-by-‘BCL’,jhigatala and science laboratory areas,Dhaka,0,7,,attacks by unruly youths,Bangladesh,event,road accident,2018-08-05,19:27:06,Aug,8,Moderate rain,19,Aug,attacks by unruly youths
4442,Nawshaba on 4-day remand,2018-08-05 18:20:27,https://en.prothomalo.com/bangladesh/Actress-Nawshaba-on-4-day-remand,dhaka,Dhaka,0,0,,,Bangladesh,event,road accident,2018-08-05,18:20:27,Aug,8,Moderate rain,18,Aug,
4450,Housewife killed in Chapainawabganj road crash,2018-01-10 20:29:36,https://en.prothomalo.com/bangladesh/Housewife-killed-in-Chapainawabganj-road-crash,lalapara area,Nawabganj,1,0,,,Bangladesh,event,road accident,2018-01-10,20:29:36,Jan,1,Mainly clear,20,Jan,
4451,"‘Sir, please take the right side’, protestors to Tofail",2018-08-01 20:23:45,https://en.prothomalo.com/bangladesh/‘Sir-please-take-the-right-side’-protestors-to,near shahbagh,Dhaka,0,0,Car,student protests blocking road,Bangladesh,event,road accident,2018-08-01,20:23:45,Aug,8,Light rain,20,Aug,student protests blocking road
4457,Narayanganj bus plunge kills 2,2018-03-10 12:29:14,https://en.prothomalo.com/bangladesh/Narayanganj-bus-plunge-kills-2,dhaka-chittagong highway,Narayanganj,2,20,Bus,bus drove into a ditch,Bangladesh,event,road accident,2018-03-10,12:29:14,Mar,3,Clear sky,12,Mar,bus drove into a ditch
4458,BGB man killed in city road crash,2018-01-06 12:31:05,,near bijoy sarani,Dhaka,1,0,Motorcycle And Bus,bus knocked down ropon's motorcycle,Bangladesh,event,road accident,2018-01-06,12:31:05,Jan,1,Clear sky,12,Jan,bus knocked down ropons motorcycle
4462,3 workers killed in Sylhet stone quarries,2018-03-28 08:34:55,https://en.prothomalo.com/bangladesh/3-workers-killed-in-Sylhet-stone-quarries,lampapani area of jaflong and companiganj upazila,Sylhet,3,0,Quarry Extraction Equipment,stone extraction,Bangladesh,event,road accident,2018-03-28,08:34:55,Mar,3,Mainly clear,8,Mar,stone extraction
4463,"Picnic bus plunge hurts 20 students, teachers",2018-02-26 16:02:51,https://en.prothomalo.com/bangladesh/Picnic-bus-plunge-hurts-20-students-teachers,"masjidpara, akhaura",Brahmanbaria,0,20,Bus,plunged into a roadside ditch,Bangladesh,event,road accident,2018-02-26,16:02:51,Feb,2,Moderate rain,16,Feb,plunged into a roadside ditch
4464,4 killed  in Sylhet stone quarry,2018-02-26 13:35:48,https://en.prothomalo.com/bangladesh/4-killed-in-Sylhet-stone-quarry,bholaganj area,Sylhet,4,3,Quarry Extraction Equipment,landslide,Bangladesh,event,road accident,2018-02-26,13:35:48,Feb,2,Moderate rain,13,Feb,landslide
4465,2 killed in Bogra road crash,2018-01-04 09:54:51,https://en.prothomalo.com/bangladesh/2-killed-in-Bogra-road-crash,bablatala on bogra-shantahar road,Bogra,2,5,Truck,road accident,Bangladesh,event,road accident,2018-01-04,09:54:51,Jan,1,Clear sky,9,Jan,road accident
4468,3 killed in road crash,2018-02-24 16:46:08,https://en.prothomalo.com/bangladesh/3-killed-in-road-crash-5,south keraniganj,Dhaka,3,1,"Auto-Rickshaw, Truck",truck hit auto-rickshaw,Bangladesh,event,road accident,2018-02-24,16:46:08,Feb,2,Mainly clear,16,Feb,truck hit autorickshaw
4469,3 killed in road crash,2018-02-24 16:46:08,https://en.prothomalo.com/bangladesh/3-killed-in-road-crash-4,south keraniganj,Dhaka,3,1,"Auto-Rickshaw, Truck",truck hit auto-rickshaw,Bangladesh,event,road accident,2018-02-24,16:46:08,Feb,2,Mainly clear,16,Feb,truck hit autorickshaw
4470,3 killed in road crash,2018-02-24 16:46:08,https://en.prothomalo.com/bangladesh/3-killed-in-road-crash-2,"south keraniganj, on the outskirts of the capital",Dhaka,3,1,"Auto-Rickshaw, Goods-Laden Truck",goods-laden truck hit the auto-rickshaw,Bangladesh,event,road accident,2018-02-24,16:46:08,Feb,2,Mainly clear,16,Feb,goodsladen truck hit the autorickshaw
4472,JCD leader killed as bus hits BNP leader's motorcade,2018-06-21 09:59:40,,amirabad area on the dhaka-chattogram highway,Chattogram,1,0,"Bus, Smaller Vehicles",shyamoli paribahan bus hit four smaller vehicles,Bangladesh,event,road accident,2018-06-21,09:59:40,Jun,6,Moderate rain,9,Jun,shyamoli paribahan bus hit four smaller vehicles
4474,4 Ijtema devotees killed in bus-truck collision,2018-01-22 11:09:51,https://en.prothomalo.com/bangladesh/Bus-Truck-collision-kills-4-Ijtema-devotees-in,"lalabazar, dakkhin surma upazila",Sylhet,4,10,"Bus, Truck",head-on collision,Bangladesh,event,road accident,2018-01-22,11:09:51,Jan,1,Partly cloudy,11,Jan,head-on collision
4475,Child among 3 killed in Rangunia landslide,2017-12-30 20:35:20,https://en.prothomalo.com/bangladesh/3-including-child-die-in-Rangunia,rangunia,Chattogram,3,0,,landslide during hill cutting,Bangladesh,event,road accident,2017-12-30,20:35:20,Dec,12,Partly cloudy,20,Dec,landslide during hill cutting
4476,Dhamrai road accident kills 3,2014-07-21 11:24:50,https://en.prothomalo.com/bangladesh/Dhamrai-road-accident-kills-3,dhaka-aricha highway in srirampur area,Dhaka,3,20,Bus And A Truck,head-on collision,Bangladesh,event,road accident,2014-07-21,11:24:50,Jul,7,Dense rain,11,Jul,head-on collision
4477,Rangpur road crash kills 2,2018-01-09 20:32:54,https://en.prothomalo.com/bangladesh/Rangpur-road-crash-kills-2-4,bairagiganj on rangpur-bogra highway,Rangpur,2,5,Bus,head-on collision,Bangladesh,event,road accident,2018-01-09,20:32:54,Jan,1,Clear sky,20,Jan,head-on collision
4479,Rangpur road crash kills 2,2018-01-09 20:32:54,https://en.prothomalo.com/bangladesh/Rangpur-road-crash-kills-2-2,bairagiganj on rangpur-bogra highway,Rangpur,2,5,Bus,head-on collision,Bangladesh,event,road accident,2018-01-09,20:32:54,Jan,1,Clear sky,20,Jan,head-on collision
4481,One killed in Rajshahi road crash,2017-11-17 12:43:35,https://en.prothomalo.com/bangladesh/One-killed-in-Rajshahi-road-crash,rajshahi-chapainawabganj highway at gopalpur,Rajshahi,1,1,,,Bangladesh,event,road accident,2017-11-17,12:43:35,Nov,11,,12,Nov,
4483,Rajshahi bus plunge injures 15 labourers,2017-12-27 16:47:18,https://en.prothomalo.com/bangladesh/Rajshahi-bus-plunge-injures-15-labourers,hargram natunpara,Rajshahi,0,15,,,Bangladesh,event,road accident,2017-12-27,16:47:18,Dec,12,,16,Dec,
4485,Couple killed in Faridpur road crash,2018-01-07 22:52:17,https://en.prothomalo.com/bangladesh/Couple-killed-in-Faridpur-road-crash,"parikkhatapur, dhaka-khulna highway",Faridpur,2,0,"Truck, Motorcycle",truck hit motorcycle,Bangladesh,event,road accident,2018-01-07,22:52:17,Jan,1,Clear sky,22,Jan,truck hit motorcycle accident
4488,Worker killed in Magura road crash,2017-12-14 13:03:02,https://en.prothomalo.com/bangladesh/Worker-killed-in-Magura-road-crash,belnagar on magura-kamarkhali road,Magura,1,2,,,Bangladesh,event,road accident,2017-12-14,13:03:02,Dec,12,Mainly clear,13,Dec,
4489,Bagerhat road crash kills 1,2018-01-28 10:34:14,https://en.prothomalo.com/bangladesh/Bagerhat-road-crash-kills-1-2,dhaka-mawa highway,Bagerhat,1,4,,,Bangladesh,event,road accident,2018-01-28,10:34:14,Jan,1,"Hail, thunderstorm",10,Jan,
4490,Faridpur road crash kills 5,2018-02-07 16:55:02,https://en.prothomalo.com/bangladesh/Faridpur-road-crash-kills-5,near municipality brac office on dhaka-khulna highway,Faridpur,5,2,Bus And Easy-Bike,collision between bus and easy-bike,Bangladesh,event,road accident,2018-02-07,16:55:02,Feb,2,Partly cloudy,16,Feb,collision between bus and easybike
4492,Gopalganj road crash kills 4,2018-02-27 19:02:00,https://en.prothomalo.com/bangladesh/Gopalganj-road-crash-kills-3,dhaka-khulna highway at pona in kashiani upazila,Gopalganj,4,20,"Bus, Truck",head-on collision,Bangladesh,event,road accident,2018-02-27,19:02:00,Feb,2,Partly cloudy,19,Feb,head-on collision
4496,Barisal road crash kills 2,2018-03-18 13:13:37,https://en.prothomalo.com/bangladesh/Barisal-road-crash-kills-2-2,dhaka-barisal highway in front of divisional commissioner's office,Dhaka,2,1,"Bus, Motorcycle",head-on collision,Bangladesh,event,road accident,2018-03-18,13:13:37,Mar,3,Patches of fog,13,Mar,head-on collision
4498,3 JCD leaders killed in road accident,2014-07-22 22:28:20,https://en.prothomalo.com/bangladesh/3-JCD-leaders-killed-in-road-accident,dulhapur,Rangpur,3,0,,road accident,Bangladesh,event,road accident,2014-07-22,22:28:20,Jul,7,Moderate rain,22,Jul,road accident
4501,Dhaka struggles to restore order on the streets,2019-03-20 10:12:31,,dhaka,Dhaka,0,0,,lack of discipline on streets,Bangladesh,event,road accident,2019-03-20,10:12:31,Mar,3,Mainly clear,10,Mar,lack of discipline on streets
4504,Deadly ship graveyards of Bangladesh,2020-01-31 20:20:31,,sitakunda,Chattogram,0,0,Bus,,Bangladesh,event,road accident,2020-01-31,20:20:31,Jan,1,Light rain,20,Jan,
4509,"Road crash kills trucker, helper",2017-12-08 12:51:24,https://en.prothomalo.com/bangladesh/Road-crash-kills-trucker-helper,dhaka-sylhet highway,Narsingdi,2,5,Truck,,Bangladesh,event,road accident,2017-12-08,12:51:24,Dec,12,Dense rain,12,Dec,
4513,Bagerhat road crash kills one,2017-11-19 13:30:19,https://en.prothomalo.com/bangladesh/Bagerhat-road-crash-kills-1,bagerhat-khulna road in fulbari area,Bagerhat,1,0,"Bus, Human Hauler",bus hit a human hauler,Bangladesh,event,road accident,2017-11-19,13:30:19,Nov,11,Moderate rain,13,Nov,bus hit a human hauler
4515,Policeman killed in Ctg road crash,2018-02-06 11:24:10,https://en.prothomalo.com/bangladesh/Policeman-killed-in-Ctg-road-crash,chittagong-cox's bazar road,Chattogram,1,2,Other,road accident,Bangladesh,event,road accident,2018-02-06,11:24:10,Feb,2,Partly cloudy,11,Feb,road accident
4517,Motorcyclist killed in head on collision with truck,2017-12-01 00:39:42,https://en.prothomalo.com/bangladesh/Motorcyclist-killed-in-head-on-collision-with,uthali bazar area,Chuadanga,1,0,Motorcycle And Truck,head on collision,Bangladesh,event,road accident,2017-12-01,00:39:42,Dec,12,Clear sky,0,Dec,head-on collision
4518,Dhaka-Ctg rail link restored after 6 hrs,2018-01-13 16:54:43,,banasua,Dhaka,0,0,Demu Train And A Truck,collision,Bangladesh,event,road accident,2018-01-13,16:54:43,Jan,1,Partly cloudy,16,Jan,collision
4520,Rozina also dies,2018-04-30 11:52:31,https://en.prothomalo.com/bangladesh/Rozina-also-dies,dhaka medical college hospital,Dhaka,1,0,,road crash,Bangladesh,event,road accident,2018-04-30,11:52:31,Apr,4,Heavy rain,11,Apr,road accident
4522,Khaleda criticises govt over road safety,2015-04-09 21:01:32,,faridpur-,Faridpur,25,21,Bus,crashing into roadside trees,Bangladesh,event,road accident,2015-04-09,21:01:32,Apr,4,Light rain,21,Apr,crashing into roadside trees
4525,Students continue protest for fifth day,2018-08-02 17:54:09,,city,Dhaka,2,0,,,Bangladesh,event,road accident,2018-08-02,17:54:09,Aug,8,Heavy rain,17,Aug,
4533,Bus-truck collision kills 2 in Gopalganj,2018-01-08 09:39:51,,dhaka-khulna highway,Dhaka,2,10,Bus And A Truck,head-on collision,Bangladesh,event,road accident,2018-01-08,09:39:51,Jan,1,Clear sky,9,Jan,head-on collision
4536,20 BL college teachers injured in road crash,2017-11-24 14:01:52,,rupsha bridge,Khulna,0,20,,road accident,Bangladesh,event,road accident,2017-11-24,14:01:52,Nov,11,Clear sky,14,Nov,road accident
4538,Man killed in city road crash,2017-11-12 11:10:07,https://en.prothomalo.com/bangladesh/Man-killed-in-city-road-accident,badda link road,Dhaka,1,0,Vehicle,,Bangladesh,event,road accident,2017-11-12,11:10:07,Nov,11,Partly cloudy,11,Nov,
4540,Man killed in city road crash,2017-11-12 11:10:07,https://en.prothomalo.com/bangladesh/Man-killed-in-city-road-crash-9,badda link road,Dhaka,1,0,,,Bangladesh,event,road accident,2017-11-12,11:10:07,Nov,11,Partly cloudy,11,Nov,
4541,Man killed in city road crash,2017-11-12 11:10:07,https://en.prothomalo.com/bangladesh/Man-killed-in-city-road-crash-5,badda link road,Dhaka,1,0,,,Bangladesh,event,road accident,2017-11-12,11:10:07,Nov,11,Partly cloudy,11,Nov,
4545,3 killed in Jatrabari road accident,2014-07-03 12:46:28,https://en.prothomalo.com/bangladesh/3-killed-in-Jatrabari-road-accident,dhaka-chittagong highway near south jatrabari toll plaza,Dhaka,3,0,,,Bangladesh,event,road accident,2014-07-03,12:46:28,Jul,7,Moderate rain,12,Jul,
4548,‘Civil society betraying people by remaining silent’,2019-07-28 17:03:23,https://en.prothomalo.com/opinion/‘Civil-society-betraying-people-by-remaining,various,,0,0,"Cars, Motorcycles, Trains","general lawlessness, lack of security, mob violence, road accidents, train accidents",Bangladesh,event,road accident,2019-07-28,17:03:23,Jul,7,,17,Jul,general lawlessness lack of security mob violence road accidents train accidents
4550,Barisal road crash kills 2 college students,2018-01-26 22:43:26,https://en.prothomalo.com/bangladesh/Barisal-road-crash-kills-2-college-students,khoirabad bridge on barisal-patuakhali road,Patuakhali,2,1,"Pickup Van, Motorcycle",head-on collision,Bangladesh,event,road accident,2018-01-26,22:43:26,Jan,1,Precipitation within sight,22,Jan,head-on collision
4551,Girl loses leg in city road crash,2018-04-22 17:52:24,https://en.prothomalo.com/bangladesh/Girl-loses-leg-in-city-road-crash,airport road,,0,1,Brtc Bus,bus ran over girl,Bangladesh,event,road accident,2018-04-22,17:52:24,Apr,4,,17,Apr,bus ran over girl
4553,5 killed in Brahmanbaria road accident,2014-07-01 19:43:56,https://en.prothomalo.com/bangladesh/5-killed-in-Brahmanbaria-road-accident,sarail,Brahmanbaria,5,0,"Truck, Auto-Rickshaw",head-on collision,Bangladesh,event,road accident,2014-07-01,19:43:56,Jul,7,Moderate rain,19,Jul,head-on collision
4554,Jessore bus accident death toll hits 10,2014-07-01 16:41:38,https://en.prothomalo.com/bangladesh/Jessore-bus-accident-death-toll-hits-10,jessore,,10,0,,,Bangladesh,event,road accident,2014-07-01,16:41:38,Jul,7,,16,Jul,
4561,Magura road crash kills 2,2017-12-11 09:48:21,https://en.prothomalo.com/bangladesh/Magura-road-crash-kills-2-3,jagla,Magura,2,0,Truck,hit a roadside tree and plunged into a ditch,Bangladesh,event,road accident,2017-12-11,09:48:21,Dec,12,Partly cloudy,9,Dec,hit a roadside tree and plunged into a ditch
4562,Gopalganj road crash death toll rises to 8,2018-04-01 14:41:38,https://en.prothomalo.com/bangladesh/Gopalganj-bus-plunge-kills-6,biswambordi,Gopalganj,8,23,Bus,driver lost control over the steering,Bangladesh,event,road accident,2018-04-01,14:41:38,Apr,4,Partly cloudy,14,Apr,driver lost control over the steering
4563,Ridoy crying in pain at DMCH,2018-04-19 13:13:49,,dhaka medical college hospital,Dhaka,1,1,Bus,collision,Bangladesh,event,road accident,2018-04-19,13:13:49,Apr,4,Moderate rain,13,Apr,collision
4568,"Driver, helper killed as bus falls into Kushtia ditch",2018-01-11 09:10:44,,kumarkhali upazila,Kushtia,2,20,Bus,plunged into a roadside ditch,Bangladesh,event,road accident,2018-01-11,09:10:44,Jan,1,Partly cloudy,9,Jan,plunged into a roadside ditch
4576,Kushtia road crash injures 35 cops,2018-01-07 18:22:01,https://en.prothomalo.com/bangladesh/Kushtia-road-crash-injures-35-cops,central bus terminal area in kushtia town,Kushtia,0,35,Bus,plunged into a roadside ditch,Bangladesh,event,road accident,2018-01-07,18:22:01,Jan,1,Clear sky,18,Jan,plunged into a roadside ditch
4581,Madaripur road crash kills 2,2017-11-24 15:50:55,https://en.prothomalo.com/bangladesh/Madaripur-road-crash-kills-2,kadirpur village,Madaripur,2,1,Motorcycle,road accident,Bangladesh,event,road accident,2017-11-24,15:50:55,Nov,11,Clear sky,15,Nov,road accident
4583,Narsingdi road crashes kill 9,2018-04-06 20:10:16,https://en.prothomalo.com/bangladesh/Narsingdi-road-crashes-kill-9,dhaka-sylhet highway at charabagh and dhaka-habiganj highway in front of birampur palli bidyut office,Narsingdi,7,0,"Bus, Motorbike, Rickshaw, Pedestrian","bus hitting motorbike, bus losing control and pushing rickshaw",Bangladesh,event,road accident,2018-04-06,20:10:16,Apr,4,Moderate rain,20,Apr,bus hitting motorbike bus losing control and pushing rickshaw
4584,2 drivers remanded over Rajib injury,2018-04-06 11:31:16,https://en.prothomalo.com/bangladesh/2-drivers-remanded-over-Rajib-injury,dhaka,Dhaka,0,1,Bus,vehicle collision (buses),Bangladesh,event,road accident,2018-04-06,11:31:16,Apr,4,Moderate rain,11,Apr,vehicle collision buses
4585,DMCH bears Rajib treatment cost,2018-04-06 11:27:30,https://en.prothomalo.com/bangladesh/DMCH-bears-Rajib-treatment-cost,dhaka,Dhaka,0,1,Bus,collision between two buses,Bangladesh,event,road accident,2018-04-06,11:27:30,Apr,4,Moderate rain,11,Apr,collision between two buses
4586,"Manikganj road crash kills 2, injures 17",2018-02-08 22:48:53,https://en.prothomalo.com/bangladesh/Manikganj-road-crash-kills-2-injures-17,zoka area,Manikganj,2,15,Bus,drove into a ditch,Bangladesh,event,road accident,2018-02-08,22:48:53,Feb,2,Partly cloudy,22,Feb,drove into a ditch
4592,3 killed in Dinajpur bus-car collision,2017-10-20 18:19:33,https://en.prothomalo.com/bangladesh/3-killed-in-Dinajpur-bus-private-car-collision,egaro mile area,Dinajpur,3,1,Private Car And A Bus,head-on collision,Bangladesh,event,road accident,2017-10-20,18:19:33,Oct,10,Heavy rain,18,Oct,head-on collision
4594,"Father, daughter killed in Pirojpur road crash",2017-12-04 14:13:50,https://en.prothomalo.com/bangladesh/Pirojpur-road-crash-kills-2-of-a-family,pirojpur bridge,Pirojpur,2,3,,,Bangladesh,event,road accident,2017-12-04,14:13:50,Dec,12,Clear sky,14,Dec,
4595,Ctg road crash kills 2,2017-12-04 14:04:34,https://en.prothomalo.com/bangladesh/Ctg-road-crash-kills-2-2,sitakunda,Chattogram,2,2,,,Bangladesh,event,road accident,2017-12-04,14:04:34,Dec,12,Partly cloudy,14,Dec,
4602,Police officer killed in traffic accident,2014-06-24 11:07:31,https://en.prothomalo.com/bangladesh/Police-officer-killed-in-traffic-accident,ashuganj,Brahmanbaria,1,0,,traffic accident,Bangladesh,event,road accident,2014-06-24,11:07:31,Jun,6,Moderate rain,11,Jun,traffic accident
4605,Khulna youth dev official killed in road crash,2017-11-22 18:46:08,https://en.prothomalo.com/bangladesh/Khulna-youth-dev-official-killed-in-road-crash,phultala upazila,Khulna,1,1,Car,road accident,Bangladesh,event,road accident,2017-11-22,18:46:08,Nov,11,Haze,18,Nov,road accident
4617,Sunamganj car plunge kills 4,2017-12-15 20:41:52,https://en.prothomalo.com/bangladesh/Sunamganj-car-plunge-kills-4,roadside ditch,Sunamganj,4,0,Car,plunged into a roadside ditch,Bangladesh,event,road accident,2017-12-15,20:41:52,Dec,12,Partly cloudy,20,Dec,plunged into a roadside ditch
4622,Road crash kills 4,2017-11-04 13:10:21,https://en.prothomalo.com/bangladesh/Road-crash-kills-4,shalbagan,Dinajpur,4,0,Pickup Van And Auto-Rickshaw,collision between pickup van and auto-rickshaw,Bangladesh,event,road accident,2017-11-04,13:10:21,Nov,11,Clear sky,13,Nov,collision between pickup van and autorickshaw
4623,Dinajpur road crash kills 2,2017-10-02 11:51:26,https://en.prothomalo.com/bangladesh/Dinajpur-road-crash-kills-2,in front of sadar upazila office,Dinajpur,2,0,"Bus, Auto-Rickshaw",bus hitting auto-rickshaw from behind,Bangladesh,event,road accident,2017-10-02,11:51:26,Oct,10,Moderate rain,11,Oct,bus hitting autorickshaw from behind
4632,Series of sabotages led to 21 August grenade attack,2019-08-20 15:18:34,,bangabandhu avenue,Dhaka,24,200,,grenade attack by militant group,Bangladesh,event,road accident,2019-08-20,15:18:34,Aug,8,Light rain,15,Aug,grenade attack by militant group
4634,2 killed in Sirajganj traffic accident,2014-06-13 13:04:34,https://en.prothomalo.com/bangladesh/2-killed-in-Sirajganj-traffic-accident-2,dhaka-bogra highway at ghurka beltala,Sirajganj,2,0,Truck,truck ran over pedestrians,Bangladesh,event,road accident,2014-06-13,13:04:34,Jun,6,Moderate rain,13,Jun,truck ran over pedestrians
4636,3 killed in Netrakona traffic accident,2014-06-13 09:15:55,,netrakona-dhaka highway near brtc bus stand,Netrakona,3,0,"Truck, Motorcycle",truck hit motorcycle,Bangladesh,event,road accident,2014-06-13,09:15:55,Jun,6,,9,Jun,truck hit motorcycle accident
4638,"Vested quarter tried to cash in on schoolchildren’s anger, says PM Hasina",2018-08-31 23:12:36,,,,2,0,,,Bangladesh,event,road accident,2018-08-31,23:12:36,Aug,8,,23,Aug,
4643,Rajshahi bike crash kills two teens,2017-11-26 11:22:50,https://en.prothomalo.com/bangladesh/Rajshahi-bike-crash-kills-two-teens,durgaspur-katakhali road,Rajshahi,2,0,Motorcycle,,Bangladesh,event,road accident,2017-11-26,11:22:50,Nov,11,,11,Nov,
4645,2 Biswa Ijtema devotees die,2018-01-12 15:47:04,https://en.prothomalo.com/bangladesh/2-Biswa-Ijtema-devotees-die,tongi,Gazipur,2,0,,on their way to join the 53rd biswa ijtema,Bangladesh,event,road accident,2018-01-12,15:47:04,Jan,1,Partly cloudy,15,Jan,on their way to join the 53rd biswa ijtema
4647,40-km human chain for addressing ‘death trap’,2018-04-08 13:10:10,https://en.prothomalo.com/bangladesh/40-km-human-chain-for-addressing-‘death-trap’,sitakunda,Chattogram,0,0,,recurring road accidents,Bangladesh,event,road accident,2018-04-08,13:10:10,Apr,4,Light rain,13,Apr,recurring road accidents
4649,"Agitating students take to streets, buses torched",2018-08-01 16:03:31,https://en.prothomalo.com/bangladesh/Agitating-students-torch-two-buses-in-capital,"airport road, dhaka",Dhaka,2,0,,road crash,Bangladesh,event,road accident,2018-08-01,16:03:31,Aug,8,Light rain,16,Aug,road accident
4651,2 killed in Pabna road crash,2017-12-02 20:12:13,https://en.prothomalo.com/bangladesh/accident/2-killed-in-pabna-road-crash,nurpur area on pabna-gachhpara road,Pabna,2,4,"Truck, Auto-Rickshaw",truck hitting auto-rickshaw,Bangladesh,event,road accident,2017-12-02,20:12:13,Dec,12,Clear sky,20,Dec,truck hitting autorickshaw
4652,2 killed in Pabna road crash,2017-12-02 20:12:13,https://en.prothomalo.com/bangladesh/2-killed-in-Pabna-road-crash-2,nurpur area on pabna-gachhpara road,Pabna,2,4,"Truck, Auto-Rickshaw",truck hit auto-rickshaw,Bangladesh,event,road accident,2017-12-02,20:12:13,Dec,12,Clear sky,20,Dec,truck hit autorickshaw
4654,Death on the streets again,2018-07-31 14:31:40,https://en.prothomalo.com/opinion/Death-on-the-streets-again,dhaka streets,Dhaka,1,0,Bus,reckless driving and racing between buses,Bangladesh,event,road accident,2018-07-31,14:31:40,Jul,7,Dense rain,14,Jul,reckless driving and racing between buses
4658,3 killed in Comilla traffic accident,2014-06-08 09:51:32,https://en.prothomalo.com/bangladesh/3-killed-in-Comilla-traffic-accident,adarsha sadar upazila,Cumilla,3,2,"Covered-Van, Cng-Run Auto-Rickshaw",covered-van rammed a cng-run auto-rickshaw,Bangladesh,event,road accident,2014-06-08,09:51:32,Jun,6,Light rain,9,Jun,coveredvan rammed a cngrun autorickshaw
4659,Two bus drivers held,2018-04-04 17:26:45,https://en.prothomalo.com/bangladesh/Two-bus-drivers-held,dhaka,Dhaka,0,1,Bus,bus collision,Bangladesh,event,road accident,2018-04-04,17:26:45,Apr,4,Duststorm or sandstorm,17,Apr,bus collision
4660,2 Juba League leaders killed in road accident,2014-06-07 19:11:41,https://en.prothomalo.com/bangladesh/2-Juba-League-leaders-killed-in-road-accident,dhaka- aricha highway,Manikganj,2,0,,,Bangladesh,event,road accident,2014-06-07,19:11:41,Jun,6,Partly cloudy,19,Jun,
4661,3 killed in Gopalganj road accident,2014-06-07 10:19:47,https://en.prothomalo.com/bangladesh/3-killed-in-Gopalganj-road-accident,dhaka-khulna highway at pona,Gopalganj,3,30,Bus,plunged into a roadside ditch,Bangladesh,event,road accident,2014-06-07,10:19:47,Jun,6,Light rain,10,Jun,plunged into a roadside ditch
4662,Noakhali road crash kills 2 motorcyclists,2017-12-09 21:38:13,https://en.prothomalo.com/bangladesh/Noakhali-road-crash-kills-2-motorcyclists,sonaimuri-kankirhat road,Noakhali,2,1,Motorcycle,,Bangladesh,event,road accident,2017-12-09,21:38:13,Dec,12,Heavy rain,21,Dec,
4669,"Battery-run rickshaws, easy bikes banned in Comilla",2017-12-18 13:37:28,https://en.prothomalo.com/bangladesh/Battery-run-rickshaws-easy-bikes-banned-in,,Cumilla,0,0,Battery-Run Rickshaws And Easy-Bikes,,Bangladesh,event,road accident,2017-12-18,13:37:28,Dec,12,Precipitation within sight,13,Dec,
4674,Fisherman dies as launch hits trawler in Bhola,2017-11-18 00:03:15,https://en.prothomalo.com/bangladesh/Fisherman-dies-as-launch-hits-trawler-in-Bhola,meghna river,Bhola,1,0,Launch And Trawler,launch hit trawler,Bangladesh,event,road accident,2017-11-18,00:03:15,Nov,11,Moderate rain,0,Nov,launch hit trawler
4676,Savar road crash kills 2,2017-11-05 12:47:23,https://en.prothomalo.com/bangladesh/Savar-road-crash-kills-2-3,pakija area,Dhaka,2,3,,,Bangladesh,event,road accident,2017-11-05,12:47:23,Nov,11,Dense rain,12,Nov,
4677,Girl dies falling off easy bike,2017-09-18 08:58:44,,monirampur,,1,0,Easy-Bike,fell from a speeding easy-bike,Bangladesh,event,road accident,2017-09-18,08:58:44,Sep,9,,8,Sep,fell from a speeding easybike
4679,Wild elephant kills 2 at Kutupalong Rohingya camp,2018-02-24 16:34:40,https://en.prothomalo.com/bangladesh/Wild-elephant-kills-2-at-Kutupalong-Rohingya-camp,rohingya refugee camp,Cox's Bazar,2,0,Elephant,rampaging elephant attack,Bangladesh,event,road accident,2018-02-24,16:34:40,Feb,2,Clear sky,16,Feb,rampaging elephant attack
4681,7 killed in Bagerhat road accident,2014-05-24 19:10:34,https://en.prothomalo.com/bangladesh/7-killed-in-Bagerhat-road-accident,fakirhat upazila,Bagerhat,7,20,Traffic Accident,,Bangladesh,event,road accident,2014-05-24,19:10:34,May,5,Moderate rain,19,May,
4682,3 killed in Comilla road accident,2014-05-24 14:20:46,https://en.prothomalo.com/bangladesh/3-killed-in-Comilla-road-accident,dhaka-chittagong highway at baropara,Cumilla,3,15,"Bus, Truck",triangular collision,Bangladesh,event,road accident,2014-05-24,14:20:46,May,5,Dense rain,14,May,triangular collision
4683,Road accident kills two in Savar,2014-05-24 11:24:59,https://en.prothomalo.com/bangladesh/Road-accident-kills-two-in-Savar,baliarpur bus stand,Dhaka,2,5,"Microbus, Truck",head-on collision,Bangladesh,event,road accident,2014-05-24,11:24:59,May,5,Moderate rain,11,May,head-on collision
4686,"Gaibandha MP, among 4 severely injured in road crash",2017-11-18 22:18:44,https://en.prothomalo.com/bangladesh/Gaibandha-MP-3-others-severely-injured-in-road,natiyapara of delduar upazila on dhaka tangail highway,Tangail,0,4,Microbus And Bus,head-on collision,Bangladesh,event,road accident,2017-11-18,22:18:44,Nov,11,Moderate rain,22,Nov,head-on collision
4694,Schoolboy meets death on the way to rally,2018-03-07 22:14:24,https://en.prothomalo.com/bangladesh/Schoolboy-meets-death-on-the-way-to-rally,dhamrai upazila,Dhaka,1,0,Bus,sticking head out of bus window and hitting a tree,Bangladesh,event,road accident,2018-03-07,22:14:24,Mar,3,Partly cloudy,22,Mar,sticking head out of bus window and hitting a tree
4700,3 die in Dhamrai traffic accident,2014-05-20 10:57:27,https://en.prothomalo.com/bangladesh/3-die-in-Dhamrai-traffic-accident,dhamrai,Dhaka,3,22,Bus,fell into a ditch,Bangladesh,event,road accident,2014-05-20,10:57:27,May,5,Squalls,10,May,fell into a ditch
4703,Ananta Jalil to bear educational expenses of Rajib’s brothers,2018-04-19 13:20:13,https://en.prothomalo.com/bangladesh/Ananta-Jalil-to-bear-educational-expenses-of,dhaka,Dhaka,1,0,,tragic road accident,Bangladesh,event,road accident,2018-04-19,13:20:13,Apr,4,Moderate rain,13,Apr,tragic road accident
4704,Quader finds Rajib too responsible,2018-04-19 13:17:19,https://en.prothomalo.com/bangladesh/Quader-says-Rajib-was-probably-also-responsible,,,1,0,,"road accident, victim's responsibility debated",Bangladesh,event,road accident,2018-04-19,13:17:19,Apr,4,,13,Apr,road accident victims responsibility debated
4706,"We are concerned, alarmed",2018-08-06 14:43:24,https://en.prothomalo.com/opinion/We-are-concerned-alarmed,shaheed ramiz uddin cantonment college,Dhaka,2,0,,,Bangladesh,event,road accident,2018-08-06,14:43:24,Aug,8,Light rain,14,Aug,
4713,Biker killed in Laxmipur road crash,2017-08-26 16:06:33,https://en.prothomalo.com/bangladesh/Biker-killed-in-Laxmipur-road-crash,dhaka-lakshmipur road,Lakshmipur,1,0,"Bus, Motorbike",bus hit motorcyclist,Bangladesh,event,road accident,2017-08-26,16:06:33,Aug,8,Moderate rain,16,Aug,bus hit motorcyclist
4715,Trader killed in Satkhira road crash,2017-08-31 13:10:59,https://en.prothomalo.com/bangladesh/Trader-killed-in-Satkhira-road-crash,asannagar area,Satkhira,1,0,"Pickup Van, Bicycle",pickup van hit bicycle,Bangladesh,event,road accident,2017-08-31,13:10:59,Aug,8,Light rain,13,Aug,pickup van hit bicycle
4720,3 killed in Comilla road crash,2017-09-02 10:06:38,https://en.prothomalo.com/bangladesh/3-killed-in-Comilla-road-crash-5,daudkandi upazila,Cumilla,3,5,"Bus, Auto-Rickshaw",bus hitting auto-rickshaw,Bangladesh,event,road accident,2017-09-02,10:06:38,Sep,9,Moderate rain,10,Sep,bus hitting autorickshaw
4721,3 killed in Comilla road crash,2017-09-02 10:06:38,https://en.prothomalo.com/bangladesh/3-killed-in-Comilla-road-crash-4,daudkandi upazila,Cumilla,3,5,"Bus, Auto-Rickshaw",bus hit auto-rickshaw,Bangladesh,event,road accident,2017-09-02,10:06:38,Sep,9,Moderate rain,10,Sep,bus hit autorickshaw
4722,3 killed in Comilla road crash,2017-09-02 10:06:38,https://en.prothomalo.com/bangladesh/3-killed-in-Comilla-road-crash-2,daudkandi upazila,Cumilla,3,5,"Bus, Auto-Rickshaw",bus hit auto-rickshaw,Bangladesh,event,road accident,2017-09-02,10:06:38,Sep,9,Moderate rain,10,Sep,bus hit autorickshaw
4723,3 killed in Comilla road crash,2017-09-02 10:06:38,https://en.prothomalo.com/bangladesh/3-killed-in-Comilla-road-crash,daudkandi,Cumilla,3,5,"Bus, Auto-Rickshaw",bus hitting auto-rickshaw,Bangladesh,event,road accident,2017-09-02,10:06:38,Sep,9,Moderate rain,10,Sep,bus hitting autorickshaw
4725,Jessore road crash kills 1,2017-08-27 10:28:08,https://en.prothomalo.com/bangladesh/Jessore-road-crash-kills-1,chachra area on khulna-benapole road,Khulna,1,0,Other,,Bangladesh,event,road accident,2017-08-27,10:28:08,Aug,8,Moderate rain,10,Aug,
4728,No bidding for highway!,2018-02-26 16:11:27,https://en.prothomalo.com/bangladesh/No-bidding-for-highway,kushtia-ishwardi highway,Kushtia,0,0,,budget constraints,Bangladesh,event,road accident,2018-02-26,16:11:27,Feb,2,Moderate rain,16,Feb,budget constraints
4737,2 female students killed in road mishap,2017-10-09 16:43:42,,monsuria bazaar on the banshkhali-pekua highway,,2,0,Truck,speedy truck ran them over,Bangladesh,event,road accident,2017-10-09,16:43:42,Oct,10,,16,Oct,speedy truck ran them over
4740,Such deaths must stop,2019-03-21 11:03:58,,jaflong,,2,0,"Bus, Truck",crushed under wheels,Bangladesh,event,road accident,2019-03-21,11:03:58,Mar,3,,11,Mar,crushed under wheels
4744,HC asks bus owners to pay for Rajib's treatment,2018-04-04 16:05:26,https://en.prothomalo.com/bangladesh/Bus-owners-to-pay-for-Rajib-s-treatment-HC,dhaka,Dhaka,0,1,Bus,collision between two buses,Bangladesh,event,road accident,2018-04-04,16:05:26,Apr,4,Duststorm or sandstorm,16,Apr,collision between two buses
4746,"Diya, Rajib killers to be punished, says PM",2018-08-12 13:59:48,https://en.prothomalo.com/bangladesh/Diya-Rajib-killers-to-be-punished-says-PM,dhaka,Dhaka,2,1,Bus,driver driving the bus defying all the traffic rules,Bangladesh,event,road accident,2018-08-12,13:59:48,Aug,8,Light rain,13,Aug,driver driving the bus defying all the traffic rules
4747,Missing transport trader’s body found at DMCH morgue,2017-12-24 00:53:34,https://en.prothomalo.com/bangladesh/Missing-transport-trader’s-body-found-at-DMCH,dmch morgue,Dhaka,1,0,Transport,"missing, presumed deceased",Bangladesh,event,road accident,2017-12-24,00:53:34,Dec,12,Partly cloudy,0,Dec,missing presumed deceased
4752,2 die in Madhabpur traffic accident,2014-05-05 10:45:21,https://en.prothomalo.com/bangladesh/2-die-in-Madhabpur-traffic-accident,dhaka-sylhet highway,Habiganj,2,0,"Microbus, Mini Truck",collision,Bangladesh,event,road accident,2014-05-05,10:45:21,May,5,Moderate rain,10,May,collision
4754,Man killed in Comilla road crash,2017-08-17 20:03:52,https://en.prothomalo.com/bangladesh/Man-killed-in-Comilla-road-crash,daklapara area,Cumilla,1,1,Covered Van,one covered van hit another,Bangladesh,event,road accident,2017-08-17,20:03:52,Aug,8,Moderate rain,20,Aug,one covered van hit another
4755,2 die in B'baria traffic accident,2014-05-02 11:51:48,https://en.prothomalo.com/bangladesh/2-die-in-B-baria-traffic-accident,dhaka-sylhet highway,Brahmanbaria,2,1,Car,traffic accident,Bangladesh,event,road accident,2014-05-02,11:51:48,May,5,Moderate rain,11,May,traffic accident
4760,When nothing matters,2019-04-07 12:52:44,,nimtali-churihatta to banani,Dhaka,0,0,,negligence and lack of safety regulations,Bangladesh,event,road accident,2019-04-07,12:52:44,Apr,4,Light rain,12,Apr,negligence and lack of safety regulations
4761,"Cases are fictitious, not the people",2019-02-03 21:39:10,,naya paltan,Brahmanbaria,0,0,,"obstructing citizens from casting ballots, attacking law enforcers, engaging in criminal offenses",Bangladesh,event,road accident,2019-02-03,21:39:10,Feb,2,Clear sky,21,Feb,obstructing citizens from casting ballots attacking law enforcers engaging in criminal offenses
4769,"Quader accuses BNP, Jamaat of instigating agitating students",2018-08-04 20:42:49,https://en.prothomalo.com/bangladesh/Quader-accuses-BNP-Jamaat-of-instigating,dhaka streets,Dhaka,0,0,,instigated demonstration,Bangladesh,event,road accident,2018-08-04,20:42:49,Aug,8,Moderate rain,20,Aug,instigated demonstration
4770,Crossing road takes life of schoolgirl in Dhaka,2017-09-12 16:21:29,,shewrapara bus stop area,Dhaka,1,0,School Bus,,Bangladesh,event,road accident,2017-09-12,16:21:29,Sep,9,Moderate rain,16,Sep,
4772,Rajib to be buried in Patuakhali,2018-04-19 13:40:31,https://en.prothomalo.com/bangladesh/Rajib-to-be-buried-in-Patuakhali,city,Dhaka,1,0,Bus,pressed between two buses,Bangladesh,event,road accident,2018-04-19,13:40:31,Apr,4,Moderate rain,13,Apr,pressed between two buses
4773,Living with ‘gas bombs’,2018-04-19 13:14:46,https://en.prothomalo.com/bangladesh/Living-with-‘gas-bombs’,brahmandi union,Narayanganj,0,0,Gas Balloon,unsafe gas balloon usage,Bangladesh,event,road accident,2018-04-19,13:14:46,Apr,4,Moderate rain,13,Apr,unsafe gas balloon usage
4774,Rajib laid to rest in Patuakhali,2018-04-19 13:00:47,https://en.prothomalo.com/bangladesh/Rajib-laid-to-rest-in-Patuakhali,shahbagh,Dhaka,1,0,Bus,pressed between two buses,Bangladesh,event,road accident,2018-04-19,13:00:47,Apr,4,Moderate rain,13,Apr,pressed between two buses
4775,Woman killed in Chuadanga road crash,2017-08-30 11:21:05,,ujirpur village,Chuadanga,1,0,Truck,speeding,Bangladesh,event,road accident,2017-08-30,11:21:05,Aug,8,Moderate rain,11,Aug,speeding
4776,3 die in Tangail traffic accident,2014-05-07 10:15:44,https://en.prothomalo.com/bangladesh/3-die-in-Tangail-traffic-accident,bangabandhu bridge link road,Tangail,3,0,Truck,collision,Bangladesh,event,road accident,2014-05-07,10:15:44,May,5,Heavy rain,10,May,collision
4778,"City streets shout out, loud and clear",2019-06-07 11:24:01,https://en.prothomalo.com/opinion/City-streets-shout-out-loud-and-clear,dhaka city,Dhaka,0,0,,traffic,Bangladesh,event,road accident,2019-06-07,11:24:01,Jun,6,Light rain,11,Jun,traffic
4785,"Lakshmipur road crash kills father, son",2017-09-02 17:17:50,https://en.prothomalo.com/bangladesh/Lakshmipur-road-crash-kills-father-son,manadari bazar on laxmipur-chowmuhani road,Lakshmipur,3,3,Car,,Bangladesh,event,road accident,2017-09-02,17:17:50,Sep,9,Light rain,17,Sep,
4786,Rangpur bus plunge kills 2,2017-09-01 16:18:27,https://en.prothomalo.com/bangladesh/Rangpur-bus-plunge-kills-2,kolabari area,Rangpur,2,10,Bus,plunged into a roadside ditch,Bangladesh,event,road accident,2017-09-01,16:18:27,Sep,9,Moderate rain,16,Sep,plunged into a roadside ditch
4793,Bangladeshi loses legs in mine explosion on Myanmar border,2018-02-04 17:38:45,https://en.prothomalo.com/bangladesh/Bangladeshi-loses-legs-in-mine-explosion-on,buffer zone between bangladesh and myanmar,,0,1,,landmine explosion,Bangladesh,event,road accident,2018-02-04,17:38:45,Feb,2,,17,Feb,landmine explosion
4796,BGB man killed in Jessore road crash,2017-08-29 21:04:59,https://en.prothomalo.com/bangladesh/BGB-man-killed-in-Jessore-road-crash,jessore-benapole highway in hajirali,,1,0,Bus,fell on the road while getting down from a bus and was crushed under the wheels of it,Bangladesh,event,road accident,2017-08-29,21:04:59,Aug,8,,21,Aug,fell on the road while getting down from a bus and was crushed under the wheels of it
4811,Road crash kills CNG driver,2017-09-30 11:33:37,https://en.prothomalo.com/bangladesh/Road-crash-kills-CNG-driver,sylhet-tamabeel highway,Sylhet,1,5,Microbus And Cng-Run Auto-Rickshaw,head-on collision,Bangladesh,event,road accident,2017-09-30,11:33:37,Sep,9,Moderate rain,11,Sep,head-on collision
4812,Bus-truck collision kills 6 in Gopalganj,2017-09-09 11:18:25,https://en.prothomalo.com/bangladesh/Bus-truck-collision-kills-6-in-Gopalganj,borashur area of kashiani upazila,Gopalganj,6,25,Bus And A Truck,head-on collision,Bangladesh,event,road accident,2017-09-09,11:18:25,Sep,9,Moderate rain,11,Sep,head-on collision
4813,3 college students among 5 killed in Gazipur road crash,2017-08-07 18:04:42,,dhaka-mymensingh highway at masterbari,Gazipur,5,7,"Human Hauler, Covered Van",collision between human hauler and covered van,Bangladesh,event,road accident,2017-08-07,18:04:42,Aug,8,Moderate rain,18,Aug,collision between human hauler and covered van
4818,Juba Dal leader killed in Savar road crash,2017-09-15 19:12:50,https://en.prothomalo.com/bangladesh/Jubo-Dal-leader-killed-in-Savar-road-crash,dhaka-aricha highway in jorpool area,Dhaka,1,1,"Bus, Motorbike",bus hit a motorbike,Bangladesh,event,road accident,2017-09-15,19:12:50,Sep,9,Light rain,19,Sep,bus hit motorcycle accident
4819,Munshiganj road crash kills police constable,2017-06-30 15:29:58,https://en.prothomalo.com/bangladesh/Munshiganj-road-crash-kills-constable,anarpura area of gojaria upazila,Munshiganj,1,0,"Police Wrecker, Speeding Vehicle",speeding vehicle ran over constable while crossing highway,Bangladesh,event,road accident,2017-06-30,15:29:58,Jun,6,Moderate rain,15,Jun,speeding vehicle ran over constable while crossing highway
4820,"Motorcyclist Uncle, Nephew killed in road crash",2017-09-23 12:42:59,https://en.prothomalo.com/bangladesh/Motorcyclist-Uncle-Nephew-killed-in-road-crash,barunkandi village on the bypass road,Naogaon,2,2,Motorcycle,,Bangladesh,event,road accident,2017-09-23,12:42:59,Sep,9,Dense rain,12,Sep,
4823,Bridge collapse snaps road communication on 12 southern routes,2017-08-12 15:43:59,https://en.prothomalo.com/bangladesh/Bridge-collapse-snaps-road-communication-on-12,madarsi bailey bridge,Pirojpur,0,0,Truck,bridge collapse due to overloading,Bangladesh,event,road accident,2017-08-12,15:43:59,Aug,8,Light rain,15,Aug,bridge collapse due to overloading
4824,‘Improvement of Dhaka’s chaotic traffic possible’,2018-10-12 22:09:38,https://en.prothomalo.com/bangladesh/‘Improvement-of-Dhaka’s-chaotic-traffic-possible’,dhaka,Dhaka,0,0,,lack of discipline and planning,Bangladesh,event,road accident,2018-10-12,22:09:38,Oct,10,Light rain,22,Oct,lack of discipline and planning
4828,2 killed in Sylhet road crash,2017-09-21 11:03:47,https://en.prothomalo.com/bangladesh/2-killed-in-Sylhet-road-crash-4,"bokar bhanga, sylhet-sunamganj road",Sunamganj,2,10,,,Bangladesh,event,road accident,2017-09-21,11:03:47,Sep,9,Dense rain,11,Sep,
4830,2 killed in Sylhet road crash,2017-09-21 11:03:47,https://en.prothomalo.com/bangladesh/2-killed-in-Sylhet-road-crash,bokar bhanga on sylhet-sunamganj road,Sunamganj,2,10,,,Bangladesh,event,road accident,2017-09-21,11:03:47,Sep,9,Dense rain,11,Sep,
4833,Gazipur bus accident kills 3,2014-04-12 18:33:20,https://en.prothomalo.com/bangladesh/Gazipur-bus-accident-kills-3,dhaka-chittagong highway,Gazipur,3,0,Bus And Motorbike,bus ran over a motorbike,Bangladesh,event,road accident,2014-04-12,18:33:20,Apr,4,Precipitation not reaching ground,18,Apr,bus ran over a motorbike
4840,2 killed in Thakurgaon road crash,2017-09-23 10:24:32,https://en.prothomalo.com/bangladesh/local-news/2-killed-in-thakurgaon-road-crash,farabari area on baliadangi-nekmorod road,Thakurgaon,2,7,,,Bangladesh,event,road accident,2017-09-23,10:24:32,Sep,9,Light rain,10,Sep,
4841,2 killed in Thakurgaon road crash,2017-09-23 10:24:32,https://en.prothomalo.com/bangladesh/2-killed-in-Thakurgaon-road-crash,farabari area on baliadangi-nekmorod road,Thakurgaon,2,7,Other,,Bangladesh,event,road accident,2017-09-23,10:24:32,Sep,9,Light rain,10,Sep,
4843,Gaibandha MP Golam Mostafa passes away,2017-12-19 12:16:13,https://en.prothomalo.com/bangladesh/Gaibandha-MP-Golam-Mostafa-passes-away,natiapara in delduar upazila of tangail on dhaka-tangail highway,Tangail,1,3,"Microbus, Bus",collision between microbus and bus,Bangladesh,event,road accident,2017-12-19,12:16:13,Dec,12,Partly cloudy,12,Dec,collision between microbus and bus
4851,Comilla road crash kills 3,2017-06-24 20:13:08,https://en.prothomalo.com/bangladesh/Comilla-road-crash-kills-3,otiya,Cumilla,3,2,Covered Van And Auto-Rickshaw,collision,Bangladesh,event,road accident,2017-06-24,20:13:08,Jun,6,Moderate rain,20,Jun,collision
4852,Comilla road crash kills 3,2017-06-24 20:13:08,https://en.prothomalo.com/bangladesh/Comilla-road-crash-kills-3-2,otiya area,Cumilla,3,2,Covered Van And Cng-Run Auto-Rickshaw,collision between vehicles,Bangladesh,event,road accident,2017-06-24,20:13:08,Jun,6,Moderate rain,20,Jun,collision between vehicles
4854,‘Gunfight’ between AL groups kills one,2018-04-23 13:52:36,https://en.prothomalo.com/bangladesh/City-clash-kills-one-injures-10,badda,Dhaka,1,4,,gun battle between supporters of political figures,Bangladesh,event,road accident,2018-04-23,13:52:36,Apr,4,Light rain,13,Apr,gun battle between supporters of political figures
4857,Police constable killed in Comilla road crash,2017-09-08 10:51:42,https://en.prothomalo.com/bangladesh/Police-constable-killed-in-Comilla-road-crash,comilla-sylhet regional highway,Cumilla,1,4,Other,,Bangladesh,event,road accident,2017-09-08,10:51:42,Sep,9,Moderate rain,10,Sep,
4864,2 killed in Narsingdi road crash,2017-07-14 11:08:19,https://en.prothomalo.com/bangladesh/accident/2-killed-in-narsingdi-road-crash,dhaka-sylhet highway at khalapara,Narsingdi,2,5,,,Bangladesh,event,road accident,2017-07-14,11:08:19,Jul,7,Moderate rain,11,Jul,
4873,MP Golam Mostafa laid to rest,2017-12-20 00:09:48,https://en.prothomalo.com/bangladesh/MP-Golam-Mostafa-laid-to-rest,dhaka,Gaibandha,1,1,,road accident,Bangladesh,event,road accident,2017-12-20,00:09:48,Dec,12,Partly cloudy,0,Dec,road accident
4875,Two killed while racing motorbikes,2017-09-07 22:39:31,https://en.prothomalo.com/bangladesh/Two-killed-while-racing-motorbikes,tangail-mymensingh highway near the modhupur forest,Tangail,2,0,Motorcycle,lost control and crashed into a tree,Bangladesh,event,road accident,2017-09-07,22:39:31,Sep,9,Moderate rain,22,Sep,lost control and crashed into a tree
4876,2 students go missing as a boat sinks in Padma river,2017-08-05 09:04:46,https://en.prothomalo.com/bangladesh/2-students-go-missing-as-a-boat-sinks-in-Padma,thanpur kheyaghat,Rajshahi,0,0,,boat sinking,Bangladesh,event,road accident,2017-08-05,09:04:46,Aug,8,,9,Aug,boat sinking
4878,2 students missing as boat sinks in Padma river,2017-08-04 13:10:48,https://en.prothomalo.com/bangladesh/2-students-missing-as-boat-sinks-in-Padma-river,"thanpur kheyaghat, bagha upazila, rajshahi district",Rajshahi,2,0,,boat capsized,Bangladesh,event,road accident,2017-08-04,13:10:48,Aug,8,,13,Aug,boat capsized
4880,20-km tailback on Dhaka-Ctg highway,2017-08-23 14:13:33,https://en.prothomalo.com/bangladesh/20-km-tailback-on-Dhaka-Ctg-highway,"meghna bridge, munshiganj area",Munshiganj,0,0,Goods-Laden Vehicle,"vehicle out of service, road accidents",Bangladesh,event,road accident,2017-08-23,14:13:33,Aug,8,Moderate rain,14,Aug,vehicle out of service road accidents
4884,"Depending on judgement, not speedometer",2018-05-02 14:50:26,https://en.prothomalo.com/bangladesh/Depending-on-judgement-not-speedometer,dhaka streets,Dhaka,0,0,"Motorised Vehicles (Rickshaws, Human Haulers, Auto-Rickshaws, Buses)",drivers do not know the real-time speed,Bangladesh,event,road accident,2018-05-02,14:50:26,May,5,Moderate rain,14,May,drivers do not know the realtime speed
4885,Bus-truck collision kills 3 in Bogra,2017-07-21 17:40:07,https://en.prothomalo.com/bangladesh/Bus-truck-collision-kills-3-in-Bogra,dhankundi area,Bogra,3,14,Bus And A Truck,head-on collision,Bangladesh,event,road accident,2017-07-21,17:40:07,Jul,7,Light rain,17,Jul,head-on collision
4888,3 including physician killed in road crash,2017-10-21 11:19:20,https://en.prothomalo.com/bangladesh/3-including-physician-killed-in-road-mishap,egaro mile point on the thakurgaon-dinajpur highway,Dinajpur,3,0,,,Bangladesh,event,road accident,2017-10-21,11:19:20,Oct,10,Moderate rain,11,Oct,
4891,Dangerous disorder on the roads,2018-04-23 11:30:18,,city streets,Dhaka,1,1,Buses,"traffic congestion, slow moving vehicles",Bangladesh,event,road accident,2018-04-23,11:30:18,Apr,4,Light rain,11,Apr,traffic congestion slow moving vehicles
4892,Dhaka's traffic jam causes Tk 370b annual loss,2018-03-27 11:07:59,https://en.prothomalo.com/bangladesh/Dhaka-s-traffic-jam-causes-Tk-370b-annual-loss,dhaka city,Dhaka,0,0,,traffic congestion,Bangladesh,event,road accident,2018-03-27,11:07:59,Mar,3,Moderate rain,11,Mar,traffic congestion
4898,Comilla road crashes kill 2,2017-06-17 20:13:26,https://en.prothomalo.com/bangladesh/Comilla-road-crashes-kill-2,sadar dakkhin upazila,Cumilla,2,0,,separate road accidents,Bangladesh,event,road accident,2017-06-17,20:13:26,Jun,6,Light rain,20,Jun,separate road accidents
4906,UP chairman killed in Sirajganj road crash,2017-07-22 19:57:29,https://en.prothomalo.com/bangladesh/UP-chairman-killed-in-Sirajganj-road-crash,bohuti chara,Sirajganj,1,0,"Bus, Motorcycle",collision,Bangladesh,event,road accident,2017-07-22,19:57:29,Jul,7,Moderate rain,19,Jul,collision
4907,"Commuters suffer, businessmen also hit hard",2018-05-17 17:45:19,https://en.prothomalo.com/bangladesh/Commuters-suffer-businessmen-hit-hard,daudkandi,Cumilla,0,0,,congestion,Bangladesh,event,road accident,2018-05-17,17:45:19,May,5,Heavy rain,17,May,congestion
4909,"Judge’s car on wrong side rams bike, youth injured",2017-07-03 00:05:21,https://en.prothomalo.com/bangladesh/Judge’s-car-on-wrong-side-rams-bike-youth-injured,ruposhi bangla hotel crossing,,0,1,"Motorcycle, Car",vehicle of a high court judge rammed motorcycle,Bangladesh,event,road accident,2017-07-03,00:05:21,Jul,7,,0,Jul,vehicle of a high court judge rammed motorcycle
4912,"3 killed, 10 injured in Bogra road crash",2017-07-31 10:47:25,https://en.prothomalo.com/bangladesh/3-killed-10-injured-in-Bogra-road-crash,ghoga battola,Sherpur,3,10,"Bus, Truck",head-on collision,Bangladesh,event,road accident,2017-07-31,10:47:25,Jul,7,Heavy rain,10,Jul,head-on collision
4915,"Siblings, their cousin killed in Ctg road crash",2017-06-11 22:20:27,https://en.prothomalo.com/bangladesh/Siblings-their-cousin-killed-in-Ctg-road-crash,halishahar,,3,0,Car,plunged into a ditch,Bangladesh,event,road accident,2017-06-11,22:20:27,Jun,6,,22,Jun,plunged into a ditch
4921,"Dhaka, city of ‘godfathers’",2018-03-28 19:01:41,https://en.prothomalo.com/bangladesh/Dhaka-city-of-‘godfathers’,dhaka,Dhaka,0,0,,,Bangladesh,event,road accident,2018-03-28,19:01:41,Mar,3,Light rain,19,Mar,
4924,4 of a family among 6 killed in Faridpur road crash,2017-07-29 11:15:28,,kazir rasta,Faridpur,6,2,,,Bangladesh,event,road accident,2017-07-29,11:15:28,Jul,7,Moderate rain,11,Jul,
4926,Razzak 'out of danger' following road crash,2017-06-28 23:16:00,https://en.prothomalo.com/sports/Razzak-out-of-danger-following-road-crash,dhushor area of kashiani upazila,Gopalganj,0,1,Car,tire burst leading to plunging into a ditch,Bangladesh,event,road accident,2017-06-28,23:16:00,Jun,6,Heavy rain,23,Jun,tire burst leading to plunging into a ditch
4938,9-yr-old killed by police vehicle,2018-02-17 13:15:03,https://en.prothomalo.com/bangladesh/9-yr-old-killed-by-police-vehicle,dayaganj,Dhaka,1,0,Vehicle,hit by a vehicle,Bangladesh,event,road accident,2018-02-17,13:15:03,Feb,2,Clear sky,13,Feb,hit by a vehicle
4943,Bus-truck collision kills 3 in Madaripur,2017-06-18 20:15:51,https://en.prothomalo.com/bangladesh/Bus-truck-collision-kills-3-in-Madaripur,dhaka-barisal highway,Madaripur,3,15,"Bus, Truck",head-on collision,Bangladesh,event,road accident,2017-06-18,20:15:51,Jun,6,Heavy rain,20,Jun,head-on collision
4954,Bullet-hit security member of Ganabhaban dies,2017-05-27 11:04:43,https://en.prothomalo.com/bangladesh/Bullet-hit-security-member-of-Ganabhaban-dies,dhaka medical college and hospital (dmch),Dhaka,1,0,,bullet injuries while on duty,Bangladesh,event,road accident,2017-05-27,11:04:43,May,5,Light rain,11,May,bullet injuries while on duty
4957,"Couple killed, son injured as truck hits motorcycle",2017-05-24 14:29:23,https://en.prothomalo.com/bangladesh/Couple-killed-son-injured-as-truck-hits,mohalpara,Tangail,2,1,"Truck, Motorcycle",speedy truck knocked down the motorbike,Bangladesh,event,road accident,2017-05-24,14:29:23,May,5,Moderate rain,14,May,speedy truck knocked down the motorbike
4958,201 tourists returned from Saint Martin risking lives,2017-12-10 21:28:18,https://en.prothomalo.com/bangladesh/201-tourists-returned-from-Saint-Martin-risking,bay of bengal,Cox's Bazar,0,0,Trawler,severe weather,Bangladesh,event,road accident,2017-12-10,21:28:18,Dec,12,Moderate rain,21,Dec,severe weather
4966,Dhaka road crash kills 2,2017-06-16 10:19:12,https://en.prothomalo.com/bangladesh/Dhaka-road-crash-kills-2,signboard area of the city,Dhaka,2,5,Bus,hit by a tree,Bangladesh,event,road accident,2017-06-16,10:19:12,Jun,6,Light rain,10,Jun,hit by a tree
4971,Three-way road crash kills 2,2017-06-21 13:08:09,https://en.prothomalo.com/bangladesh/Three-way-road-crash-kills-2,chikli bazar area,Nilphamari,2,3,"Truck, Microbus","truck hit microbus from back, another truck hit microbus from front",Bangladesh,event,road accident,2017-06-21,13:08:09,Jun,6,Moderate rain,13,Jun,truck hit microbus from back another truck hit microbus from front
4984,Court asks for probe report over JU vandalism by 7 Aug,2017-07-04 20:19:05,https://en.prothomalo.com/bangladesh/Court-asks-for-probe-report-over-JU-vandalism-by,dhaka,Dhaka,2,0,,road crash,Bangladesh,event,road accident,2017-07-04,20:19:05,Jul,7,Moderate rain,20,Jul,road accident
4989,2 killed in Sirajaganj road crash,2017-04-16 15:51:06,https://en.prothomalo.com/bangladesh/2-killed-in-Sirajaganj-road-crash,shimultala on sirajganj-nalka road,Sirajganj,2,3,Bus And Cng-Run Auto-Rickshaw,bus knocked down a cng-run auto-rickshaw,Bangladesh,event,road accident,2017-04-16,15:51:06,Apr,4,Dense rain,15,Apr,bus knocked down a cngrun autorickshaw
4993,JU students call off siege prog,2017-08-04 12:02:54,https://en.prothomalo.com/sports/JU-students-call-off-siege-prog,dhaka-aricha highway in savar,Dhaka,2,0,,road accident,Bangladesh,event,road accident,2017-08-04,12:02:54,Aug,8,Moderate rain,12,Aug,road accident
4995,"Human hauler hits roadside tree, 2 killed",2017-05-06 18:49:57,https://en.prothomalo.com/bangladesh/Human-hauler-hits-roadside-tree-2-killed,adjacent to mathbaria college,Pirojpur,2,0,,,Bangladesh,event,road accident,2017-05-06,18:49:57,May,5,Light rain,18,May,
4998,Munshiganj road crash kills 2,2017-06-03 00:36:44,https://en.prothomalo.com/bangladesh/Munshiganj-road-crash-kills-2-2,meghna bridge,Munshiganj,2,6,,,Bangladesh,event,road accident,2017-06-03,00:36:44,Jun,6,Moderate rain,0,Jun,
4999,Munshiganj road crash kills 2,2017-06-03 00:36:44,https://en.prothomalo.com/bangladesh/Munshiganj-road-crash-kills-2,dhaka-chittagong highway adjacent to meghna bridge,Munshiganj,2,6,,road accident,Bangladesh,event,road accident,2017-06-03,00:36:44,Jun,6,Moderate rain,0,Jun,road accident
5007,3 students among 5 killed,2014-10-04 17:59:11,,haji shariatullah bridge area,Madaripur,5,0,Bus,bus knocked them down,Bangladesh,event,road accident,2014-10-04,17:59:11,Oct,10,Moderate rain,17,Oct,bus knocked them down
5009,Slow traffic on Dhaka-Tangail highway,2017-06-24 13:37:51,,mirzapur,Tangail,1,0,"Truck, Bus",collision between truck and bus,Bangladesh,event,road accident,2017-06-24,13:37:51,Jun,6,Moderate rain,13,Jun,collision between truck and bus
5017,Narsingdi road crash kills 2,2017-04-16 15:52:50,https://en.prothomalo.com/bangladesh/Narsingdi-road-crash-kills-2-2,dhaka-sylhet highway,Narsingdi,2,6,Microbus And Private Car,head-on collision,Bangladesh,event,road accident,2017-04-16,15:52:50,Apr,4,Moderate rain,15,Apr,head-on collision
5018,Narsingdi road crash kills 2,2017-04-16 15:52:50,https://en.prothomalo.com/bangladesh/Narsingdi-road-crash-kills-2,dhaka-sylhet highway,Narsingdi,2,6,Microbus And Private Car,head-on collision,Bangladesh,event,road accident,2017-04-16,15:52:50,Apr,4,Moderate rain,15,Apr,head-on collision
5021,2 female workers die in Jessore train-bus collision,2017-05-10 10:33:16,,nawapara taltala level crossing,Jashore,2,30,Train And Bus,speeding train hit bus at level crossing,Bangladesh,event,road accident,2017-05-10,10:33:16,May,5,Light rain,10,May,speeding train hit bus at level crossing
5038,Sterner actions for traffic rule violation in cantt areas,2017-05-15 15:35:38,https://en.prothomalo.com/bangladesh/Sterner-actions-for-traffic-rule-violation-in,"fatikchhari upazila, chittagong",Chattogram,1,4,,breaking traffic rules,Bangladesh,event,road accident,2017-05-15,15:35:38,May,5,Moderate rain,15,May,breaking traffic rules
5040,What makes them happy?,2018-07-31 16:29:15,https://en.prothomalo.com/lifestyle/What-makes-them-happy,dhaka,Dhaka,0,0,,,Bangladesh,event,road accident,2018-07-31,16:29:15,Jul,7,Dense rain,16,Jul,
5042,Medical student killed in city road crash,2017-02-25 11:40:49,https://en.prothomalo.com/bangladesh/Medical-student-killed-in-city-road-crash,bangshal area,Dhaka,1,1,"Cng Auto Rickshaw, Bus",bus hit cng auto rickshaw,Bangladesh,event,road accident,2017-02-25,11:40:49,Feb,2,Clear sky,11,Feb,bus hit cng auto rickshaw
5044,3 killed in picnic bus plunge,2017-02-24 20:54:32,,chapainawabganj municipality,Nawabganj,3,0,Bus,plunged into a water body,Bangladesh,event,road accident,2017-02-24,20:54:32,Feb,2,Clear sky,20,Feb,plunged into a water body
5047,Narsingdi road crash kills 11,2017-02-12 14:42:09,,dhaka-sylhet highway,Narsingdi,11,0,"Bus, Microbus",bus-microbus collision,Bangladesh,event,road accident,2017-02-12,14:42:09,Feb,2,Dust in suspension,14,Feb,busmicrobus collision
5048,Auto-rickshaw workers submit memo with 10 demands to PM,2017-09-12 21:53:04,https://en.prothomalo.com/bangladesh/Auto-rickshaw-workers-submit-memo-with-10-demands,dhaka,Dhaka,0,0,"Auto-Rickshaw, Auto-Tempo",demands realization,Bangladesh,event,road accident,2017-09-12,21:53:04,Sep,9,Moderate rain,21,Sep,demands realization
5054,Two motorcyclists killed on Jessore road,2017-03-06 12:06:32,https://en.prothomalo.com/bangladesh/Two-motorcyclists-killed-on-Jessore-road,jessore-satkhira highway at altapol taltola in keshabpur upazila,Satkhira,2,0,"Truck, Motorcycle",truck hit motorcycle,Bangladesh,event,road accident,2017-03-06,12:06:32,Mar,3,Moderate rain,12,Mar,truck hit motorcycle accident
5062,Sylhet road crash kills 2,2017-04-09 09:57:33,https://en.prothomalo.com/bangladesh/Sylhet-road-crash-kills-2,sylhet-tamabil highway,Sylhet,2,4,"Truck, Auto-Rickshaw",collision,Bangladesh,event,road accident,2017-04-09,09:57:33,Apr,4,Light rain,9,Apr,collision
5067,Student hit by brick from under-construction building goes to coma,2017-07-15 19:58:29,https://en.prothomalo.com/bangladesh/Student-hit-by-brick-from-under-construction,mohammadia housing area,Dhaka,0,1,Building Material,falling brick from under-construction building,Bangladesh,event,road accident,2017-07-15,19:58:29,Jul,7,Moderate rain,19,Jul,falling brick from underconstruction building
5073,Transport strike in Chuadanga enters third day,2017-02-24 19:21:11,https://en.prothomalo.com/bangladesh/Transport-strike-in-Chuadanga-enters-third-day,manikganj,Chuadanga,5,0,Bus,"sentence of bus driver jamir hossain in a case filed over deaths of tareque masud, mishuk munier and three others",Bangladesh,event,road accident,2017-02-24,19:21:11,Feb,2,Clear sky,19,Feb,sentence of bus driver jamir hossain in a case filed over deaths of tareque masud mishuk munier and three others
5079,10 killed as cement-laden truck overturns,2017-03-24 12:39:13,https://en.prothomalo.com/bangladesh/10-killed-as-cement-laden-truck-overturns,dhaka-mymensingh highway at meherabari in bhaluka upazila,Mymensingh,10,2,Cement-Laden Truck,truck turned turtle,Bangladesh,event,road accident,2017-03-24,12:39:13,Mar,3,Light rain,12,Mar,truck turned turtle
5087,Security beefed up after stone hits Aussie team bus,2017-09-05 12:58:19,https://en.prothomalo.com/sports/Security-beefed-up-after-stone-hits-Aussie-team,dhaka,Dhaka,0,0,Bus,rock thrown by another vehicle,Bangladesh,event,road accident,2017-09-05,12:58:19,Sep,9,Light rain,12,Sep,rock thrown by another vehicle
5088,Public protest against tree-felling along Jessore highway,2018-01-17 19:42:27,https://en.prothomalo.com/environment/Public-protest-against-tree-felling-along-Jessore,jessore-benapole highway,,0,0,,infrastructure project,Bangladesh,event,road accident,2018-01-17,19:42:27,Jan,1,,19,Jan,infrastructure project
5091,Bagerhat road crash kills 4,2017-01-16 11:53:06,https://en.prothomalo.com/bangladesh/Bagerhat-road-crash-kills-4,mulghar area of fakirhar upazila,Khulna,4,2,"Bus, Engine-Run Van",bus hit an engine-run van,Bangladesh,event,road accident,2017-01-16,11:53:06,Jan,1,Clear sky,11,Jan,bus hit an enginerun van
5092,5 killed in Habiganj road crash,2017-01-26 09:25:52,https://en.prothomalo.com/bangladesh/5-killed-in-Habiganj-road-crash,ulukandi,Habiganj,5,4,"Microbus, Truck",collision,Bangladesh,event,road accident,2017-01-26,09:25:52,Jan,1,Mainly clear,9,Jan,collision
5094,JU students end hunger strike,2017-07-18 00:54:57,https://en.prothomalo.com/bangladesh/JU-students-end-hunger-strike,jahangirnagar university,Dhaka,0,0,,protest,Bangladesh,event,road accident,2017-07-18,00:54:57,Jul,7,Moderate rain,0,Jul,protest
5104,'I screamed for the driver to slow down',2017-06-24 15:10:57,https://en.prothomalo.com/bangladesh/I-screamed-for-the-driver-to-slow-down,pirganj,Rangpur,17,1,Truck,truck tipped over due to swaying,Bangladesh,event,road accident,2017-06-24,15:10:57,Jun,6,Moderate rain,15,Jun,truck tipped over due to swaying
5116,"Driver jailed for life for killing Tareque Masud, Mishuk Munier",2017-02-22 17:23:27,,manikganj,Manikganj,2,0,Bus,deadly road crash,Bangladesh,event,road accident,2017-02-22,17:23:27,Feb,2,Light rain,17,Feb,deadly road crash
5121,42 JU students granted bail,2017-05-28 18:16:09,https://en.prothomalo.com/bangladesh/42-JU-students-granted-bail,jahangirnagar university campus,Dhaka,2,0,,road accident,Bangladesh,event,road accident,2017-05-28,18:16:09,May,5,Light rain,18,May,road accident
5122,Man killed in Tangail road crash,2017-01-02 12:12:45,,eastern side of bangabandhu bridge,Tangail,1,0,,,Bangladesh,event,road accident,2017-01-02,12:12:45,Jan,1,Shallow fog,12,Jan,
5123,JU students vandalise VC residence after police fire rubber bullets,2017-05-28 00:01:19,https://en.prothomalo.com/bangladesh/JU-students-vandalise-VC-residence-after-police,jahangirnagar university,Dhaka,2,0,,road accident,Bangladesh,event,road accident,2017-05-28,00:01:19,May,5,Light rain,0,May,road accident
5129,JU student handcuffing: 4 cops apologise to HC,2017-06-05 20:28:13,https://en.prothomalo.com/bangladesh/JU-student-handcuffing-4-cops-apologise-to-HC,jahangirnagar university hospital,Dhaka,0,0,,,Bangladesh,event,road accident,2017-06-05,20:28:13,Jun,6,Light rain,20,Jun,
5130,6 killed in Comilla bus plunge,2017-01-14 15:11:32,https://en.prothomalo.com/bangladesh/4-killed-in-Comilla-road-crash-2,jinglatali,Cumilla,6,15,,,Bangladesh,event,road accident,2017-01-14,15:11:32,Jan,1,Clear sky,15,Jan,
5139,4 killed in Bagerhat road crash,2017-01-16 16:10:48,,kakdanga area on the khulna-mawa highway,Bagerhat,4,2,"Bus, Auto Rickshaw",bus hit auto rickshaw,Bangladesh,event,road accident,2017-01-16,16:10:48,Jan,1,Clear sky,16,Jan,bus hit auto rickshaw
5140,2 picnickers die in Khulna bus plunge,2017-01-06 10:27:15,,khulna-bagerhat highway at ujir battala,Khulna,2,12,Bus,plunged into a roadside ditch,Bangladesh,event,road accident,2017-01-06,10:27:15,Jan,1,Clear sky,10,Jan,plunged into a roadside ditch
5141,Bus-microbus collision kills 3 in Cox’s Bazar,2017-02-03 15:02:13,,dayalmara on chittagong-cox’s bazar highway,,3,15,"Bus, Microbus",collision between a bus and a microbus,Bangladesh,event,road accident,2017-02-03,15:02:13,Feb,2,,15,Feb,collision between a bus and a microbus
5144,"Don't harass people; go to court, law minister asks strikers",2017-02-28 17:47:38,https://en.prothomalo.com/bangladesh/Don-t-harass-people-go-to-court-law-minister,southwestern region,Dhaka,0,0,Truck,sentencing a driver life-term in a road accident case,Bangladesh,event,road accident,2017-02-28,17:47:38,Feb,2,Clear sky,17,Feb,sentencing a driver lifeterm in a road accident case
5146,Bagerhat trawler capsize death toll rises to 12,2017-03-30 12:12:16,https://en.prothomalo.com/bangladesh/Bagerhat-trawler-capsize-death-toll-rises-to-12,panguchi river,Bagerhat,12,0,Trawler,trawler capsized,Bangladesh,event,road accident,2017-03-30,12:12:16,Mar,3,"rain, freezing",12,Mar,trawler capsized
5151,Living in 'unliveable' Dhaka,2018-08-23 17:28:07,https://en.prothomalo.com/opinion/Living-the-unliveable-life,dhaka,Dhaka,0,0,Cars,"overcrowded streets, garbage, jostling crowds and bustling sidewalks",Bangladesh,event,road accident,2018-08-23,17:28:07,Aug,8,Moderate rain,17,Aug,overcrowded streets garbage jostling crowds and bustling sidewalks
5159,4 killed in Natore road crash,2016-11-25 13:33:43,https://en.prothomalo.com/bangladesh/4-killed-in-Natore-road-crash,ishwardi-lalpur road in south lalpur area,Natore,4,3,"Truck, Rickshaw Van",truck hitting rickshaw van,Bangladesh,event,road accident,2016-11-25,13:33:43,Nov,11,Partly cloudy,13,Nov,truck hitting rickshaw van
5160,N’ganj trawler capsize death toll reaches 16,2017-04-02 23:11:17,https://en.prothomalo.com/bangladesh/N’ganj-trawler-capsize-death-toll-reaches-16,meghna river,Narayanganj,16,0,Trawler,trawler capsize,Bangladesh,event,road accident,2017-04-02,23:11:17,Apr,4,Light rain,23,Apr,trawler capsize
5161,At least 10 drown as another Rohingya boat sinks,2017-10-16 13:25:52,https://en.prothomalo.com/bangladesh/At-least-five-drown-in-Rohingya-boat-capsize,sea,,10,0,,sinking,Bangladesh,event,road accident,2017-10-16,13:25:52,Oct,10,,13,Oct,sinking
5166,4 killed in B’baria road crash,2016-11-30 17:47:07,https://en.prothomalo.com/bangladesh/4-killed-in-B’baria-road-crash,dhaka-sylhet highway at soshoi in bijoynagar upazila,Brahmanbaria,4,1,"Bus, Auto-Rickshaw",bus rammed an auto-rickshaw,Bangladesh,event,road accident,2016-11-30,17:47:07,Nov,11,Partly cloudy,17,Nov,bus rammed an autorickshaw
5168,Journo Zia flown to Singapore,2017-01-13 23:16:55,https://en.prothomalo.com/bangladesh/Journo-Zia-flown-to-Singapore,panthapath,Dhaka,0,1,Car,speeding car,Bangladesh,event,road accident,2017-01-13,23:16:55,Jan,1,Clear sky,23,Jan,speeding car
5172,6 killed in Gazipur road crash,2016-12-17 09:45:45,https://en.prothomalo.com/bangladesh/6-killed-in-Gazipur-road-crash,dhaka-tangail highway in the city,Dhaka,6,6,"Bus, Human Hauler",bus rammed a human hauler,Bangladesh,event,road accident,2016-12-17,09:45:45,Dec,12,"Snow, blowing",9,Dec,bus rammed a human hauler
5173,6 killed in Gazipur road crash,2016-12-17 09:45:45,https://en.prothomalo.com/bangladesh/5-killed-in-Gazipur-road-crash,dhaka-tangail highway,Dhaka,6,6,"Bus, Human Hauler",bus rammed a human hauler,Bangladesh,event,road accident,2016-12-17,09:45:45,Dec,12,"Snow, blowing",9,Dec,bus rammed a human hauler
5180,Transport strike in 10 dists against driver’s punishment,2017-02-25 17:39:15,https://en.prothomalo.com/bangladesh/Transport-strike-in-10-dists-against-driver’s,khulna division,Khulna,5,0,Bus,,Bangladesh,event,road accident,2017-02-25,17:39:15,Feb,2,Clear sky,17,Feb,
5182,Rajib’s hand reaches out!,2018-04-05 14:47:47,https://en.prothomalo.com/opinion/Rajib’s-hand-reaches-out,dhaka streets,Dhaka,0,1,Bus,,Bangladesh,event,road accident,2018-04-05,14:47:47,Apr,4,Light rain,14,Apr,
5204,Bagerhat trawler capsize death toll reaches 14,2017-03-30 19:46:46,https://en.prothomalo.com/bangladesh/Bagerhat-trawler-capsize-death-reaches-14,panguchi river,Bagerhat,14,0,Trawler,capsized,Bangladesh,event,road accident,2017-03-30,19:46:46,Mar,3,"rain, freezing",19,Mar,unknown
5212,Road crashes kill 3 in city,2016-11-26 00:24:17,https://en.prothomalo.com/bangladesh/Road-crashes-kill-3-in-city,jatrabari and tikatoli areas,Dhaka,3,0,,,Bangladesh,event,road accident,2016-11-26,00:24:17,Nov,11,Rain showers (moderate or heavy),0,Nov,
5218,Disorderly development,2017-03-18 13:16:15,https://en.prothomalo.com/opinion/Disorderly-development,under-construction drain,Dhaka,1,0,,fell into an under-construction drain,Bangladesh,event,road accident,2017-03-18,13:16:15,Mar,3,Moderate rain,13,Mar,fell into an underconstruction drain
5221,4 killed in Chakaria road crash,2016-12-16 17:41:06,https://en.prothomalo.com/bangladesh/4-killed-in-Chakaria-road-crash,chittagong-cox’s bazar highway,Cox's Bazar,4,10,"Bus, Human Hauler",bus crashed into a human hauler,Bangladesh,event,road accident,2016-12-16,17:41:06,Dec,12,Clear sky,17,Dec,bus crashed into a human hauler
5224,Death on highways,2017-02-13 14:18:47,https://en.prothomalo.com/opinion/Death-on-highways,narsingdi highway,Narsingdi,12,0,,various,Bangladesh,event,road accident,2017-02-13,14:18:47,Feb,2,Partly cloudy,14,Feb,various
5229,Indefinite transport strike begins in 10 Khulna districts,2017-02-26 21:17:31,https://en.prothomalo.com/bangladesh/Indefinite-transport-strike-in-10-districts-of,manikganj,Chuadanga,5,0,Bus,life term imprisonment of a bus driver in a case filed over a road accident,Bangladesh,event,road accident,2017-02-26,21:17:31,Feb,2,Clear sky,21,Feb,life term imprisonment of a bus driver in a case filed over a road accident
5232,3 killed in Panchagarh road crash,2016-09-02 17:59:02,https://en.prothomalo.com/bangladesh/3-killed-in-Panchagarh-road-crash,panchagarh-tentulia highway in jagdal area,Panchagarh,3,3,"Truck, Auto-Rickshaw",truck hit auto-rickshaw,Bangladesh,event,road accident,2016-09-02,17:59:02,Sep,9,,17,Sep,truck hit autorickshaw
5234,"Court for banning ‘Nasimon’, ‘Karimon’ on highways",2017-01-25 18:56:08,https://en.prothomalo.com/bangladesh/Court-for-banning-‘Nasimon’-‘Karimon’-on-highways,highways across the country,Dhaka,0,0,"Nasimon, Karimon",plying on highways,Bangladesh,event,road accident,2017-01-25,18:56:08,Jan,1,Clear sky,18,Jan,plying on highways
5235,"23 killed, 25 hurt in road crashes in 4 dists",2017-06-25 14:58:58,https://en.prothomalo.com/bangladesh/23-killed-25-hurt-in-road-crashes-in-4-districts,"pirganj upazila on dhaka-rangpur highway at kolabari, laksam upazila in fuluya area on comilla-chandpur road, mouchak in gazipur city, shantola on jessore-jhenidah highway",Dhaka,23,25,"Truck, Covered Van, Cng-Run Auto-Rickshaw, Human Hauler, Three-Wheeler","driver lost control over the steering, covered van knock a cng-run auto-rickshaw, head-on collision between a truck and a human hauler, truck hits a three-wheeler",Bangladesh,event,road accident,2017-06-25,14:58:58,Jun,6,Light rain,14,Jun,driver lost control over the steering covered van knock a cngrun autorickshaw headon collision between a truck and a human hauler truck hits a threewheeler
5236,5 die as microbus plunges in ditch,2016-08-27 09:53:10,https://en.prothomalo.com/bangladesh/5-die-as-microbus-plunges-in-ditch,laksham municipality area,Cumilla,5,0,Microbus,plunged into a roadside water body,Bangladesh,event,road accident,2016-08-27,09:53:10,Aug,8,Moderate rain,9,Aug,plunged into a roadside water body
5237,Eid trips fraught with fear,2017-08-24 13:37:47,https://en.prothomalo.com/bangladesh/Eid-trips-fraught-with-fear,highways and roads in many districts,,0,0,"Cars, Trucks, Buses, Motorcycles","potholes, ruts, floods, vehicle breakdowns",Bangladesh,event,road accident,2017-08-24,13:37:47,Aug,8,,13,Aug,potholes ruts floods vehicle breakdowns
5243,2 killed as bus rams rickshaw at Motijheel,2016-09-07 12:03:01,https://en.prothomalo.com/bangladesh/2-killed-as-bus-rams-rickshaw-at-Motijheel,motijheel area near rajuk bahaban,Dhaka,2,1,"Bus, Rickshaw",bus rammed rickshaw,Bangladesh,event,road accident,2016-09-07,12:03:01,Sep,9,Dense rain,12,Sep,bus rammed rickshaw
5244,Workers block Dhaka-Tangail highway in Gazipur,2016-10-23 11:47:31,https://en.prothomalo.com/bangladesh/Workers-block-Dhaka-Tangail-highway-in-Gazipur,konabari area,Gazipur,0,1,Human Hauler,running over by human hauler,Bangladesh,event,road accident,2016-10-23,11:47:31,Oct,10,Clear sky,11,Oct,running over by human hauler
5245,8 killed in Brahmanbaria road crash,2016-09-16 13:06:26,https://en.prothomalo.com/bangladesh/Housewife-found-dead-in-Sherpur-2,bijoynagar upazila,Brahmanbaria,8,0,"Bus, Microbus",head-on collision,Bangladesh,event,road accident,2016-09-16,13:06:26,Sep,9,Moderate rain,13,Sep,head-on collision
5247,2 bodies recovered in Shitlakkhya River,2016-10-21 00:26:14,https://en.prothomalo.com/bangladesh/2-bodies-recovered-in-Shitlakkhya-River,shitalakkhya river at boroni,,2,0,Dredger,dredger sank,Bangladesh,event,road accident,2016-10-21,00:26:14,Oct,10,,0,Oct,dredger sank
5250,2 minor siblings killed in Keraniganj microbus crash,2016-09-03 15:56:11,https://en.prothomalo.com/bangladesh/Minor-boy-killed-in-Keraniganj-microbus-crash,satka area,Dhaka,1,2,Microbus,speeding microbus knocked down victims,Bangladesh,event,road accident,2016-09-03,15:56:11,Sep,9,Moderate rain,15,Sep,speeding microbus knocked down victims
5253,Home minister motorcade injures six,2016-11-13 17:33:15,,jessore-khulna highway,Khulna,0,6,Motorcade,collision with pedestrians,Bangladesh,event,road accident,2016-11-13,17:33:15,Nov,11,rain not reaching ground,17,Nov,collision with pedestrians
5260,Madrasa student crushed under bus in city,2016-09-23 17:51:40,https://en.prothomalo.com/bangladesh/Madrasa-student-crushed-under-bus-in-city,karwan bazar,Kishoreganj,1,0,Bus,speeding bus rammed a pedestrian,Bangladesh,event,road accident,2016-09-23,17:51:40,Sep,9,Light rain,17,Sep,speeding bus rammed a pedestrian
5261,"Stop practice of bloodshed over trifling matters, Quader asks BCL",2017-04-22 19:52:40,,chittagong,Chattogram,0,0,,,Bangladesh,event,road accident,2017-04-22,19:52:40,Apr,4,Moderate rain,19,Apr,
5268,2 killed in Tangail road crash,2016-09-09 11:12:09,https://en.prothomalo.com/bangladesh/2-killed-in-Tangail-road-crash-5,dhaka-tangail highway at jamurki,Tangail,2,4,"Truck, Pickup",head-on collision,Bangladesh,event,road accident,2016-09-09,11:12:09,Sep,9,Partly cloudy,11,Sep,head-on collision
5271,5 killed in Tangail road crash,2016-09-17 13:12:08,https://en.prothomalo.com/bangladesh/5-killed-in-Tangail-road-crash,mirzapur upazila,Tangail,5,30,"Bus, Truck",head-on collision,Bangladesh,event,road accident,2016-09-17,13:12:08,Sep,9,Moderate rain,13,Sep,head-on collision
5272,5 killed in Tangail road crash,2016-09-17 13:12:08,https://en.prothomalo.com/bangladesh/2-killed-in-Tangail-road-crash-3,mirzapur upazila,Tangail,5,30,"Bus, Truck",head-on collision,Bangladesh,event,road accident,2016-09-17,13:12:08,Sep,9,Moderate rain,13,Sep,head-on collision
5273,Bodies of two siblings recovered from Meghna,2016-09-17 00:23:50,https://en.prothomalo.com/bangladesh/Bodies-of-two-siblings-recovered-from-Meghna,meghna river at moulvir hat,,2,0,Trawler,capsize,Bangladesh,event,road accident,2016-09-17,00:23:50,Sep,9,,0,Sep,capsize
5278,Bus helper killed in Jessore road crash,2016-10-01 10:44:15,https://en.prothomalo.com/bangladesh/Bus-helper-killed-in-Jessore-road-crash,jessore-narial road,Jashore,1,0,Bus,,Bangladesh,event,road accident,2016-10-01,10:44:15,Oct,10,Light rain,10,Oct,
5290,"Sirajganj truck plunge kills driver, assistant",2016-09-06 11:18:09,https://en.prothomalo.com/bangladesh/Sirajganj-truck-plunge-kills-driver-assistant,dhaka-pabna highway in purba delua area of ullapara upazila,Sirajganj,2,0,Truck,lost control over wheels,Bangladesh,event,road accident,2016-09-06,11:18:09,Sep,9,Light rain,11,Sep,lost control over wheels
5293,Jessore collision kills trucker,2016-08-17 10:07:21,https://en.prothomalo.com/bangladesh/Jessore-collision-kills-trucker,harikhali bazar on the jessore-satkhira road,Satkhira,1,0,"Truck, Bus",head-on collision,Bangladesh,event,road accident,2016-08-17,10:07:21,Aug,8,Light rain,10,Aug,head-on collision
5295,Road minister calls for lifting transport strike,2017-02-28 19:34:37,https://en.prothomalo.com/bangladesh/Road-minister-calls-for-lifting-transport-strike,savar,Dhaka,1,0,,driver sentenced to death,Bangladesh,event,road accident,2017-02-28,19:34:37,Feb,2,Clear sky,19,Feb,driver sentenced to death
5297,3 crushed under reckless truck,2016-10-24 13:15:42,https://en.prothomalo.com/bangladesh/3-crushed-under-reckless-truck,lalmonirhat-burimari road,Lalmonirhat,3,0,Truck,crushed under the wheels of a truck,Bangladesh,event,road accident,2016-10-24,13:15:42,Oct,10,Clear sky,13,Oct,crushed under the wheels of a truck
5306,Severe congestion slows down Ctg port,2017-07-18 20:10:18,https://en.prothomalo.com/bangladesh/Severe-congestion-slows-down-Ctg-port,chittagong port,Chattogram,0,0,Cargo Vessels,inadequate infrastructure leading to congestion,Bangladesh,event,road accident,2017-07-18,20:10:18,Jul,7,Heavy rain,20,Jul,inadequate infrastructure leading to congestion
5307,4 killed in Madaripur road crash,2016-09-16 16:36:09,https://en.prothomalo.com/bangladesh/4-killed-in-Madaripur-road-crash,boro bridge area,Madaripur,4,15,"Bus, Human Hauler",head-on collision,Bangladesh,event,road accident,2016-09-16,16:36:09,Sep,9,Light rain,16,Sep,head-on collision
5312,Two killed in B’baria road crash,2016-08-01 10:08:26,https://en.prothomalo.com/bangladesh/Two-killed-in-B’baria-road-crash,bertala on dhaka-sylhet highway,Brahmanbaria,2,4,"Microbus, Truck",head-on collision,Bangladesh,event,road accident,2016-08-01,10:08:26,Aug,8,Moderate rain,10,Aug,head-on collision
5326,Minister blames reckless driving for rising road mishap,2016-09-19 18:38:10,https://en.prothomalo.com/bangladesh/Minister-blames-reckless-driving-for-rising-road,dhaka,Dhaka,0,0,,reckless and unrestrained driving,Bangladesh,event,road accident,2016-09-19,18:38:10,Sep,9,Light rain,18,Sep,reckless and unrestrained driving
5328,4 bodies recovered in Natore boat capsize,2016-08-24 21:44:01,https://en.prothomalo.com/bangladesh/4-bodies-recovered-in-Natore-boat-capsize,padma river,Natore,4,0,,boat capsized,Bangladesh,event,road accident,2016-08-24,21:44:01,Aug,8,Light rain,21,Aug,boat capsized
5329,1 killed in Magura road crash,2016-07-13 12:26:14,https://en.prothomalo.com/bangladesh/1-killed-in-Magura-road-crash,chhoyghoria,Magura,1,4,Microbus And Bus,head-on collision,Bangladesh,event,road accident,2016-07-13,12:26:14,Jul,7,Moderate rain,12,Jul,head-on collision
5330,Bus runs over transport worker in Gaibandha,2016-10-17 10:43:46,https://en.prothomalo.com/bangladesh/Bus-runs-over-transport-worker-in-Gaibandha,"chowmatha area, gobindoganj",Gaibandha,1,0,Bus,driver recklessly tried to evade obstruction by workers,Bangladesh,event,road accident,2016-10-17,10:43:46,Oct,10,Mainly clear,10,Oct,driver recklessly tried to evade obstruction by workers
5332,Cop killed in Jhenaidah road crash,2016-09-13 19:14:40,https://en.prothomalo.com/bangladesh/Cop-killed-in-Jhenaidah-road-crash,jhenaidah-kushtia road,Jhenaidah,1,1,Motorcycle,head-on collision,Bangladesh,event,road accident,2016-09-13,19:14:40,Sep,9,Moderate rain,19,Sep,head-on collision
5338,3 killed in Gazipur road crash,2016-06-22 10:20:28,https://en.prothomalo.com/bangladesh/3-killed-in-Gazipur-road-crash-5,sc bazaar area,Gazipur,3,2,"Pick-Up Van, Truck",pick-up van hit a truck from behind,Bangladesh,event,road accident,2016-06-22,10:20:28,Jun,6,Light rain,10,Jun,pickup van hit a truck from behind
5339,3 killed in Gazipur road crash,2016-06-22 10:20:28,https://en.prothomalo.com/bangladesh/3-killed-in-Gazipur-road-crash-3,sc bazaar area,Gazipur,3,2,"Pick-Up Van, Truck",pick-up van hit a truck from behind,Bangladesh,event,road accident,2016-06-22,10:20:28,Jun,6,Light rain,10,Jun,pickup van hit a truck from behind
5340,3 killed in Gazipur road crash,2016-06-22 10:20:28,https://en.prothomalo.com/bangladesh/3-killed-in-Gazipur-road-crash,sc bazaar area,Gazipur,3,2,"Pick-Up Van, Truck",pick-up van hit a truck from behind,Bangladesh,event,road accident,2016-06-22,10:20:28,Jun,6,Light rain,10,Jun,pickup van hit a truck from behind
5343,Ctg world’s cheapest place to scrap ships but it’s people who pay the price,2017-12-11 14:25:47,https://en.prothomalo.com/bangladesh/Ctg-world’s-cheapest-place-to-scrap-ships-but-it’s-2,ferdous steel corporation shipyard,Chattogram,1,0,Container Ship,catastrophe struck,Bangladesh,event,road accident,2017-12-11,14:25:47,Dec,12,Heavy rain,14,Dec,catastrophe struck
5344,JU JCD leader killed in Savar road crash,2016-08-26 21:17:55,https://en.prothomalo.com/bangladesh/JU-JCD-leader-killed-in-Savar-road-crash,dhaka-aricha highway,Dhaka,1,0,,,Bangladesh,event,road accident,2016-08-26,21:17:55,Aug,8,Light rain,21,Aug,
5345,Dhk-Ctg rail link snapped for train-truck collision,2016-07-21 11:09:11,https://en.prothomalo.com/bangladesh/Dhk-Ctg-rail-link-snapped-for-train-truck,fatehpur level crossing,Chattogram,0,0,"Freight Train, Truck",truck stuck at level crossing due to mechanical failure collided with train engine,Bangladesh,event,road accident,2016-07-21,11:09:11,Jul,7,Dense rain,11,Jul,truck stuck at level crossing due to mechanical failure collided with train engine
5352,4 killed after ambulance hits crowd at DMCH gate,2016-10-16 00:04:25,https://en.prothomalo.com/bangladesh/4-killed-as-ambulance-hits-crowd-at-DMCH-gate,dhaka medical college hospital (dmch),Dhaka,4,3,Ambulance,ambulance ran over them,Bangladesh,event,road accident,2016-10-16,00:04:25,Oct,10,Clear sky,0,Oct,ambulance ran over them
5362,Bogra road crash death toll rises to 6,2016-10-06 11:32:32,https://en.prothomalo.com/bangladesh/Bogra-road-crash-toll-rises-to-6,mokamtala kashipur,Bogra,6,25,Bus,head-on collision,Bangladesh,event,road accident,2016-10-06,11:32:32,Oct,10,Light rain,11,Oct,head-on collision
5363,"Tailback on Dhaka-Tangail highway, yet again",2016-09-20 12:16:35,https://en.prothomalo.com/bangladesh/Tailback-on-Dhaka-Tangail-highway-yet-again,dhaka-tangail highway,Dhaka,0,0,Multiple,gridlock due to returnees after eid vacation,Bangladesh,event,road accident,2016-09-20,12:16:35,Sep,9,Moderate rain,12,Sep,gridlock due to returnees after eid vacation
5364,5 RMG workers killed in Tangail road crash,2016-09-16 13:11:50,https://en.prothomalo.com/bangladesh/4-RMG-workers-killed-in-Tangail-road-crash,tangail-mymensingh road near pouli bridge,Tangail,5,30,Bus,driver lost control over the wheels and skidded off the road,Bangladesh,event,road accident,2016-09-16,13:11:50,Sep,9,Moderate rain,13,Sep,driver lost control over the wheels and skidded off the road
5379,3 killed in B’baria road crash,2016-06-27 14:15:15,,bertola,Brahmanbaria,3,0,"Truck, Motorcycle",truck rammed a motorcycle,Bangladesh,event,road accident,2016-06-27,14:15:15,Jun,6,Light rain,14,Jun,truck rammed a motorcycle
5381,Elderly couple killed in road crash,2016-09-14 20:16:50,https://en.prothomalo.com/bangladesh/Elderly-couple-killed-in-road-crash,"shewrapara, in front of haji ashraf ali market",Dhaka,2,0,Car,speeding car hit pedestrians,Bangladesh,event,road accident,2016-09-14,20:16:50,Sep,9,Moderate rain,20,Sep,speeding car hit pedestrians
5391,2 drivers killed in bus-truck collision,2016-07-09 11:54:10,https://en.prothomalo.com/bangladesh/2-drivers-killed-in-bus-truck-collision-2,golra on the dhaka-aricha highway,Dhaka,2,20,Bus And A Truck,head-on collision,Bangladesh,event,road accident,2016-07-09,11:54:10,Jul,7,Moderate rain,11,Jul,head-on collision
5392,"3 killed in Tangail, Satkhira road crashes",2016-08-19 10:35:20,https://en.prothomalo.com/bangladesh/3-killed-in-Tangail-Satkhira-road-crashes,deuhata on the dhaka-tangail highway in mirzapur upazila,Tangail,2,0,Truck And Pickup,truck rammed into a pickup,Bangladesh,event,road accident,2016-08-19,10:35:20,Aug,8,Light rain,10,Aug,truck rammed into a pickup
5395,Road crashes kill 5 in Gazipur,2016-07-16 21:44:23,https://en.prothomalo.com/bangladesh/Road-crashes-kill-5-in-Gazipur,dhaka-mymensingh highway in gazipur’s sadar upazila,Gazipur,5,5,"Truck, Human Hauler (Leguna), Bus, Covered Van","speedy truck crashed into a human hauler from behind, bus collided with a covered van",Bangladesh,event,road accident,2016-07-16,21:44:23,Jul,7,Heavy rain,21,Jul,speedy truck crashed into a human hauler from behind bus collided with a covered van
5401,4 killed in Manikganj road crash,2016-07-15 17:44:47,https://en.prothomalo.com/bangladesh/4-killed-in-Manikganj-road-crash,ghior,Manikganj,5,7,Pickup Van And Passenger Bus,head-on collision between a pickup van and a passenger bus,Bangladesh,event,road accident,2016-07-15,17:44:47,Jul,7,Moderate rain,17,Jul,headon collision between a pickup van and a passenger bus
5403,AL leader killed by accidental gunshot,2016-04-24 20:04:02,https://en.prothomalo.com/bangladesh/AL-leader-killed-by-accidental-gunshot,rajshahi medical college hospital,Rajshahi,1,0,Revolver,accidental discharge of firearm while cleaning,Bangladesh,event,road accident,2016-04-24,20:04:02,Apr,4,,20,Apr,accidental discharge of firearm while cleaning
5404,‘Missing Jamaat leader’ found dead in Jhenaidah,2016-08-12 18:51:57,https://en.prothomalo.com/bangladesh/‘Missing-Jamaat-leader’-found-dead-in-Jhenidah,jorapukur on the harinakundu-jhenaidah road in harinakundu upazila,Jhenaidah,1,0,,,Bangladesh,event,road accident,2016-08-12,18:51:57,Aug,8,Light rain,18,Aug,
5408,Gas cylinder blast kills two in Savar,2016-04-14 20:59:03,https://en.prothomalo.com/bangladesh/Gas-cylinder-blast-kills-one-in-Savar,delta filling station,Dhaka,2,4,Car,faulty gas cylinder blast,Bangladesh,event,road accident,2016-04-14,20:59:03,Apr,4,Moderate rain,20,Apr,faulty gas cylinder blast
5413,"BNP leader Mahbub, wife injured in road crash",2016-06-25 20:38:22,https://en.prothomalo.com/bangladesh/BNP-leader-Mahbub-wife-injured-in-road-crash,dinajpur,Dinajpur,0,2,,,Bangladesh,event,road accident,2016-06-25,20:38:22,Jun,6,Light rain,20,Jun,
5414,Three including SI killed in N’ganj road crash,2016-06-15 22:17:48,https://en.prothomalo.com/bangladesh/Three-including-SI-killed-in-N’ganj-road-crash,kanchpur,Narayanganj,3,10,,,Bangladesh,event,road accident,2016-06-15,22:17:48,Jun,6,Moderate rain,22,Jun,
5423,"Woman, daughter among 4 killed in Manikganj",2016-07-15 14:42:07,https://en.prothomalo.com/bangladesh/Woman-daughter-among-4-killed-on-Aricha-road,dhaka-aricha highway at tara in ghior upazila,Manikganj,4,3,Bus And Pick-Up Van,bus rammed a pick-up van,Bangladesh,event,road accident,2016-07-15,14:42:07,Jul,7,Moderate rain,14,Jul,bus rammed a pickup van
5424,Narsingdi road crash kills 2,2016-06-02 19:38:33,https://en.prothomalo.com/bangladesh/Narsingdi-road-crash-kills-2-4,dhaka-sylhet highway in shibpur upazila,Narayanganj,2,2,"Bus, Microbus",head-on collision,Bangladesh,event,road accident,2016-06-02,19:38:33,Jun,6,Light rain,19,Jun,head-on collision
5425,Narsingdi road crash kills 2,2016-06-02 19:38:33,https://en.prothomalo.com/bangladesh/Narsingdi-road-crash-kills-2-2,dhaka-sylhet highway in shibpur upazila,Narayanganj,2,2,"Bus, Microbus",head-on collision,Bangladesh,event,road accident,2016-06-02,19:38:33,Jun,6,Light rain,19,Jun,head-on collision
5426,Narsingdi road crash kills 2,2016-06-02 19:38:33,https://en.prothomalo.com/bangladesh/Narsingdi-road-crash-kills-2,karar chak on the dhaka-sylhet highway,Narayanganj,2,2,"Bus, Microbus",head-on collision,Bangladesh,event,road accident,2016-06-02,19:38:33,Jun,6,Light rain,19,Jun,head-on collision
5427,Dhaka-M’singh highway faces traffic jam after road crash,2016-04-16 11:31:56,https://en.prothomalo.com/bangladesh/Dhaka-M’singh-highway-faces-traffic-jam-after-road,signboard,Mymensingh,0,0,Truck,head on collision,Bangladesh,event,road accident,2016-04-16,11:31:56,Apr,4,Heavy rain,11,Apr,head-on collision
5428,Bodies of 2 Kishoreganj boat capsize victims recovered,2016-05-14 20:18:24,https://en.prothomalo.com/bangladesh/Bodies-of-2-Kishoreganj-boat-capsize-victims,katiarkanda area of itna upazila,Kishoreganj,2,0,,boat capsize,Bangladesh,event,road accident,2016-05-14,20:18:24,May,5,Moderate rain,20,May,boat capsize
5434,Two killed in Gazipur road crash,2016-05-30 11:01:33,https://en.prothomalo.com/bangladesh/Two-killed-in-Gazipur-road-crash-2,chandra-nabinagar highway in tetuibari area,Gazipur,2,5,"Truck, Bus",truck hit a bus,Bangladesh,event,road accident,2016-05-30,11:01:33,May,5,Light rain,11,May,truck hit a bus
5437,3 killed Bogra road crash,2016-06-04 21:45:54,https://en.prothomalo.com/bangladesh/3-killed-Bogra-road-crash,dhaka-bogra highway at mokamtola,Bogra,3,2,Auto-Rickshaw And Bus,bus hit the auto-rickshaw,Bangladesh,event,road accident,2016-06-04,21:45:54,Jun,6,Mainly clear,21,Jun,bus hit the autorickshaw
5438,Truck-pickup collision hurts 28 cops,2016-04-29 15:57:45,https://en.prothomalo.com/bangladesh/Truck-pickup-collision-hurts-28-cops,'6th mile' area of babuganj upazila,,0,28,"Pickup Van, Truck",head-on collision between pickup van and truck,Bangladesh,event,road accident,2016-04-29,15:57:45,Apr,4,,15,Apr,headon collision between pickup van and truck
5444,5 killed in Cox’s Bazar road crash,2016-05-03 15:35:49,,cox’s bazar-chittagong highway,Cox's Bazar,5,15,"Bus, Pickup Van",head-on collision,Bangladesh,event,road accident,2016-05-03,15:35:49,May,5,Heavy rain,15,May,head-on collision
5447,No unfit vessels on rivers during Eid: shipping minister,2016-06-28 17:45:32,https://en.prothomalo.com/bangladesh/No-unfit-vessels-on-rivers-during-Eid-shipping,river routes,Dhaka,0,0,"River Vessels, Launch","unfit river vessels, excess passengers",Bangladesh,event,road accident,2016-06-28,17:45:32,Jun,6,Light rain,17,Jun,unfit river vessels excess passengers
5455,Bogra crash death toll reaches 10,2016-06-03 12:19:54,https://en.prothomalo.com/bangladesh/8-killed-in-Bogra-road-crash,dhaka-bogra highway in sherpur upazila of bogra,Bogra,10,20,"Truck, Bus",collision,Bangladesh,event,road accident,2016-06-03,12:19:54,Jun,6,Light rain,12,Jun,collision
5457,9 killed in Rangpur road crash,2016-04-20 12:43:56,https://en.prothomalo.com/bangladesh/9-killed-in-Rangpur-road-crash,"tero mile, on the rangpur-syedpur highway",Rangpur,9,40,Bus,head on collision,Bangladesh,event,road accident,2016-04-20,12:43:56,Apr,4,Light rain,12,Apr,head-on collision
5465,"Spending 25 yrs in jail without trial, Babul is free but...",2017-02-16 17:22:29,https://en.prothomalo.com/youth/Spending-25-yrs-in-jail-without-trial-Babul-is-2,dhaka-chittagong highway,Brahmanbaria,0,0,Bus,robbery on bus,Bangladesh,event,road accident,2017-02-16,17:22:29,Feb,2,Partly cloudy,17,Feb,robbery on bus
5466,"HSTU student killed in road crash, vehicles vandalised",2016-06-16 21:22:26,https://en.prothomalo.com/bangladesh/HSTU-student-killed-in-road-crash-vehicles,hajee mohammad danesh science and technology university (hstu) campus,Dinajpur,1,0,Multiple Vehicles,unknown road accident,Bangladesh,event,road accident,2016-06-16,21:22:26,Jun,6,Moderate rain,21,Jun,unknown road accident
5468,48-hr transport strike in Khulna division from Sunday,2016-05-14 18:02:46,https://en.prothomalo.com/bangladesh/48-hr-transport-strike-in-Khulna-division-from,khulna division,Chuadanga,0,0,Bus,strike related demands,Bangladesh,event,road accident,2016-05-14,18:02:46,May,5,Light rain,18,May,strike related demands
5473,Newly elected UP member killed in C’nawabganj road crash,2016-04-25 13:09:50,https://en.prothomalo.com/bangladesh/Newly-elected-UP-member-killed-in-C’nawabganj-road,rohonpur dhulauri area,Nawabganj,1,0,"Bicycle, Truck",truck hit bicycle,Bangladesh,event,road accident,2016-04-25,13:09:50,Apr,4,Clear sky,13,Apr,truck hit bicycle
5481,2 killed in Gazipur road crash,2016-05-13 14:36:10,https://en.prothomalo.com/bangladesh/2-killed-in-Gazipur-road-crash-5,bhogra bypass area,Gazipur,2,0,"Bus, Motorcycle",bus rammed a motorcycle,Bangladesh,event,road accident,2016-05-13,14:36:10,May,5,Heavy rain,14,May,bus rammed a motorcycle
5482,2 killed in Gazipur road crash,2016-05-13 14:36:10,https://en.prothomalo.com/bangladesh/2-killed-in-Gazipur-road-crash-4,bhogra bypass area,Gazipur,2,0,"Bus, Motorcycle",bus rammed a motorcycle,Bangladesh,event,road accident,2016-05-13,14:36:10,May,5,Heavy rain,14,May,bus rammed a motorcycle
5483,2 killed in Gazipur road crash,2016-05-13 14:36:10,https://en.prothomalo.com/bangladesh/2-killed-in-Gazipur-road-crash-3,bhogra bypass area,Gazipur,2,0,"Bus, Motorcycle",bus rammed a motorcycle,Bangladesh,event,road accident,2016-05-13,14:36:10,May,5,Heavy rain,14,May,bus rammed a motorcycle
5484,2 killed in Gazipur road crash,2016-05-13 14:36:10,https://en.prothomalo.com/bangladesh/2-killed-in-Gazipur-road-crash,bhogra bypass area,Gazipur,2,0,"Bus, Motorcycle",bus rammed a motorcycle,Bangladesh,event,road accident,2016-05-13,14:36:10,May,5,Heavy rain,14,May,bus rammed a motorcycle
5493,Jubo Dal leader killed in Ctg road crash,2016-04-29 23:53:03,https://en.prothomalo.com/bangladesh/Jubo-Dal-leader-killed-in-Ctg-road-crash,sitakunda upazila headquarters,Chattogram,1,4,"Motorcycle, Covered Van, Private Car","covered van hit motorcycle, covered van hit private car",Bangladesh,event,road accident,2016-04-29,23:53:03,Apr,4,Partly cloudy,23,Apr,covered van hit motorcycle covered van hit private car
5495,Death of three motorbike riders,2016-06-29 13:33:16,https://en.prothomalo.com/opinion/Death-of-three-motorbike-riders,sarail highway,Brahmanbaria,3,0,"Truck, Motorcycle","police allegedly threw a stick at a motorbike, causing it to skid and be hit by a truck.",Bangladesh,event,road accident,2016-06-29,13:33:16,Jun,6,Light rain,13,Jun,police allegedly threw a stick at a motorbike causing it to skid and be hit by a truck
5499,2 killed in road crash,2016-04-16 15:55:49,https://en.prothomalo.com/bangladesh/2-killed-in-road-crash-11,savar,Dhaka,2,10,,,Bangladesh,event,road accident,2016-04-16,15:55:49,Apr,4,Moderate rain,15,Apr,
5502,2 killed in road crash,2016-04-16 15:55:49,https://en.prothomalo.com/bangladesh/2-killed-in-road-crash-7,savar,Dhaka,2,10,,,Bangladesh,event,road accident,2016-04-16,15:55:49,Apr,4,Moderate rain,15,Apr,
5503,2 killed in road crash,2016-04-16 15:55:49,https://en.prothomalo.com/bangladesh/2-killed-in-road-crash-4,savar,Dhaka,2,10,,,Bangladesh,event,road accident,2016-04-16,15:55:49,Apr,4,Moderate rain,15,Apr,
5512,4 killed in Bogra bus-truck collision,2016-05-07 10:24:04,https://en.prothomalo.com/bangladesh/4-killed-in-Bogra-bus-truck-collision-2,"ghoga bridge, sherpur upazila",Bogra,4,15,"Bus, Truck",head-on collision,Bangladesh,event,road accident,2016-05-07,10:24:04,May,5,Moderate rain,10,May,head-on collision
5513,"Driver, helper killed in Habiganj road crash",2016-03-25 10:57:33,https://en.prothomalo.com/bangladesh/Driver-helper-killed-in-Habiganj-road-crash,karanji bridge area,Habiganj,2,10,Bus,head-on collision,Bangladesh,event,road accident,2016-03-25,10:57:33,Mar,3,Clear sky,10,Mar,head-on collision
5515,"Explain wrong side driving, HC asks govt",2016-05-04 17:15:59,https://en.prothomalo.com/bangladesh/Explain-wrong-side-driving-HC-asks-govt,capital,Dhaka,0,0,Vehicles,driving on the wrong side of the road,Bangladesh,event,road accident,2016-05-04,17:15:59,May,5,Heavy rain,17,May,driving on the wrong side of the road
5518,"Road crashes kill four in Lalmonirhat, Khulna",2016-06-14 21:11:15,https://en.prothomalo.com/bangladesh/Road-crashes-kill-four-in-Lalmonirhat-and-Khulna,"barakhata level crossing, hatibandha upazila",Lalmonirhat,2,5,Truck,head-on collision,Bangladesh,event,road accident,2016-06-14,21:11:15,Jun,6,Light rain,21,Jun,head-on collision
5519,3 killed in Nilphamari motorcycle collision,2016-04-11 22:07:29,https://en.prothomalo.com/bangladesh/3-killed-in-Nilphamari-motorcycle-collision,chakirbazar,Kishoreganj,3,0,Motorcycle,head-on collision between two motorcycles,Bangladesh,event,road accident,2016-04-11,22:07:29,Apr,4,Partly cloudy,22,Apr,headon collision between two motorcycles
5532,2 killed in Dinajpur road crash,2016-03-10 12:06:55,,bhanga madrasah,Dinajpur,2,0,Truck And Rickshaw Van,head-on collision,Bangladesh,event,road accident,2016-03-10,12:06:55,Mar,3,Mainly clear,12,Mar,head-on collision
5534,Man hit by auto-rickshaw near PMO diues,2016-02-28 12:56:30,https://en.prothomalo.com/bangladesh/Man-hit-by-auto-rickshaw-near-PMO-diues,tejgaon area,Dhaka,1,0,Auto Rickshaw (Cng),hit by a speeding cng-run auto-rickshaw while crossing the road,Bangladesh,event,road accident,2016-02-28,12:56:30,Feb,2,Light rain,12,Feb,hit by a speeding cngrun autorickshaw while crossing the road
5539,"ASI killed, 3 injured in road crash",2016-03-12 17:36:43,https://en.prothomalo.com/bangladesh/ASI-killed-3-injured-in-road-crash,puspwadham of bagherbazar,Gazipur,1,3,"Truck, Police Microbus",sand-laden truck hit a police microbus,Bangladesh,event,road accident,2016-03-12,17:36:43,Mar,3,Partly cloudy,17,Mar,sandladen truck hit a police microbus
5543,2 officials found responsible in Ctg blast,2016-08-31 20:27:38,https://en.prothomalo.com/bangladesh/2-officials-found-responsible-in-Ctg-gas-tank,anwara upazila,Chattogram,0,50,Industrial Equipment (Ammonia Tank),ammonia tank explosion,Bangladesh,event,road accident,2016-08-31,20:27:38,Aug,8,Light rain,20,Aug,ammonia tank explosion
5548,ACC approves chargesheet against Sohel Rana in graft case,2016-08-01 19:50:48,https://en.prothomalo.com/bangladesh/ACC-approves-chargesheet-against-Sohel-Rana-in,ramna police station,Dhaka,0,0,,"graft case, accumulating wealth illegally",Bangladesh,event,road accident,2016-08-01,19:50:48,Aug,8,Dense rain,19,Aug,graft case accumulating wealth illegally
5553,3 of a family die as bus hits car at Khilkhet,2016-03-20 20:26:34,https://en.prothomalo.com/bangladesh/3-of-a-family-die-as-bus-hits-car-at-Khilkhet,airport road at khilkhet,Dhaka,3,1,Bus And Private Car,bus crashed into the car from behind,Bangladesh,event,road accident,2016-03-20,20:26:34,Mar,3,Light rain,20,Mar,bus crashed into the car from behind
5555,Reckless bus kills schoolteacher,2016-03-02 13:03:57,,kamalapur,Dhaka,1,0,Bus,rashly-driven,Bangladesh,event,road accident,2016-03-02,13:03:57,Mar,3,Mainly clear,13,Mar,rashlydriven
5556,"Mother, son killed in Rajshahi car-truck collision",2016-03-10 00:04:36,,muraripur area,Rajshahi,2,1,Private Car And A Truck,head-on collision,Bangladesh,event,road accident,2016-03-10,00:04:36,Mar,3,,0,Mar,head-on collision
5557,Leguna driver dies after train collision,2015-12-20 11:14:46,,mahakhali level crossing,Dhaka,1,0,Human Hauler (Leguna),train collision,Bangladesh,event,road accident,2015-12-20,11:14:46,Dec,12,Mainly clear,11,Dec,train collision
5560,Bus overturns killing 3 at Chauddagram,2016-02-28 10:34:13,https://en.prothomalo.com/bangladesh/Bus-overturns-killing-3-at-Chauddagram,dhaka-chittagong highway in chauddagram upazila headquarters,Cumilla,3,8,Bus,bus overturned after hitting a road divider,Bangladesh,event,road accident,2016-02-28,10:34:13,Feb,2,Mainly clear,10,Feb,bus overturned after hitting a road divider
5566,Two killed on Chauddagram highway,2016-03-06 11:42:35,https://en.prothomalo.com/bangladesh/Two-killed-on-Chauddagram-highway,"sujatpur, chauddagram upazila",Cumilla,2,0,Pickup Van,speeding vehicle hit pedestrians,Bangladesh,event,road accident,2016-03-06,11:42:35,Mar,3,Moderate rain,11,Mar,speeding vehicle hit pedestrians
5568,Schoolgirl crushed under bus,2016-02-06 21:21:11,https://en.prothomalo.com/bangladesh/Schoolgirl-crushed-under-bus,gopal village,Sylhet,1,0,Bus,speeding bus,Bangladesh,event,road accident,2016-02-06,21:21:11,Feb,2,Mainly clear,21,Feb,speeding bus
5573,"2 killed in separate road crashes in Nilphamari, Chandpur",2016-03-18 20:56:14,https://en.prothomalo.com/bangladesh/2-killed-in-separate-road-crashes-in-Nilphamari,kachharipara village of sadar upazila,Nilphamari,1,0,"Van, Fire Service Vehicle",hit by fire service vehicle,Bangladesh,event,road accident,2016-03-18,20:56:14,Mar,3,Partly cloudy,20,Mar,hit by fire service vehicle
5587,Cop among 2 killed in Comilla road crash,2016-02-08 15:45:44,https://en.prothomalo.com/bangladesh/Cop-among-2-killed-in-Comilla-road-crash,eliotganj area of daudkandi upazila,Cumilla,2,3,"Covered Van, Pick-Up Van, Lorry","chittagong-bound covered van hit a stationary pick-up van, then a lorry hit both vehicles",Bangladesh,event,road accident,2016-02-08,15:45:44,Feb,2,Partly cloudy,15,Feb,chittagongbound covered van hit a stationary pickup van then a lorry hit both vehicles
5590,4 die on Bangabandhu Bridge,2016-01-09 12:20:14,https://en.prothomalo.com/bangladesh/4-die-on-Bangabandhu-Bridge,bangabandhu bridge,,4,20,"Bus, Truck",collision due to dense fog,Bangladesh,event,road accident,2016-01-09,12:20:14,Jan,1,,12,Jan,collision due to dense fog
5591,Truck ploughs thru’ house killing 3,2016-01-26 12:26:08,https://en.prothomalo.com/bangladesh/Truck-ploughs-thru’-house-killing-3,dwariapur municipality area,Sirajganj,3,0,Truck,truck ploughed through a house,Bangladesh,event,road accident,2016-01-26,12:26:08,Jan,1,Partly cloudy,12,Jan,truck ploughed through a house
5593,2 die as microbus hits CNG 3-wheeler,2016-01-17 11:39:21,https://en.prothomalo.com/bangladesh/2-die-as-microbus-hits-CNG-3-wheeler,banglabazar area of begumganj upazila,Noakhali,2,3,"Microbus, Cng-Run Auto-Rickshaw",microbus hit the auto-rickshaw while overtaking,Bangladesh,event,road accident,2016-01-17,11:39:21,Jan,1,rain not reaching ground,11,Jan,microbus hit the autorickshaw while overtaking
5599,Man killed in city road crash,2016-02-12 19:32:13,https://en.prothomalo.com/bangladesh/Man-killed-in-city-road-accident,shanir akhra,Dhaka,1,1,Microbus,driver lost control over the steering,Bangladesh,event,road accident,2016-02-12,19:32:13,Feb,2,Light rain,19,Feb,driver lost control over the steering
5600,Man killed in city road crash,2016-02-12 19:32:13,https://en.prothomalo.com/bangladesh/Man-killed-in-city-road-crash-7,shanir akhra,Dhaka,1,1,Microbus,driver lost control,Bangladesh,event,road accident,2016-02-12,19:32:13,Feb,2,Light rain,19,Feb,driver lost control
5601,Man killed in city road crash,2016-02-12 19:32:13,https://en.prothomalo.com/bangladesh/Man-killed-in-city-road-crash-9,"shanir akhra, jatrabari",Dhaka,1,1,Microbus,driver lost control over steering,Bangladesh,event,road accident,2016-02-12,19:32:13,Feb,2,Light rain,19,Feb,driver lost control over steering
5602,Man killed in city road crash,2016-02-12 19:32:13,https://en.prothomalo.com/bangladesh/Man-killed-in-city-road-crash-5,shanir akhra,Dhaka,1,1,Microbus,driver lost control of the steering,Bangladesh,event,road accident,2016-02-12,19:32:13,Feb,2,Light rain,19,Feb,driver lost control of the steering
5603,Man killed in city road crash,2016-02-12 19:32:13,https://en.prothomalo.com/bangladesh/Man-killed-in-city-road-crash-3,shanir akhra,Dhaka,1,1,Microbus,driver lost control over the steering,Bangladesh,event,road accident,2016-02-12,19:32:13,Feb,2,Light rain,19,Feb,driver lost control over the steering
5604,Man killed in city road crash,2016-02-12 19:32:13,https://en.prothomalo.com/bangladesh/Man-killed-in-city-road-crash,shanir akhra,Dhaka,1,1,Microbus,driver lost control over steering,Bangladesh,event,road accident,2016-02-12,19:32:13,Feb,2,Light rain,19,Feb,driver lost control over steering
5606,Road crashes kill 3 in Nilphamari,2016-03-07 22:24:54,https://en.prothomalo.com/bangladesh/Road-crashes-kill-3-in-Nilphamari,dimla and saidpur upazilas of nilphamari,Nilphamari,3,0,"Tractor, Van, Truck","driver lost control over steering, speeding truck hit van",Bangladesh,event,road accident,2016-03-07,22:24:54,Mar,3,Mainly clear,22,Mar,driver lost control over steering speeding truck hit van
5607,Councillor candidate killed in Madaripur road crash,2015-12-27 22:46:56,https://en.prothomalo.com/bangladesh/Councillor-candidate-killed-in-Madaripur-road,bhorghata-kalkini road,Madaripur,1,0,Motorcycle,speeding motorcycle hit the deceased while crossing the road,Bangladesh,event,road accident,2015-12-27,22:46:56,Dec,12,Clear sky,22,Dec,speeding motorcycle hit the deceased while crossing the road
5609,Transport strike in 21 dists called off,2016-05-17 00:11:30,https://en.prothomalo.com/bangladesh/Transport-strike-in-21-southwestern-dists-called,,,0,0,,transport strike,Bangladesh,event,road accident,2016-05-17,00:11:30,May,5,,0,May,transport strike
5620,College students block highway in Comilla,2016-02-15 00:31:55,https://en.prothomalo.com/bangladesh/College-students-block-highway-in-Comilla,dhaka-chittagong highway,Cumilla,1,0,,road accident involving a student,Bangladesh,event,road accident,2016-02-15,00:31:55,Feb,2,Mainly clear,0,Feb,road accident involving a student
5629,Schoolgirl killed in road crash,2016-01-16 15:43:06,https://en.prothomalo.com/bangladesh/Schoolgirl-killed-in-road-crash-2,shahbag area,Dhaka,1,0,Bus,vehicle ran over victim,Bangladesh,event,road accident,2016-01-16,15:43:06,Jan,1,Mainly clear,15,Jan,vehicle ran over victim
5630,Schoolgirl killed in road crash,2016-01-16 15:43:06,https://en.prothomalo.com/bangladesh/Schoolgirl-killed-in-road-crash,shahbag area,Dhaka,1,0,Bus,vehicle ran over student,Bangladesh,event,road accident,2016-01-16,15:43:06,Jan,1,Mainly clear,15,Jan,vehicle ran over student
5633,Four Jubo League men killed in Meherpur road crash,2016-03-17 22:54:56,https://en.prothomalo.com/bangladesh/Four-Jubo-League-men-killed-in-Meherpur-road-crash,chak shyamnagar,Meherpur,5,12,"Bus, Human-Hauler",picnic bus crashed into a human-hauler,Bangladesh,event,road accident,2016-03-17,22:54:56,Mar,3,Partly cloudy,22,Mar,picnic bus crashed into a humanhauler
5639,Govt plans 42km Airport-EPZ flyover,2016-02-23 14:11:56,https://en.prothomalo.com/bangladesh/Govt-plans-42km-Airport-EPZ-flyover,ashulia area,Dhaka,0,0,,,Bangladesh,event,road accident,2016-02-23,14:11:56,Feb,2,Partly cloudy,14,Feb,
5645,3 killed in Comilla road crash,2015-11-24 11:11:00,https://en.prothomalo.com/bangladesh/3-killed-in-Comilla-road-crash-5,laksam upazila headquarters,Cumilla,3,3,"Truck, Auto-Rickshaw",head-on collision,Bangladesh,event,road accident,2015-11-24,11:11:00,Nov,11,Precipitation not reaching ground,11,Nov,head-on collision
5648,3 killed in Comilla road crash,2015-11-24 11:11:00,https://en.prothomalo.com/bangladesh/3-killed-in-Comilla-road-crash,laksam upazila headquarters,Cumilla,3,3,"Truck, Auto-Rickshaw",head-on collision,Bangladesh,event,road accident,2015-11-24,11:11:00,Nov,11,Precipitation not reaching ground,11,Nov,head-on collision
5653,Two crushed under SUST teacher’s car,2016-01-23 20:17:58,https://en.prothomalo.com/bangladesh/2-people-crushed-under-SUST-teacher’s-car,near main gate area of the university campus,Sylhet,2,1,Car,car hit them,Bangladesh,event,road accident,2016-01-23,20:17:58,Jan,1,Partly cloudy,20,Jan,car hit them
5662,SUST teacher sued over road crash,2016-01-25 15:47:06,https://en.prothomalo.com/bangladesh/SUST-teacher-sued-over-road-crash,shahjalal university of science technology (sust) campus,Sylhet,2,0,Car,vehicle collision (car knocked down pedestrians),Bangladesh,event,road accident,2016-01-25,15:47:06,Jan,1,Mainly clear,15,Jan,vehicle collision car knocked down pedestrians
5663,SUST teacher sued over road crash killing 2 on campus,2016-01-25 13:59:14,https://en.prothomalo.com/bangladesh/SUST-teacher-sued-over-road-crash-killing-2-on,"sust campus, near the main gate",Sylhet,2,0,Car,vehicle hitting pedestrians,Bangladesh,event,road accident,2016-01-25,13:59:14,Jan,1,Mainly clear,13,Jan,vehicle hitting pedestrians
5668,2 university students crushed on Trishal highway,2015-12-28 21:36:33,https://en.prothomalo.com/bangladesh/2-university-students-crushed-on-Trishal-highway,dorirampur area on dhaka-mymensingh highway,Mymensingh,2,0,,,Bangladesh,event,road accident,2015-12-28,21:36:33,Dec,12,rain not reaching ground,21,Dec,
5670,Mymensingh road crash kills 6,2015-11-07 09:54:39,https://en.prothomalo.com/bangladesh/Mymensingh-road-crash-kills-6,meherabari,Mymensingh,6,20,Bus,plunged into a ditch,Bangladesh,event,road accident,2015-11-07,09:54:39,Nov,11,Mainly clear,9,Nov,plunged into a ditch
5674,4 killed in Sylhet road crash,2015-12-27 12:13:04,https://en.prothomalo.com/bangladesh/4-killed-in-Sylhet-road-crash-3,moglabazar,Sylhet,4,2,Truck And Private Car,speeding truck hit private car from behind,Bangladesh,event,road accident,2015-12-27,12:13:04,Dec,12,Clear sky,12,Dec,speeding truck hit private car from behind
5687,3 more bodies recovered in Meghna trawler capsize,2016-02-01 21:35:16,https://en.prothomalo.com/bangladesh/2-more-bodies-recovered-in-Meghna-trawler-capsize,meghna river,Chandpur,7,0,Trawler,capsize,Bangladesh,event,road accident,2016-02-01,21:35:16,Feb,2,Light rain,21,Feb,capsize
5694,SUST teacher goes into hiding,2016-01-24 18:58:35,https://en.prothomalo.com/bangladesh/SUST-teacher-goes-into-hiding-after-car-crash,near main gate of the campus,Sylhet,2,0,Car,crash,Bangladesh,event,road accident,2016-01-24,18:58:35,Jan,1,"Snow, moderate",18,Jan,crash
5695,"PM calls for constant vigilance against militancy, terrorism",2016-09-13 15:21:27,,tampaco factory,Gazipur,0,0,,safety measures not ensured,Bangladesh,event,road accident,2016-09-13,15:21:27,Sep,9,Light rain,15,Sep,safety measures not ensured
5698,Man crushed between two buses,2015-09-06 10:50:25,https://en.prothomalo.com/international/Man-crushed-between-two-buses,jatrabari,Dhaka,1,0,Bus,crushed between two buses,Bangladesh,event,road accident,2015-09-06,10:50:25,Sep,9,Moderate rain,10,Sep,crushed between two buses
5704,"Satkhira road crash kills mother, daughter",2015-11-20 20:52:00,,satkhira-jessore highway in sadar upazila,Satkhira,2,0,Bus,bus hit victims from behind,Bangladesh,event,road accident,2015-11-20,20:52:00,Nov,11,Mainly clear,20,Nov,bus hit victims from behind
5706,Another ASI killed in road crash,2015-11-10 15:27:33,,court academy school,Rajshahi,1,0,,,Bangladesh,event,road accident,2015-11-10,15:27:33,Nov,11,,15,Nov,
5707,ASA univ students block city street,2016-02-23 16:56:59,https://en.prothomalo.com/bangladesh/ASA-univ-students-block-city-street,mirpur road in front of asa university bangladesh,Dhaka,1,0,,a student died in a road accident,Bangladesh,event,road accident,2016-02-23,16:56:59,Feb,2,Partly cloudy,16,Feb,a student died in a road accident
5718,Ctg road crashes kill 3,2015-10-29 18:40:23,https://en.prothomalo.com/bangladesh/Ctg-road-crashes-kill-3,dhaka-chittagong highway,Dhaka,3,2,,,Bangladesh,event,road accident,2015-10-29,18:40:23,Oct,10,Partly cloudy,18,Oct,
5724,30 injured in Barisal road crash,2015-09-18 10:29:50,https://en.prothomalo.com/bangladesh/30-injured-in-Barisal-road-crash,rupatoli on the barisal-patuakhali highway,Patuakhali,0,30,Bus,slamming against a boundary wall,Bangladesh,event,road accident,2015-09-18,10:29:50,Sep,9,Moderate rain,10,Sep,slamming against a boundary wall
5725,Land minister’s son among 7 killed in road crashes,2016-01-09 18:09:19,https://en.prothomalo.com/bangladesh/Land-minister’s-son-among-7-killed-in-Bangabandhu,eastern side of bangabandhu bridge in bhuapur upazila,Tangail,7,45,"Bus, Truck, Police Vehicle, Private Car, Ambulance",opaque visibility caused by dense fog,Bangladesh,event,road accident,2016-01-09,18:09:19,Jan,1,Light rain,18,Jan,opaque visibility caused by dense fog
5727,2 killed as bus hits human hauler,2015-10-22 11:06:01,https://en.prothomalo.com/bangladesh/2-killed-as-bus-hits-human-hauler,rajshahi-chapainawabganj highway,Faridpur,2,0,"Bus, Human Hauler",collision,Bangladesh,event,road accident,2015-10-22,11:06:01,Oct,10,Mainly clear,11,Oct,collision
5728,Transport strike in Rajshahi from Sunday,2015-11-14 20:44:56,https://en.prothomalo.com/bangladesh/Indefinite-transport-strike-in-Rajshahi-from,rajshahi district,Rajshahi,0,0,Unauthorised Vehicles,movement of unauthorised vehicles on roads and highways,Bangladesh,event,road accident,2015-11-14,20:44:56,Nov,11,,20,Nov,movement of unauthorised vehicles on roads and highways
5732,Cattle-loaded trawler capsizes in Padma,2015-09-23 20:44:27,https://en.prothomalo.com/bangladesh/Cattle-loaded-trawler-capsizes-in-Padma,padma river near shimulia ghat of lauhajang upazila,Munshiganj,0,0,"Trawler, Launch",collision between trawler and launch,Bangladesh,event,road accident,2015-09-23,20:44:27,Sep,9,Moderate rain,20,Sep,collision between trawler and launch
5746,Tangail auto-rickshaw crash kills 3,2015-10-25 11:12:08,https://en.prothomalo.com/bangladesh/Tangail-auto-rickshaw-crash-kills-3,gangair on the tangail-mymensingh highway in madhupur upazila,Tangail,3,3,"Auto-Rickshaw, Truck",speeding truck hit the auto-rickshaw,Bangladesh,event,road accident,2015-10-25,11:12:08,Oct,10,Clear sky,11,Oct,speeding truck hit the autorickshaw
5747,RMG workers block roads to Kamalapur,2015-12-08 13:53:52,https://en.prothomalo.com/bangladesh/RMG-workers-block-roads-to-Kamalapur,near kamalapur train station,Dhaka,1,2,Bus,bus hit pedestrians,Bangladesh,event,road accident,2015-12-08,13:53:52,Dec,12,Light rain,13,Dec,bus hit pedestrians
5750,BGMEA rejects TIB report terming it baseless,2016-01-15 22:16:05,https://en.prothomalo.com/business/BGMEA-rejects-TIB-report-terming-it-baseless,dhaka,Dhaka,0,0,,,Bangladesh,event,road accident,2016-01-15,22:16:05,Jan,1,Partly cloudy,22,Jan,
5752,Comilla road crash kills 3,2015-10-14 16:07:31,https://en.prothomalo.com/bangladesh/Comilla-road-crash-kills-3,dhaka-chittagong highway at sangkarpur,Dhaka,3,14,,,Bangladesh,event,road accident,2015-10-14,16:07:31,Oct,10,Light rain,16,Oct,
5754,2 army men killed in Cox’s Bazar road crash,2015-10-04 21:51:52,https://en.prothomalo.com/bangladesh/2-army-men-killed-in-Cox’s-Bazar-road-crash,chakaria upazila,Cox's Bazar,2,0,Vehicle,plunged into a ditch,Bangladesh,event,road accident,2015-10-04,21:51:52,Oct,10,Moderate rain,21,Oct,plunged into a ditch
5755,Barricade in Ashulia after road crash kills RMG worker,2015-10-12 12:28:44,https://en.prothomalo.com/bangladesh/Barricade-in-Ashulia-after-road-crash-kills-RMG,"jamgara, ashulia",Dhaka,1,0,"Bus, Human Hauler",speeding bus ran over pedestrian,Bangladesh,event,road accident,2015-10-12,12:28:44,Oct,10,Moderate rain,12,Oct,speeding bus ran over pedestrian
5756,"2 siblings, their cousin killed in Rangpur road crash",2015-10-19 20:27:18,https://en.prothomalo.com/bangladesh/2-siblings-their-cousin-killed-in-Rangpur-road-2,darshana intersection,Rangpur,3,0,"Bus, Bicycle",bus crashed into bicycle,Bangladesh,event,road accident,2015-10-19,20:27:18,Oct,10,Mainly clear,20,Oct,bus crashed into bicycle
5766,Cox’s Bazar road crash kills 3,2015-10-15 21:40:52,,khutakhali dhal area on chittagong-cox’s bazar highway,Cox's Bazar,3,7,"Pickup Van, Microbus",collision between pickup van and microbus,Bangladesh,event,road accident,2015-10-15,21:40:52,Oct,10,Light rain,21,Oct,collision between pickup van and microbus
5778,Road crashes kill at least 43 during Eid vacation,2016-07-09 22:23:37,https://en.prothomalo.com/bangladesh/Road-crashes-kill-at-least-43-during-Eid-vacation,"rangpur-dinajpur highway, taraganj upazila, rangpur district",Rangpur,6,0,"Minibus, Battery-Run Auto-Rickshaw",minibus hit a battery-run auto-rickshaw from behind,Bangladesh,event,road accident,2016-07-09,22:23:37,Jul,7,Moderate rain,22,Jul,minibus hit a batteryrun autorickshaw from behind
5784,Dhaka attack damages post-Rana Plaza progress,2016-07-05 20:24:34,https://en.prothomalo.com/business/Dhaka-attack-damages-post-Rana-Plaza-progress,dhaka’s diplomatic zone,Dhaka,20,0,,attack by islamist militants,Bangladesh,event,road accident,2016-07-05,20:24:34,Jul,7,Moderate rain,20,Jul,attack by islamist militants
5788,Vessel plying thru Sundarbans banned after 1:00pm,2015-12-07 21:57:49,https://en.prothomalo.com/bangladesh/Vessel-plying-thru-Sundarbans-banned-after-1-00pm,sundarbans,,0,0,Heavy Vessels,violation of plying hours leading to potential accidents,Bangladesh,event,road accident,2015-12-07,21:57:49,Dec,12,,21,Dec,violation of plying hours leading to potential accidents
5794,Chittagong road crash kills 5,2015-10-09 19:17:56,https://en.prothomalo.com/bangladesh/Chittagong-road-crash-kills-5,monsha area of patiya upazila,Chattogram,5,4,Bus And Cng-Run Auto-Rickshaw,collision,Bangladesh,event,road accident,2015-10-09,19:17:56,Oct,10,Heavy rain,19,Oct,collision
5799,2 killed in road crash,2015-08-10 15:02:24,https://en.prothomalo.com/bangladesh/2-killed-in-road-crash-13,dhaka-rangpur highway in bhaperhat area,Gaibandha,2,4,"Bus, Truck",collision,Bangladesh,event,road accident,2015-08-10,15:02:24,Aug,8,Moderate rain,15,Aug,collision
5800,2 killed in road crash,2015-08-10 15:02:24,https://en.prothomalo.com/bangladesh/2-killed-in-road-crash-10,dhaka-rangpur highway in bhaperhat area,Gaibandha,2,4,"Bus, Truck",collision,Bangladesh,event,road accident,2015-08-10,15:02:24,Aug,8,Moderate rain,15,Aug,collision
5802,2 killed in road crash,2015-08-10 15:02:24,https://en.prothomalo.com/bangladesh/2-killed-in-road-crash-4,dhaka-rangpur highway in bhaperhat area,Gaibandha,2,4,"Bus, Truck",collision,Bangladesh,event,road accident,2015-08-10,15:02:24,Aug,8,Moderate rain,15,Aug,collision
5806,Housewife killed in city road crash,2015-09-29 22:42:36,https://en.prothomalo.com/bangladesh/Housewife-killed-in-city-road-crash,rustampur,Dhaka,1,3,"Auto-Rickshaw, Pickup",head-on collision,Bangladesh,event,road accident,2015-09-29,22:42:36,Sep,9,Partly cloudy,22,Sep,head-on collision
5807,Manhole or death trap?,2015-12-10 03:33:02,https://en.prothomalo.com/opinion/Manhole-or-death-trap,"shyampur, dhaka city",Dhaka,1,0,Not Applicable,fell into an open manhole,Bangladesh,event,road accident,2015-12-10,03:33:02,Dec,12,Rain showers (slight),3,Dec,fell into an open manhole
5809,Motorcyclist dies in Hatirjheel crash,2015-09-26 12:56:17,https://en.prothomalo.com/bangladesh/Motorcyclist-dies-in-Hatirjheel-crash,hatirjheel area,Dhaka,1,0,Motorcycle,,Bangladesh,event,road accident,2015-09-26,12:56:17,Sep,9,Thunderstorm (moderate),12,Sep,
5820,Remove bazaar from railway tracks,2015-10-14 19:14:30,https://en.prothomalo.com/opinion/Remove-bazaar-from-railway-tracks,old dhaka,Dhaka,0,0,,,Bangladesh,event,road accident,2015-10-14,19:14:30,Oct,10,Light rain,19,Oct,
5822,Patients forcefully held in hospital,2015-11-22 15:07:13,https://en.prothomalo.com/opinion/Patients-forcefully-held-in-hospital,savar,Dhaka,0,2,"Auto-Rickshaw, Bus","hit by auto-rickshaw, fell from bus",Bangladesh,event,road accident,2015-11-22,15:07:13,Nov,11,Clear sky,15,Nov,hit by autorickshaw fell from bus
5829,6 killed in Gazipur road crash,2015-05-25 20:59:41,https://en.prothomalo.com/bangladesh/6-killed-in-Gazipur-road-crash,porabari area,Gazipur,6,0,Truck And Human Hauler (Police Vehicle),collision,Bangladesh,event,road accident,2015-05-25,20:59:41,May,5,Moderate rain,20,May,collision
5830,6 killed in Gazipur road crash,2015-05-25 20:59:41,https://en.prothomalo.com/bangladesh/5-killed-in-Gazipur-road-crash,porabari area,Gazipur,6,0,"Truck, Human Hauler",collision,Bangladesh,event,road accident,2015-05-25,20:59:41,May,5,Moderate rain,20,May,collision
5836,Road crashes claim 11 lives in 7 districts,2016-02-08 23:21:46,https://en.prothomalo.com/bangladesh/Road-crashes-claim-11-lives-in-7-districts,"eliotganj area, daudkandi upazila, comilla",Cumilla,3,3,"Covered Van, Pickup, Lorry","covered van hit a stationary pickup, then an electric pole-laden lorry hit both vehicles",Bangladesh,event,road accident,2016-02-08,23:21:46,Feb,2,Partly cloudy,23,Feb,covered van hit a stationary pickup then an electric poleladen lorry hit both vehicles
5839,Road crash kills two,2015-07-23 13:10:59,https://en.prothomalo.com/bangladesh/Road-crash-kills-two,dhaka-sylhet highway in islamabad area of sarail upazila,Brahmanbaria,2,3,"Bus, Auto-Rickshaw",collision between a bus and a cng-run auto-rickshaw,Bangladesh,event,road accident,2015-07-23,13:10:59,Jul,7,Light rain,13,Jul,collision between a bus and a cngrun autorickshaw
5842,4 killed in Tangail road crash,2015-07-03 13:28:28,https://en.prothomalo.com/bangladesh/4-killed-in-Tangail-road-crash,kostapara area in tangail town,Tangail,4,2,"Auto Rickshaw, Bus",hit by a bus and subsequently run over,Bangladesh,event,road accident,2015-07-03,13:28:28,Jul,7,Moderate rain,13,Jul,hit by a bus and subsequently run over
5849,Road crash kills two in Joypurhat,2015-06-25 14:24:25,https://en.prothomalo.com/bangladesh/Road-crash-kills-two-in-Joypurhat,pachshira-shimultali on the joypurhat-bogra highway,Joypurhat,2,25,Bus And A Human Hauler,head-on collision,Bangladesh,event,road accident,2015-06-25,14:24:25,Jun,6,Moderate rain,14,Jun,head-on collision
5853,Death toll in Habiganj road crash reaches 7,2015-10-03 12:56:08,https://en.prothomalo.com/bangladesh/Death-toll-in-Habiganj-road-crash-reaches-7,jalalpur,Habiganj,7,4,,,Bangladesh,event,road accident,2015-10-03,12:56:08,Oct,10,Moderate rain,12,Oct,
5855,Comilla road crash kills 4,2015-07-04 23:04:05,https://en.prothomalo.com/bangladesh/Comilla-road-crash-kills-4,dhaka-chittagong highway,Cumilla,4,13,Bus And A Truck,collision,Bangladesh,event,road accident,2015-07-04,23:04:05,Jul,7,Dense rain,23,Jul,collision
5858,Rajshahi road crash kills 7,2015-08-18 22:11:40,https://en.prothomalo.com/bangladesh/Rajshahi-road-crash-kills-at-least-6,malipara tebbaria,Rajshahi,7,0,Truck And Rickshaw Van,truck crashed into a rickshaw van,Bangladesh,event,road accident,2015-08-18,22:11:40,Aug,8,,22,Aug,truck crashed into a rickshaw van
5866,3 motorcyclists killed in collision with truck,2015-06-06 17:50:39,https://en.prothomalo.com/bangladesh/3-motorcyclists-killed-in-collision-with-truck,kendul area,Nawabganj,3,0,Motorcycle And Truck,head-on collision,Bangladesh,event,road accident,2015-06-06,17:50:39,Jun,6,Partly cloudy,17,Jun,head-on collision
5868,3 killed in Sirajganj road crash,2015-05-24 09:28:53,https://en.prothomalo.com/bangladesh/3-killed-in-Sirajganj-road-crash-4,bangabandhu bridge west link road,Sirajganj,3,2,Truck,speeding truck hit another truck from behind,Bangladesh,event,road accident,2015-05-24,09:28:53,May,5,Light rain,9,May,speeding truck hit another truck from behind
5869,3 killed in Sirajganj road crash,2015-05-24 09:28:53,https://en.prothomalo.com/bangladesh/3-killed-in-Sirajganj-traffic-accident,bangabandhu bridge west link road,Sirajganj,3,2,Truck,speeding truck hit another truck from behind,Bangladesh,event,road accident,2015-05-24,09:28:53,May,5,Light rain,9,May,speeding truck hit another truck from behind
5870,3 killed in Sirajganj road crash,2015-05-24 09:28:53,https://en.prothomalo.com/bangladesh/3-killed-in-Sirajganj-road-crash-2,bangabandhu bridge west link road in the konabari area,Sirajganj,3,2,Truck,speeding truck hit another truck from behind,Bangladesh,event,road accident,2015-05-24,09:28:53,May,5,Light rain,9,May,speeding truck hit another truck from behind
5871,3 killed in Sirajganj road crash,2015-05-24 09:28:53,https://en.prothomalo.com/bangladesh/3-killed-in-Sirajganj-road-crash,bangabandhu bridge west link road,Sirajganj,3,2,Truck,speeding truck hit another truck from behind,Bangladesh,event,road accident,2015-05-24,09:28:53,May,5,Light rain,9,May,speeding truck hit another truck from behind
5891,7 killed in Dhamrai road crash,2015-04-18 16:40:50,https://en.prothomalo.com/bangladesh/7-killed-in-Dhamrai-road-crash,dhaka-aricha highway,Dhaka,7,0,,,Bangladesh,event,road accident,2015-04-18,16:40:50,Apr,4,Moderate rain,16,Apr,
5898,Killed by a tiger statue,2015-08-23 18:06:10,https://en.prothomalo.com/opinion/Killed-by-a-tiger-statue,kawran bazar intersection,Dhaka,1,0,Cycle-Van,toppled statue,Bangladesh,event,road accident,2015-08-23,18:06:10,Aug,8,Moderate rain,18,Aug,toppled statue
5910,5 killed in Sirajganj road crash,2015-07-21 08:16:12,https://en.prothomalo.com/bangladesh/5-killed-in-Sirajganj-road-crash-2,mulibari level-crossing,Sirajganj,5,1,Auto-Rickshaw And Bus,auto-rickshaw crashed into a bus,Bangladesh,event,road accident,2015-07-21,08:16:12,Jul,7,Moderate rain,8,Jul,autorickshaw crashed into a bus
5919,"Mother, son killed in city road crash",2015-04-10 14:40:57,,jatrabari,Dhaka,2,1,Car,,Bangladesh,event,road accident,2015-04-10,14:40:57,Apr,4,Mainly clear,14,Apr,
5922,Bus plunge kills 8 in Tangail,2015-07-23 21:03:42,https://en.prothomalo.com/bangladesh/Bus-plunge-kills-8-in-Tangail,patkhaguri,Tangail,8,20,Bus,plunged into a roadside ditch,Bangladesh,event,road accident,2015-07-23,21:03:42,Jul,7,Moderate rain,21,Jul,plunged into a roadside ditch
5932,Vessel sinks with 900 tonnes of coal,2015-04-24 19:07:56,https://en.prothomalo.com/bangladesh/Vessel-sinks-with-900-tonnes-of-coal,bay of bengal near vasanchar,,0,0,Lighter Vessel,hull crack due to high waves,Bangladesh,event,road accident,2015-04-24,19:07:56,Apr,4,,19,Apr,hull crack due to high waves
5937,Army officer killed in road crash,2015-05-22 19:18:59,https://en.prothomalo.com/bangladesh/Army-officer-killed-in-road-crash,gazaria upazila of munshiganj,Munshiganj,1,3,Car,vehicle crashed into a tree,Bangladesh,event,road accident,2015-05-22,19:18:59,May,5,Partly cloudy,19,May,vehicle crashed into a tree
5939,3 killed in Sirajganj road crash,2015-04-22 11:34:08,https://en.prothomalo.com/bangladesh/3-killed-in-Sirajganj-road-crash-4,"nagarbari-hatikumrul highway, garadah area",Sirajganj,3,1,"Truck, Auto-Rickshaw",head-on collision,Bangladesh,event,road accident,2015-04-22,11:34:08,Apr,4,Moderate rain,11,Apr,head-on collision
5942,3 killed in Sirajganj road crash,2015-04-22 11:34:08,https://en.prothomalo.com/bangladesh/3-killed-in-Sirajganj-road-crash,nagarbari-hatikumrul highway,Sirajganj,3,1,"Truck, Auto-Rickshaw",head-on collision,Bangladesh,event,road accident,2015-04-22,11:34:08,Apr,4,Moderate rain,11,Apr,head-on collision
5958,Students' death triggers highway blockade in Ctg,2015-06-13 13:36:01,https://en.prothomalo.com/bangladesh/Death-of-2-students-triggers-highway-blockade-in,city gate area,Chattogram,2,0,,road accident,Bangladesh,event,road accident,2015-06-13,13:36:01,Jun,6,Moderate rain,13,Jun,road accident
5960,7 killed in Comilla road crash,2015-02-24 19:59:37,,dhaka-chittagong highway,Cumilla,7,0,,,Bangladesh,event,road accident,2015-02-24,19:59:37,Feb,2,Mainly clear,19,Feb,
5971,RMG factory bus torched over death roumour,2015-03-24 13:06:08,https://en.prothomalo.com/bangladesh/RMG-factory-bus-torched-over-death-roumour,zirani,Gazipur,0,0,Bus,rumor of a fellow's death in a road accident leading to arson,Bangladesh,event,road accident,2015-03-24,13:06:08,Mar,3,Moderate rain,13,Mar,rumor of a fellows death in a road accident leading to arson
5974,5 of a family killed in Lalmonirhat road crash,2015-04-07 18:58:34,https://en.prothomalo.com/bangladesh/5-of-a-family-killed-on-Lalmonirhat-road,rangpur-kurigram highway in lalmonirhat sadar upazila,Lalmonirhat,5,5,"Bus, Auto-Rickshaw",bus rammed into an auto-rickshaw,Bangladesh,event,road accident,2015-04-07,18:58:34,Apr,4,Moderate rain,18,Apr,bus rammed into an autorickshaw
5980,4 killed in Bogra road crash,2015-03-07 13:58:07,https://en.prothomalo.com/bangladesh/4-killed-in-Bogra-road-crash-2,dhaka-rangpur highway in bogra sadar area,Bogra,4,7,"Truck, Car",driver lost control while trying to overtake a car,Bangladesh,event,road accident,2015-03-07,13:58:07,Mar,3,Clear sky,13,Mar,driver lost control while trying to overtake a car
5987,Female RMG worker killed in Gazipur crash,2015-06-02 13:32:09,https://en.prothomalo.com/bangladesh/Female-RMG-worker-killed-in-Gazipur-crash,konabari area,Gazipur,1,10,Bus,bus ran over a pedestrian,Bangladesh,event,road accident,2015-06-02,13:32:09,Jun,6,Light rain,13,Jun,bus ran over a pedestrian
5999,'They are always on my mind',2015-08-13 15:33:06,https://en.prothomalo.com/entertainment/They-are-always-on-my-mind,bangladesh,,2,1,Microbus,,Bangladesh,event,road accident,2015-08-13,15:33:06,Aug,8,,15,Aug,
6001,Bus driver sued in Faridpur road crash,2015-04-10 22:35:34,https://en.prothomalo.com/bangladesh/Bus-driver-sued-in-Faridpur-road-crash,bhanga,Faridpur,25,18,Bus,reckless driving,Bangladesh,event,road accident,2015-04-10,22:35:34,Apr,4,Duststorm or sandstorm,22,Apr,reckless driving
6005,Reckless bike takes Runa’s life,2015-10-21 18:39:19,,motijheel agb colony,Dhaka,1,0,Motorcycle,"scarf entangled with motorcycle wheel, reckless driving, high speed",Bangladesh,event,road accident,2015-10-21,18:39:19,Oct,10,Mainly clear,18,Oct,scarf entangled with motorcycle wheel reckless driving high speed
6013,Cop killed in Ctg road crash,2015-01-26 12:20:28,https://en.prothomalo.com/bangladesh/Cop-killed-in-Ctg-road-crash,salimpur fakirhat area,Chattogram,1,5,,,Bangladesh,event,road accident,2015-01-26,12:20:28,Jan,1,Partly cloudy,12,Jan,
6016,Narayanganj road crash kills 4,2015-02-27 16:11:19,https://en.prothomalo.com/bangladesh/Narayanganj-road-crash-kills-4,dhaka-sylhet highway,Narayanganj,4,2,"Truck, Auto Rickshaw",truck crushed an auto rickshaw,Bangladesh,event,road accident,2015-02-27,16:11:19,Feb,2,Mainly clear,16,Feb,truck crushed an auto rickshaw
6028,3 killed in Bogra road crash,2015-03-12 21:43:53,https://en.prothomalo.com/bangladesh/3-killed-in-Bogra-road-crash-3,dhaka-bogra highway,Sherpur,3,2,,,Bangladesh,event,road accident,2015-03-12,21:43:53,Mar,3,Clear sky,21,Mar,
6029,3 killed in Bogra road crash,2015-03-12 21:43:53,https://en.prothomalo.com/bangladesh/3-killed-in-Bogra-road-crash-2,sherpur upazila,Bogra,3,2,Other,,Bangladesh,event,road accident,2015-03-12,21:43:53,Mar,3,Clear sky,21,Mar,
6034,3 killed as truck hits auto-rickshaw in B'baria,2015-02-28 22:28:59,https://en.prothomalo.com/bangladesh/3-killed-as-truck-hits-auto-rickshaw-in-B-baria,comilla-sylhet highway at brahmanbaria’s vadugarh,Brahmanbaria,3,3,"Truck, Auto-Rickshaw",truck crashed into a cng-run auto rickshaw,Bangladesh,event,road accident,2015-02-28,22:28:59,Feb,2,Clear sky,22,Feb,truck crashed into a cngrun auto rickshaw
6035,Auto-rickshaws banned on 22 highways,2015-08-07 21:30:31,https://en.prothomalo.com/bangladesh/Auto-rickshaws-ban-on-22-highways,various highways,Noakhali,0,0,"Auto Rickshaw, Tempo, Other",to avoid accidents,Bangladesh,event,road accident,2015-08-07,21:30:31,Aug,8,Dense rain,21,Aug,to avoid accidents
6039,Terrorist attacks continue unabated,2015-11-12 12:05:16,https://en.prothomalo.com/bangladesh/Terrorist-attacks-continue-unabated,"rangpur, faridpur, dhaka",Faridpur,2,1,,"hacked to death, stabbed",Bangladesh,event,road accident,2015-11-12,12:05:16,Nov,11,Clear sky,12,Nov,hacked to death stabbed
6040,"It wasn’t a gunfight, Arzu was killed: Taposh MP",2015-08-20 17:49:16,https://en.prothomalo.com/bangladesh/It-wasn’t-a-gunfight-Arzu-was-killed-Taposh-MP,hazaribagh,Dhaka,1,0,,killed by rab,Bangladesh,event,road accident,2015-08-20,17:49:16,Aug,8,Moderate rain,17,Aug,killed by rab
6047,6 killed in road crashes,2015-06-03 15:00:56,https://en.prothomalo.com/bangladesh/2-killed-in-B-baria-road-crash,"brahmanbaria, pabna and dhaka",Dhaka,6,0,Cars,,Bangladesh,event,road accident,2015-06-03,15:00:56,Jun,6,Mainly clear,15,Jun,
6050,Worker's death in N'ganj sparks violence,2015-03-28 14:49:23,https://en.prothomalo.com/bangladesh/RMG-workers-death-in-N-ganj-road-crash-sparks,tipordi area of sonargaon upazila,Narayanganj,1,0,Bus,hit by a bus while crossing the road,Bangladesh,event,road accident,2015-03-28,14:49:23,Mar,3,Moderate rain,14,Mar,hit by a bus while crossing the road
6054,"Father, daughter killed in Keraniganj road crash",2015-02-05 21:19:59,https://en.prothomalo.com/bangladesh/Father-daughter-killed-in-Keraniganj-road-crash,dhaka-mawa highway,Dhaka,2,0,Car,road accident,Bangladesh,event,road accident,2015-02-05,21:19:59,Feb,2,Partly cloudy,21,Feb,road accident
6058,5 killed in Dinajpur road crash,2014-12-30 13:26:50,https://en.prothomalo.com/bangladesh/5-killed-in-Dinajpur-road-crash,mizpara prem bazar area,Dinajpur,5,30,,,Bangladesh,event,road accident,2014-12-30,13:26:50,Dec,12,Mainly clear,13,Dec,
6060,Death on the highways,2015-04-11 10:14:49,https://en.prothomalo.com/opinion/Death-on-the-highways-3,"dhaka-barisal highway, bhanga municipal area",Faridpur,25,25,Bus,serious accident,Bangladesh,event,road accident,2015-04-11,10:14:49,Apr,4,Moderate rain,10,Apr,serious accident
6061,Death on the highways,2015-04-11 10:14:49,https://en.prothomalo.com/opinion/Death-on-the-highways-2,bhanga municipal area,Faridpur,25,0,Bus,,Bangladesh,event,road accident,2015-04-11,10:14:49,Apr,4,Moderate rain,10,Apr,
6062,Death on the highways,2015-04-11 10:14:49,https://en.prothomalo.com/opinion/Death-on-the-highways,bhanga municipal area,Faridpur,25,0,Bus,serious accident,Bangladesh,event,road accident,2015-04-11,10:14:49,Apr,4,Moderate rain,10,Apr,serious accident
6067,8 killed in Tangail road crash,2014-12-24 16:08:20,https://en.prothomalo.com/bangladesh/8-killed-in-Tangail-road-crash,tangail-mymensingh road at ashura in madhupur upazila,Tangail,8,3,"Truck, Tempo",truck hit tempo coming from opposite direction,Bangladesh,event,road accident,2014-12-24,16:08:20,Dec,12,Clear sky,16,Dec,truck hit tempo coming from opposite direction
6070,"Bomb blasts in Lalbagh, youth loses hand",2015-01-21 18:49:18,https://en.prothomalo.com/bangladesh/Bomb-blasts-in-Lalbagh-youth-loses-hand,lalbagh,Dhaka,0,1,,bomb blast,Bangladesh,event,road accident,2015-01-21,18:49:18,Jan,1,Partly cloudy,18,Jan,bomb blast
6073,Cop among 3 killed in Sirajganj road crash,2014-12-31 13:56:54,https://en.prothomalo.com/bangladesh/Cop-among-3-killed-in-Sirajganj-road-crash,koddar intersection of bangabandhu bridge (west) connecting road,Sirajganj,3,3,"Truck, Bus, Van",truck ran into a stationary bus from behind,Bangladesh,event,road accident,2014-12-31,13:56:54,Dec,12,Moderate rain,13,Dec,truck ran into a stationary bus from behind
6080,Satkhira road crash kills woman,2014-12-05 12:44:41,https://en.prothomalo.com/bangladesh/Satkhira-road-crash-kills-woman,satkhira town,Satkhira,1,0,,,Bangladesh,event,road accident,2014-12-05,12:44:41,Dec,12,Partly cloudy,12,Dec,
6081,"Truck driver, asst burnt to death",2015-02-03 15:51:17,https://en.prothomalo.com/bangladesh/Truck-driver-and-assistant-burnt-to-death,dhaka-barisal highway,Barishal,2,0,Truck,petrol bomb attack,Bangladesh,event,road accident,2015-02-03,15:51:17,Feb,2,Partly cloudy,15,Feb,petrol bomb attack
6083,Narsingdi road crash kills 2,2014-12-19 13:21:02,https://en.prothomalo.com/bangladesh/Narsingdi-road-crash-kills-2-4,dhaka-sylhet highway in front of bscic industrial area at kararchar,Nawabganj,2,3,"Bus, Cng-Run Auto-Rickshaw",bus rammed a cng-run auto-rickshaw,Bangladesh,event,road accident,2014-12-19,13:21:02,Dec,12,Partly cloudy,13,Dec,bus rammed a cngrun autorickshaw
6084,Narsingdi road crash kills 2,2014-12-19 13:21:02,https://en.prothomalo.com/bangladesh/Narsingdi-road-crash-kills-2-2,in front of bscic industrial area at kararchar,Nawabganj,2,3,"Bus, Cng-Run Auto-Rickshaw",bus rammed a cng-run auto-rickshaw,Bangladesh,event,road accident,2014-12-19,13:21:02,Dec,12,Partly cloudy,13,Dec,bus rammed a cngrun autorickshaw
6085,Narsingdi road crash kills 2,2014-12-19 13:21:02,https://en.prothomalo.com/bangladesh/Narsingdi-road-crash-kills-2,kararchar in shibganj upazila,Brahmanbaria,2,3,"Bus, Cng-Run Auto-Rickshaw",bus rammed a cng-run auto-rickshaw,Bangladesh,event,road accident,2014-12-19,13:21:02,Dec,12,Partly cloudy,13,Dec,bus rammed a cngrun autorickshaw
6086,Driver held in connection with death of 3 Rajshahi College girls,2014-12-11 14:00:58,https://en.prothomalo.com/bangladesh/Driver-held-in-connection-with-death-of-3-Rajshahi,rajshahi,Rajshahi,3,0,Bus,,Bangladesh,event,road accident,2014-12-11,14:00:58,Dec,12,,14,Dec,
6089,Female RMG worker killed in Ashulia road crash,2014-12-08 11:43:24,https://en.prothomalo.com/bangladesh/Female-RMG-worker-killed-in-Ashulia-road-crash,ashulia,Dhaka,1,0,,,Bangladesh,event,road accident,2014-12-08,11:43:24,Dec,12,Partly cloudy,11,Dec,
6094,"Pinak-6 capsize: A year on, wound remains",2015-08-04 20:03:14,https://en.prothomalo.com/bangladesh/Pinak-6-capsize-A-year-on-wound-remains,padma river,Munshiganj,49,112,Launch (Pinak-6),launch overloaded beyond capacity,Bangladesh,event,road accident,2015-08-04,20:03:14,Aug,8,Light rain,20,Aug,launch overloaded beyond capacity
6097,JCD leader wounded in blast dies,2015-01-22 10:41:43,https://en.prothomalo.com/bangladesh/JCD-leader-wounded-in-blast-dies,lalbagh,Dhaka,1,0,,making a bomb,Bangladesh,event,road accident,2015-01-22,10:41:43,Jan,1,"Snow, moderate",10,Jan,making a bomb
6098,Chakaria death toll rises to 4,2015-01-16 17:54:02,https://en.prothomalo.com/bangladesh/Chakaria-death-toll-rises-to-4,chittagong-cox's bazar highway,Cox's Bazar,4,0,"Microbus, Picnic Bus",head-on collision,Bangladesh,event,road accident,2015-01-16,17:54:02,Jan,1,Partly cloudy,17,Jan,head-on collision
6099,Tangail bus-truck collision kills 4,2014-10-17 09:33:23,https://en.prothomalo.com/bangladesh/Tangail-bus-truck-collision-kills-4,gharinda bypass intersection,Tangail,4,10,Bus And A Truck,head-on collision,Bangladesh,event,road accident,2014-10-17,09:33:23,Oct,10,"rain, freezing",9,Oct,head-on collision
6107,No lack of excuses to strike,2015-05-25 08:24:49,https://en.prothomalo.com/bangladesh/Transport-strikes-at-meagre-excuses,"madhukhali, faridpur",Faridpur,0,0,Bus,robbery and subsequent arrests leading to strike,Bangladesh,event,road accident,2015-05-25,08:24:49,May,5,Light rain,8,May,robbery and subsequent arrests leading to strike
6122,Madrasah teacher killed in Rajshahi bike crash,2014-11-01 10:09:55,https://en.prothomalo.com/bangladesh/Madrasah-teacher-killed-in-Rajshahi-bike-crash,shah makhdum airport area,Rajshahi,1,0,"Truck, Motorcycle",truck hit motorcycle,Bangladesh,event,road accident,2014-11-01,10:09:55,Nov,11,,10,Nov,truck hit motorcycle accident
6134,"3 killed in road crashes in Mirsharai, Savar",2014-12-05 22:41:59,https://en.prothomalo.com/bangladesh/3-killed-in-road-crashes-in-Mirsharai-Savar,"sufia road, nayarhat area of ashulia",Dhaka,3,8,"Covered Van, Cng-Run Auto-Rickshaw, Bus, Three-Wheeler","collision between vehicles, bus rammed three-wheeler",Bangladesh,event,road accident,2014-12-05,22:41:59,Dec,12,Partly cloudy,22,Dec,collision between vehicles bus rammed threewheeler
6135,JUST student among 3 killed in Jessore,2014-12-12 20:08:00,https://en.prothomalo.com/bangladesh/University-student-among-3-killed-in-Jessore-road,jessore-chougachha highway at fultadanga,,3,8,,,Bangladesh,event,road accident,2014-12-12,20:08:00,Dec,12,,20,Dec,
6140,"Mother, son drown in Buriganga",2014-10-01 16:11:26,https://en.prothomalo.com/bangladesh/Mother-son-drown-in-Buriganga,river buriganga near sadarghat terminal,Dhaka,2,1,"Launch, Boat",launch hit boat,Bangladesh,event,road accident,2014-10-01,16:11:26,Oct,10,Mainly clear,16,Oct,launch hit boat
6142,Natore bus plunge kills 3,2014-10-03 20:48:54,https://en.prothomalo.com/bangladesh/Natore-bus-plunge-kills-3,banpara-hatikumrul highway,Natore,3,28,Bus,plunged into a roadside ditch,Bangladesh,event,road accident,2014-10-03,20:48:54,Oct,10,Light rain,20,Oct,plunged into a roadside ditch
6152,Munshiganj road crash kills 2,2014-10-26 10:35:40,https://en.prothomalo.com/bangladesh/Munshiganj-road-crash-kills-2-2,madhyam farazi kandi,Munshiganj,2,25,,,Bangladesh,event,road accident,2014-10-26,10:35:40,Oct,10,Moderate rain,10,Oct,
6153,Munshiganj road crash kills 2,2014-10-26 10:35:40,https://en.prothomalo.com/bangladesh/Munshiganj-road-crash-kills-2,dhaka-chittagong highway,Munshiganj,2,25,Other,,Bangladesh,event,road accident,2014-10-26,10:35:40,Oct,10,Moderate rain,10,Oct,
6155,"1 killed, 5 injured in Mymensingh road crash",2014-09-06 18:20:42,https://en.prothomalo.com/bangladesh/1-killed-5-injured-in-Mymensingh-road-crash,mymensingh sadar,Mymensingh,1,5,Other,,Bangladesh,event,road accident,2014-09-06,18:20:42,Sep,9,Light rain,18,Sep,
6157,Driver killed as truck plunges into Sirajganj ditch,2014-09-20 16:28:12,https://en.prothomalo.com/bangladesh/Driver-killed-as-truck-plunges-into-Sirajganj,solomile of raiganj upazila,Sirajganj,1,4,Truck,plunged into a ditch,Bangladesh,event,road accident,2014-09-20,16:28:12,Sep,9,Moderate rain,16,Sep,plunged into a ditch
6163,"Man killed, 10 hurt in Mymensingh road crash",2014-08-29 17:33:40,https://en.prothomalo.com/bangladesh/Man-killed-10-hurt-in-Mymensingh-road-crash,mymensingh-kishoreganj highway at sharshi,Mymensingh,1,10,Bus And A Truck,head-on collision,Bangladesh,event,road accident,2014-08-29,17:33:40,Aug,8,Light rain,17,Aug,head-on collision
6168,AL leader killed in Sylhet bike crash,2014-09-12 12:50:12,https://en.prothomalo.com/bangladesh/AL-leader-killed-in-Sylhet-bike-crash,nijpat bandarhati village,Sylhet,1,0,"Truck, Motorcycle",truck hit motorcycle,Bangladesh,event,road accident,2014-09-12,12:50:12,Sep,9,Dense rain,12,Sep,truck hit motorcycle accident
6178,4 killed in Tangail traffic collision,2014-09-21 15:45:46,https://en.prothomalo.com/bangladesh/3-killed-in-Highway-road-crash,dhaka-tangail highway in jamurki,Tangail,4,0,"Covered Van, Pickup Van",head-on collision,Bangladesh,event,road accident,2014-09-21,15:45:46,Sep,9,Light rain,15,Sep,head-on collision
6181,Steel mill explosion burns 4,2014-10-26 16:13:38,,salam steel mill,Dhaka,0,4,Other (Industrial),furnace exploded,Bangladesh,event,road accident,2014-10-26,16:13:38,Oct,10,Light rain,16,Oct,furnace exploded
6182,Cop killed in Tangail road crash,2014-09-08 17:09:37,,kurni,Tangail,1,7,"Bus, Police Vehicle",bus hit a police vehicle,Bangladesh,event,road accident,2014-09-08,17:09:37,Sep,9,Dense rain,17,Sep,bus hit a police vehicle
6185,Zaglul Ahmed Chowdhury laid to rest,2014-12-01 23:06:15,https://en.prothomalo.com/bangladesh/Zaglul-Ahmed-Chowdhury-laid-to-rest,dhaka,Dhaka,1,0,,road accident,Bangladesh,event,road accident,2014-12-01,23:06:15,Dec,12,Partly cloudy,23,Dec,road accident
6193,4 killed in truck-auto rickshaw collision,2014-09-16 11:54:15,https://en.prothomalo.com/bangladesh/4-killed-in-truck-auto-rickshaw-collision,kanchan jinda park area,Narayanganj,4,2,"Truck, Auto Rickshaw",head on collision,Bangladesh,event,road accident,2014-09-16,11:54:15,Sep,9,Moderate rain,11,Sep,head-on collision
6197,2 killed in Narsingdi road crash,2014-09-06 22:34:46,https://en.prothomalo.com/bangladesh/accident/2-killed-in-narsingdi-road-crash,dhaka-sylhet highway,Narsingdi,2,3,Other,,Bangladesh,event,road accident,2014-09-06,22:34:46,Sep,9,Partly cloudy,22,Sep,
6198,2 killed in Narsingdi road crash,2014-09-06 22:34:46,https://en.prothomalo.com/bangladesh/2-killed-in-Narsingdi-road-crash,dhaka-sylhet highway,Dhaka,2,3,,,Bangladesh,event,road accident,2014-09-06,22:34:46,Sep,9,Partly cloudy,22,Sep,
6200,"Driver killed, 5 injured in road crash",2014-08-14 13:37:54,https://en.prothomalo.com/bangladesh/Driver-killed-5-injured-in-road-crash,jessore-chaugachha road,Chuadanga,1,5,Bus,,Bangladesh,event,road accident,2014-08-14,13:37:54,Aug,8,Moderate rain,13,Aug,
6201,"Twin boys, mother die as bus falls in ditch",2014-10-05 12:41:02,https://en.prothomalo.com/bangladesh/Twin-boys-mother-die-as-bus-falls-in-ditch,"comilla-sylhet highway, brahmanbaria sadar upazila",Brahmanbaria,3,0,Microbus,plunged into water,Bangladesh,event,road accident,2014-10-05,12:41:02,Oct,10,Clear sky,12,Oct,plunged into water
6202,Traffic constable killed in Dhaka,2014-08-21 22:02:03,https://en.prothomalo.com/bangladesh/Traffic-constable-killed-in-Dhaka,bananiof dhaka,Dhaka,1,0,,traffic accident,Bangladesh,event,road accident,2014-08-21,22:02:03,Aug,8,Moderate rain,22,Aug,traffic accident
6203,Traffic resumes on Dhaka-Tangail Highway,2014-07-11 11:30:35,https://en.prothomalo.com/bangladesh/Traffic-resumes-on-Dhaka-Tangail-Highway,dhaka-tangail highway at delduar upazila,Tangail,0,0,Coal-Truck,truck turned turtle,Bangladesh,event,road accident,2014-07-11,11:30:35,Jul,7,Moderate rain,11,Jul,truck turned turtle
6204,Clinker-laden cargo vessel sinks at Mongla,2014-09-12 23:00:00,https://en.prothomalo.com/bangladesh/Clinker-laden-cargo-vessel-sinks-at-Mongla,pashur channel,Bagerhat,0,0,Cargo Vessel,capsized,Bangladesh,event,road accident,2014-09-12,23:00:00,Sep,9,Moderate rain,23,Sep,unknown
6206,Truck runs over 2 siblings,2014-09-28 10:29:06,https://en.prothomalo.com/bangladesh/Truck-runs-over-2-siblings,satkhira town,Satkhira,2,1,Truck,ran over siblings,Bangladesh,event,road accident,2014-09-28,10:29:06,Sep,9,Precipitation within sight,10,Sep,ran over siblings
6212,7 bodies recovered after Padma boat capsize,2014-07-31 11:11:30,https://en.prothomalo.com/bangladesh/7-bodies-recovered-after-Padma-boat-capsize,river padma,Kushtia,7,0,,capsize,Bangladesh,event,road accident,2014-07-31,11:11:30,Jul,7,Moderate rain,11,Jul,capsize
6224,Kandari stops spraying chemical,2014-12-12 22:46:12,https://en.prothomalo.com/bangladesh/Kandari-stops-spraying-chemical,shyla river and its adjacent areas in sundarbans,,0,0,Tugboat,stopped applying its chemical process on the oily water,Bangladesh,event,road accident,2014-12-12,22:46:12,Dec,12,,22,Dec,stopped applying its chemical process on the oily water
6235,3 killed in Comilla road crash,2014-07-27 18:33:43,https://en.prothomalo.com/bangladesh/3-killed-in-Comilla-road-crash,nuritala on the dhaka-chittagong highway,Cumilla,3,2,Bus And Pick-Up Van,bus rammed a pick-up van,Bangladesh,event,road accident,2014-07-27,18:33:43,Jul,7,Moderate rain,18,Jul,bus rammed a pickup van
6236,Clinker-laden coaster sinks in Meghna River,2014-08-26 11:31:14,https://en.prothomalo.com/bangladesh/Clinker-laden-coaster-sinks-in-Meghna-River,meghna river near old market area,Chandpur,0,0,"Coaster, Oil-Laden Tanker",collision between coaster and oil-laden tanker,Bangladesh,event,road accident,2014-08-26,11:31:14,Aug,8,Moderate rain,11,Aug,collision between coaster and oilladen tanker
6237,2 traders killed in Magura road crash,2014-07-26 17:47:34,https://en.prothomalo.com/bangladesh/2-traders-killed-in-Magura-road-crash,kasundi on the dhaka-khulna highway,Magura,2,7,Truck And Pick-Up,truck rammed into a pick-up,Bangladesh,event,road accident,2014-07-26,17:47:34,Jul,7,Light rain,17,Jul,truck rammed into a pickup
6238,6 killed in Nilphamari road crash,2014-06-21 14:51:53,https://en.prothomalo.com/bangladesh/6-killed-in-Nilphamari-road-crash,kishoreganj-taraganj highway at dharerbazar,Nilphamari,6,10,"Bus, Ambulance",bus smashed an ambulance,Bangladesh,event,road accident,2014-06-21,14:51:53,Jun,6,Light rain,14,Jun,bus smashed an ambulance
6240,5 killed in Habiganj road crash,2014-09-06 12:31:02,https://en.prothomalo.com/bangladesh/5-killed-in-Habiganj-road-crash,habiganj,Habiganj,5,16,,,Bangladesh,event,road accident,2014-09-06,12:31:02,Sep,9,Moderate rain,12,Sep,
6241,4 killed in a Tangail road crash,2014-06-28 10:19:02,,dhaka-tangail highway at jokarchar,Tangail,4,0,"Truck, Pick-Up Van",truck rammed into a pick-up van,Bangladesh,event,road accident,2014-06-28,10:19:02,Jun,6,Moderate rain,10,Jun,truck rammed into a pickup van
6242,Sundarbans in grave danger,2014-12-11 10:06:13,https://en.prothomalo.com/opinion/Sundarbans-in-grave-danger,river shela of the sundarbans,,0,0,Tanker,capsized,Bangladesh,event,road accident,2014-12-11,10:06:13,Dec,12,,10,Dec,unknown
6243,3 killed in M’singh as 2 trucks collide,2014-07-04 13:09:09,https://en.prothomalo.com/bangladesh/3-killed-in-M’singh-as-2-trucks-collide,meherabari,Mymensingh,3,1,Truck,head-on collision,Bangladesh,event,road accident,2014-07-04,13:09:09,Jul,7,Light rain,13,Jul,head-on collision
6245,Limon maiming accidental: Asaduzzaman,2014-10-22 20:03:35,https://en.prothomalo.com/bangladesh/Limon-maiming-accidental-Asaduzzaman,jhalakati,Jhalokati,0,1,,shot and maimed by rapid action battalion members,Bangladesh,event,road accident,2014-10-22,20:03:35,Oct,10,Partly cloudy,20,Oct,shot and maimed by rapid action battalion members
6246,2 killed in Mymensingh road crash,2014-07-25 13:21:47,https://en.prothomalo.com/bangladesh/accident/xmi9mzllmi,netrakona-mymensingh highway at kashiganj,Mymensingh,2,10,Bus And Private Car,bus rammed into a private car,Bangladesh,event,road accident,2014-07-25,13:21:47,Jul,7,Moderate rain,13,Jul,bus rammed into a private car
6247,2 killed in Mymensingh road crash,2014-07-25 13:21:47,https://en.prothomalo.com/bangladesh/2-killed-in-Mymensingh-road-crash-3,netrakona-mymensingh highway at kashiganj,Mymensingh,2,10,"Bus, Private Car",bus rammed into a private car,Bangladesh,event,road accident,2014-07-25,13:21:47,Jul,7,Moderate rain,13,Jul,bus rammed into a private car
6248,2 killed in Mymensingh road crash,2014-07-25 13:21:47,https://en.prothomalo.com/bangladesh/2-killed-in-Mymensingh-road-crash,netrakona-mymensingh highway at kashiganj under tarakanda upazila of mymensingh,Mymensingh,2,10,Bus And Private Car,bus rammed into a private car,Bangladesh,event,road accident,2014-07-25,13:21:47,Jul,7,Moderate rain,13,Jul,bus rammed into a private car
6249,4 killed in M’singh road crash,2014-08-15 11:58:27,https://en.prothomalo.com/bangladesh/3-killed-in-M’singh-road-crash,dhaka-mymensingh highway at beltoli,Dhaka,4,2,"Bus, Auto-Rickshaw",head-on collision,Bangladesh,event,road accident,2014-08-15,11:58:27,Aug,8,Light rain,11,Aug,head-on collision
6250,"MP hurt, domestic help killed in road crash",2014-07-23 18:19:26,https://en.prothomalo.com/bangladesh/MP-hurt-domestic-help-killed-in-road-crash,kadda,Sirajganj,1,3,,,Bangladesh,event,road accident,2014-07-23,18:19:26,Jul,7,Light rain,18,Jul,
6252,2 SUST students among 3 hurt in road crash,2014-07-12 18:16:21,https://en.prothomalo.com/bangladesh/2-SUST-students-among-3-hurt-in-road-crash,akhalia,Chattogram,0,3,"Microbus, Auto-Rickshaw",microbus rammed into auto-rickshaw,Bangladesh,event,road accident,2014-07-12,18:16:21,Jul,7,Light rain,18,Jul,microbus rammed into autorickshaw
6262,Man killed in Panchagarh road crash,2014-06-20 10:57:54,https://en.prothomalo.com/bangladesh/Man-killed-in-Panchagarh-road-crash,dhaka-panchagarh highway,Panchagarh,1,0,Traffic,,Bangladesh,event,road accident,2014-06-20,10:57:54,Jun,6,,10,Jun,
6263,"Ferry sinks with 5 trucks, 2 pickups",2014-06-19 10:44:41,https://en.prothomalo.com/bangladesh/Ferry-sinks-with-5-trucks-2-pickups,madhumati river near kalna ferry ghat,Gopalganj,0,0,"Ferry, Trucks, Pickup-Vans",capsized,Bangladesh,event,road accident,2014-06-19,10:44:41,Jun,6,Moderate rain,10,Jun,unknown
6266,2 killed in Feni road crash,2014-07-08 13:12:12,https://en.prothomalo.com/bangladesh/2-killed-in-Feni-road-crash,feni-noakhali highway,Feni,2,0,Microbus And Cng-Run Auto-Rickshaw,head-on collision,Bangladesh,event,road accident,2014-07-08,13:12:12,Jul,7,Moderate rain,13,Jul,head-on collision
6267,8 killed as two buses collide in Narsingdi,2014-08-06 22:07:18,https://en.prothomalo.com/bangladesh/8-killed-as-two-buses-collide-in-Narsingdi,dhaka-sylhet highway at amtala of shibpur,Narsingdi,8,60,Buses,collision,Bangladesh,event,road accident,2014-08-06,22:07:18,Aug,8,Moderate rain,22,Aug,collision
6268,Cultural affairs secretary injured in road crash,2014-06-20 18:12:58,https://en.prothomalo.com/bangladesh/Cultural-affairs-secretary-injured-in-road-crash,boraigram upazila,Natore,0,3,,road accident,Bangladesh,event,road accident,2014-06-20,18:12:58,Jun,6,Heavy rain,18,Jun,road accident
6272,5 die as boat capsizes in Mymensingh,2014-07-24 17:55:39,,borobilar beel,Mymensingh,5,0,,overloaded boat sank,Bangladesh,event,road accident,2014-07-24,17:55:39,Jul,7,Dense rain,17,Jul,overloaded boat sank
6281,"Hit by washing machine, apparel worker dies",2014-06-19 20:05:57,https://en.prothomalo.com/bangladesh/Hit-by-washing-machine-apparel-worker-dies,konabari,Gazipur,1,0,Washing Machine,struck by a washing machine,Bangladesh,event,road accident,2014-06-19,20:05:57,Jun,6,Light rain,20,Jun,struck by a washing machine
6287,"Ferry capsizes in Padma, 2 bodies recovered",2014-08-04 15:05:05,https://en.prothomalo.com/bangladesh/Ferry-capsizes-in-Padma-2-bodies-recovered,mawa ferry terminal,Munshiganj,0,0,,capsized,Bangladesh,event,road accident,2014-08-04,15:05:05,Aug,8,Moderate rain,15,Aug,unknown
6288,24-hr bus strike on Dhaka-Barisal-Madaripur routes underway,2014-07-21 13:12:39,https://en.prothomalo.com/bangladesh/24-hr-bus-strike-on-Dhaka-Barisal-Madaripur-routes,dhaka-barisal and dhaka-madaripur highways,Dhaka,0,0,Bus,demand for compensation cut,Bangladesh,event,road accident,2014-07-21,13:12:39,Jul,7,Dense rain,13,Jul,demand for compensation cut
6290,Quader blames jaywalkers for traffic jams,2014-08-12 22:28:26,https://en.prothomalo.com/bangladesh/Quader-blames-jaywalkers-for-traffic-jams,dhaka,Dhaka,0,0,"Various (Cars, Potentially Others Implied By 'Traffic Jams')","jaywalking, reckless driving, misuse of vehicle stickers",Bangladesh,event,road accident,2014-08-12,22:28:26,Aug,8,Moderate rain,22,Aug,jaywalking reckless driving misuse of vehicle stickers
6294,10 killed as bus hits crowd in Barisal,2014-07-11 22:59:19,https://en.prothomalo.com/bangladesh/10-killed-as-bus-hits-crowd-in-Barisal,barisal-dhaka highway at wazirpur upazila,Dhaka,10,30,Bus,ploughed through a crowd at a makeshift market,Bangladesh,event,road accident,2014-07-11,22:59:19,Jul,7,Light rain,22,Jul,ploughed through a crowd at a makeshift market
6295,3 killed in Tangail road crash,2014-05-20 18:59:07,https://en.prothomalo.com/bangladesh/3-killed-in-Tangail-road-crash-2,dhaka-tangail highway at postokamari,Tangail,3,3,Truck And Pick-Up Van,truck rammed into a pick-up van,Bangladesh,event,road accident,2014-05-20,18:59:07,May,5,Partly cloudy,18,May,truck rammed into a pickup van
6302,Pistol found in mangled car belonged to Nur Hossain,2014-08-02 22:40:15,https://en.prothomalo.com/bangladesh/Pistol-found-in-mangled-car-belonged-to-Nur,malibagh bazar level crossing,Dhaka,0,0,"Car, Train",car rammed by train,Bangladesh,event,road accident,2014-08-02,22:40:15,Aug,8,Light rain,22,Aug,car rammed by train
6303,Will the state not take responsibility of Farzana?,2014-09-08 14:11:12,https://en.prothomalo.com/opinion/Will-the-state-not-take-responsibility-of-Farzana,kurmitola bihari camp,,9,0,,"arson related to land grabbing, possibly due to fireworks incident escalating.",Bangladesh,event,road accident,2014-09-08,14:11:12,Sep,9,,14,Sep,arson related to land grabbing possibly due to fireworks incident escalating
6311,Severed body parts found at Agargaon,2014-05-02 10:37:21,https://en.prothomalo.com/bangladesh/Severed-body-parts-found-at-Agargaon,agargaon,Dhaka,1,0,,severed body parts found,Bangladesh,event,road accident,2014-05-02,10:37:21,May,5,Light rain,10,May,severed body parts found
6321,Cop killed in Gazipur road crash,2014-05-12 12:34:42,https://en.prothomalo.com/bangladesh/Cop-killed-in-Gazipur-road-crash,dhaka-mymensingh highway,Dhaka,1,2,Truck,truck knocked down police constables,Bangladesh,event,road accident,2014-05-12,12:34:42,May,5,Partly cloudy,12,May,truck knocked down police constables
6338,Female UZ vice chair dies after road crash,2014-04-25 20:15:28,https://en.prothomalo.com/bangladesh/Female-UZ-vice-chair-dies-after-road-crash,,Khulna,1,0,,road accident,Bangladesh,event,road accident,2014-04-25,20:15:28,Apr,4,Moderate rain,20,Apr,road accident
6351,Chittagong unfit for habitation: Obaidul,2014-08-03 19:27:32,https://en.prothomalo.com/bangladesh/Chittagong-unfit-for-habitation-Obaidul,,Chattogram,0,0,,,Bangladesh,,road accident,2014-08-03,19:27:32,Aug,8,Moderate rain,19,Aug,
6353,10 die as 2 buses collide in Rajbari,2014-05-09 12:33:33,https://en.prothomalo.com/bangladesh/10-die-as-2-buses-collide-in-Rajbari,daulatdia-khulna highway at basantapur,Rajbari,10,23,Bus,head-on collision,Bangladesh,event,road accident,2014-05-09,12:33:33,May,5,Partly cloudy,12,May,head-on collision
6356,2 killed in Sirajganj road crash,2014-06-03 13:44:33,https://en.prothomalo.com/bangladesh/2-killed-in-Sirajganj-road-crash-2,highway villa area,Sirajganj,2,10,Traffic,traffic accident,Bangladesh,event,road accident,2014-06-03,13:44:33,Jun,6,Light rain,13,Jun,traffic accident
6362,Ferry capsize toll reaches 12,2014-05-15 23:51:15,https://en.prothomalo.com/bangladesh/Ferry-capsize-toll-reaches-12,river meghna at gazaria,Munshiganj,12,50,,capsizing,Bangladesh,event,road accident,2014-05-15,23:51:15,May,5,Moderate rain,23,May,capsizing
6363,4 killed in Comilla road crash,2014-05-15 19:45:15,https://en.prothomalo.com/bangladesh/4-killed-in-Comilla-road-crash,chouddagram upazila,Cumilla,4,12,"Bus, Ambulance, Tractor",triangular collision,Bangladesh,event,road accident,2014-05-15,19:45:15,May,5,Dense rain,19,May,triangular collision
6369,Tofail sorry for N'ganj 7-murder,2014-05-10 21:46:33,https://en.prothomalo.com/bangladesh/Tofail-sorry-for-N-ganj-7-murder,narayanganj,Narayanganj,7,0,,murder,Bangladesh,event,road accident,2014-05-10,21:46:33,May,5,Partly cloudy,21,May,murder
6373,3 schoolboys killed in Tangail road crash,2014-03-26 21:53:38,https://en.prothomalo.com/bangladesh/3-schoolboys-killed-in-Tangail-road-crash,asimtala,Tangail,3,0,Motorcycle And Bus,motorcycle crashed into a bus,Bangladesh,event,road accident,2014-03-26,21:53:38,Mar,3,Moderate rain,21,Mar,motorcycle crashed into a bus
6375,5 killed in Gazipur-Tangi road clashes,2014-04-15 11:41:54,https://en.prothomalo.com/bangladesh/4-killed-in-truck-human-hauler-collision,dhaka-tangail highway,Gazipur,4,5,"Truck, Human-Hauler",head-on collision,Bangladesh,event,road accident,2014-04-15,11:41:54,Apr,4,Mainly clear,11,Apr,head-on collision
6379,155 CC cameras in Dhaka closed for 4 years,2014-12-07 13:58:40,https://en.prothomalo.com/bangladesh/CC-cameras-closed-in-Dhaka,saarc fountain intersection,Dhaka,1,0,Bus,hit and run,Bangladesh,event,road accident,2014-12-07,13:58:40,Dec,12,Partly cloudy,13,Dec,hit and run
6393,Minister fails to ensure passenger safety,2014-08-06 11:09:29,https://en.prothomalo.com/bangladesh/Minister-fails-to-ensure-passenger-safety,"mawa route, paturia",Manikganj,0,0,Ferry,overloading passengers or goods beyond capacity,Bangladesh,event,road accident,2014-08-06,11:09:29,Aug,8,Moderate rain,11,Aug,overloading passengers or goods beyond capacity
6394,Mozena narrowly escapes road mishap,2014-05-09 22:28:54,https://en.prothomalo.com/bangladesh/Mozena-narrowly-escapes-road-mishap,village road,Gazipur,0,0,Car,loss of control and sliding over a bend,Bangladesh,event,road accident,2014-05-09,22:28:54,May,5,Squalls,22,May,loss of control and sliding over a bend
6403,UN concerned about Sundarbans oil spill,2014-12-11 09:22:43,https://en.prothomalo.com/bangladesh/UN-concerned-about-Sundarbans-oil-spill,sundarbans,Bagerhat,0,0,Tanker And Cargo Vessel,collision between two vessels,Bangladesh,event,road accident,2014-12-11,09:22:43,Dec,12,Partly cloudy,9,Dec,collision between two vessels
6429,"Please, let me live: Nancy",2014-08-20 12:33:20,https://en.prothomalo.com/entertainment/Please-let-me-live-Nancy,netrakona residence,Netrakona,0,1,,overdose on sleeping pills,Bangladesh,event,road accident,2014-08-20,12:33:20,Aug,8,,12,Aug,overdose on sleeping pills
6431,Microbus gas cylinder blast kills 3 in Ctg,2014-03-17 15:15:21,,suabeel,Chattogram,4,7,Microbus,gas cylinder explosion,Bangladesh,event,road accident,2014-03-17,15:15:21,Mar,3,Clear sky,15,Mar,gas cylinder explosion
6441,Bodies of tourist couple found in Kaptai Lake,2014-03-22 11:37:41,https://en.prothomalo.com/bangladesh/Bodies-of-tourist-couple-found-in-Kaptai-Lake,kaptai lake,Rangamati,2,1,Engine Boat,boat capsize due to high winds,Bangladesh,event,road accident,2014-03-22,11:37:41,Mar,3,,11,Mar,boat capsize due to high winds
6449,Dhaka not pedestrian friendly,2014-11-26 09:00:32,https://en.prothomalo.com/bangladesh/Dhaka-not-pedestrian-friendly,dhaka,Dhaka,0,0,,,Bangladesh,,road accident,2014-11-26,09:00:32,Nov,11,"Snow, blowing",9,Nov,
6463,7 die in ferry capsize,2014-05-03 22:58:10,https://en.prothomalo.com/bangladesh/7-die-in-ferry-capsize,kolagachia river in golachipa upazila,Patuakhali,7,20,,launch capsized,Bangladesh,event,road accident,2014-05-03,22:58:10,May,5,Light rain,22,May,launch capsized
6468,Tejturi Bazar burn victim dies,2014-04-11 11:44:39,https://en.prothomalo.com/bangladesh/Tejturi-Bazar-burn-victim-dies,"tejturi bazar, tejgaon area",Dhaka,1,11,Van,short circuit spreading to flammable chemical materials,Bangladesh,event,road accident,2014-04-11,11:44:39,Apr,4,Mainly clear,11,Apr,short circuit spreading to flammable chemical materials
6472,Pedestrian-unfriendly Dhaka,2014-11-30 15:38:51,https://en.prothomalo.com/opinion/Pedestrian-unfriendly-Dhaka,sonargaon intersection of kawran bazar,Dhaka,0,0,,obstruction of free pedestrian movement,Bangladesh,event,road accident,2014-11-30,15:38:51,Nov,11,"rain, freezing",15,Nov,obstruction of free pedestrian movement
6477,Galachipa Ferry Capsize: Ferry owners to be blamed,2014-05-05 20:26:23,https://en.prothomalo.com/opinion/Galachipa-Ferry-Capsize-Ferry-owners-to-be-blamed,galachipa,Patuakhali,12,0,,"design and technical flaws, negligence of authorities, and owner's lack of risk assessment",Bangladesh,event,road accident,2014-05-05,20:26:23,May,5,Heavy rain,20,May,design and technical flaws negligence of authorities and owners lack of risk assessment
6005,Reckless bike takes Runa’s life,2015-10-21 18:39:19,,motijheel agb colony,Dhaka,1,0,Motorcycle,reckless driving and scarf entanglement with motorcycle wheel,Bangladesh,event,road accident,2015-10-21,18:39:19,Oct,10,Mainly clear,18,Oct,reckless driving and scarf entanglement with motorcycle wheel
6012,3 killed in Tangail road crash,2015-01-13 10:52:54,https://en.prothomalo.com/bangladesh/3-killed-in-Tangail-road-crash,near bangabandhu bridge,Sirajganj,3,9,Taxicab And Truck,head-on collision,Bangladesh,event,road accident,2015-01-13,10:52:54,Jan,1,Partly cloudy,10,Jan,head-on collision
6016,Narayanganj road crash kills 4,2015-02-27 16:11:19,https://en.prothomalo.com/bangladesh/Narayanganj-road-crash-kills-4,dhaka-sylhet highway of rupganj upazila in narayanganj,Narayanganj,4,2,"Truck, Auto Rickshaw",truck crushed auto rickshaw,Bangladesh,event,road accident,2015-02-27,16:11:19,Feb,2,Mainly clear,16,Feb,truck crushed auto rickshaw
6029,3 killed in Bogra road crash,2015-03-12 21:43:53,https://en.prothomalo.com/bangladesh/3-killed-in-Bogra-road-crash-2,dhaka-bogra highway,Sherpur,3,2,Other,,Bangladesh,event,road accident,2015-03-12,21:43:53,Mar,3,Clear sky,21,Mar,
6030,3 killed in Bogra road crash,2015-03-12 21:43:53,https://en.prothomalo.com/bangladesh/3-killed-in-Bogra-road-crash,dhaka-bogra highway,Sherpur,3,2,,,Bangladesh,event,road accident,2015-03-12,21:43:53,Mar,3,Clear sky,21,Mar,
6032,City road crash kills 1,2014-12-31 10:40:16,https://en.prothomalo.com/bangladesh/City-road-crash-kills-1,karwan bazar,Dhaka,1,0,,,Bangladesh,event,road accident,2014-12-31,10:40:16,Dec,12,Light rain,10,Dec,
6035,Auto-rickshaws banned on 22 highways,2015-08-07 21:30:31,https://en.prothomalo.com/bangladesh/Auto-rickshaws-ban-on-22-highways,"companyganj residence, noakhali",Noakhali,0,0,"Auto Rickshaw, Tempo, Other",to avoid accidents,Bangladesh,event,road accident,2015-08-07,21:30:31,Aug,8,Dense rain,21,Aug,to avoid accidents
6047,6 killed in road crashes,2015-06-03 15:00:56,https://en.prothomalo.com/bangladesh/2-killed-in-B-baria-road-crash,"brahmanbaria, pabna and dhaka",Brahmanbaria,6,0,Cars,,Bangladesh,event,road accident,2015-06-03,15:00:56,Jun,6,Dense rain,15,Jun,
6054,"Father, daughter killed in Keraniganj road crash",2015-02-05 21:19:59,https://en.prothomalo.com/bangladesh/Father-daughter-killed-in-Keraniganj-road-crash,dhaka-mawa highway,Dhaka,2,0,,,Bangladesh,event,road accident,2015-02-05,21:19:59,Feb,2,Partly cloudy,21,Feb,
6060,Death on the highways,2015-04-11 10:14:49,https://en.prothomalo.com/opinion/Death-on-the-highways-3,bhanga municipal area,Faridpur,25,0,Bus,serious accident,Bangladesh,event,road accident,2015-04-11,10:14:49,Apr,4,Moderate rain,10,Apr,serious accident
6062,Death on the highways,2015-04-11 10:14:49,https://en.prothomalo.com/opinion/Death-on-the-highways,bhanga municipal area,Faridpur,25,25,Bus,,Bangladesh,event,road accident,2015-04-11,10:14:49,Apr,4,Moderate rain,10,Apr,
6066,Tangled web of overhead cables,2015-07-05 17:00:45,https://en.prothomalo.com/bangladesh/Tangled-web-of-overhead-cables,"gulshan, banani, mohakhali, karwan bazar, mirpur",Dhaka,0,0,,illegal overhead cables entangled with electricity lines and transformers,Bangladesh,event,road accident,2015-07-05,17:00:45,Jul,7,Moderate rain,17,Jul,illegal overhead cables entangled with electricity lines and transformers
6073,Cop among 3 killed in Sirajganj road crash,2014-12-31 13:56:54,https://en.prothomalo.com/bangladesh/Cop-among-3-killed-in-Sirajganj-road-crash,koddar intersection of bangabandhu bridge (west) connecting road,Sirajganj,3,3,"Bus, Truck, Van",truck ran into a stationary bus,Bangladesh,event,road accident,2014-12-31,13:56:54,Dec,12,Moderate rain,13,Dec,truck ran into a stationary bus
6080,Satkhira road crash kills woman,2014-12-05 12:44:41,https://en.prothomalo.com/bangladesh/Satkhira-road-crash-kills-woman,satkhira town,Satkhira,1,0,Other,,Bangladesh,event,road accident,2014-12-05,12:44:41,Dec,12,Partly cloudy,12,Dec,
6081,"Truck driver, asst burnt to death",2015-02-03 15:51:17,https://en.prothomalo.com/bangladesh/Truck-driver-and-assistant-burnt-to-death,dhaka-barisal highway in gaurnadi upazila,Dhaka,2,0,Truck,petrol bomb attack,Bangladesh,event,road accident,2015-02-03,15:51:17,Feb,2,Partly cloudy,15,Feb,petrol bomb attack
6083,Narsingdi road crash kills 2,2014-12-19 13:21:02,https://en.prothomalo.com/bangladesh/Narsingdi-road-crash-kills-2-4,dhaka-sylhet highway in front of bscic industrial area at kararchar,Nawabganj,2,3,"Bus, Auto-Rickshaw",bus rammed auto-rickshaw,Bangladesh,event,road accident,2014-12-19,13:21:02,Dec,12,Partly cloudy,13,Dec,bus rammed autorickshaw
6084,Narsingdi road crash kills 2,2014-12-19 13:21:02,https://en.prothomalo.com/bangladesh/Narsingdi-road-crash-kills-2-2,bscic industrial area at kararchar,Habiganj,2,3,"Bus, Cng-Run Auto-Rickshaw",bus rammed a cng-run auto-rickshaw,Bangladesh,event,road accident,2014-12-19,13:21:02,Dec,12,Partly cloudy,13,Dec,bus rammed a cngrun autorickshaw
6085,Narsingdi road crash kills 2,2014-12-19 13:21:02,https://en.prothomalo.com/bangladesh/Narsingdi-road-crash-kills-2,dhaka-sylhet highway in front of bscic industrial area,Nawabganj,2,3,"Bus, Auto-Rickshaw",bus rammed auto-rickshaw,Bangladesh,event,road accident,2014-12-19,13:21:02,Dec,12,Partly cloudy,13,Dec,bus rammed autorickshaw
6086,Driver held in connection with death of 3 Rajshahi College girls,2014-12-11 14:00:58,https://en.prothomalo.com/bangladesh/Driver-held-in-connection-with-death-of-3-Rajshahi,rajshahi,Rajshahi,3,0,Bus,bus turned turtle,Bangladesh,event,road accident,2014-12-11,14:00:58,Dec,12,,14,Dec,bus turned turtle
6094,"Pinak-6 capsize: A year on, wound remains",2015-08-04 20:03:14,https://en.prothomalo.com/bangladesh/Pinak-6-capsize-A-year-on-wound-remains,padma river,Munshiganj,49,112,Launch (Pinak-6),overloaded with passengers,Bangladesh,event,road accident,2015-08-04,20:03:14,Aug,8,Light rain,20,Aug,overloaded with passengers
6098,Chakaria death toll rises to 4,2015-01-16 17:54:02,https://en.prothomalo.com/bangladesh/Chakaria-death-toll-rises-to-4,chittagong-cox's bazar highway,Cox's Bazar,4,0,"Microbus, Picnic Bus",head-on collision between a picnic bus and a microbus,Bangladesh,event,road accident,2015-01-16,17:54:02,Jan,1,Partly cloudy,17,Jan,headon collision between a picnic bus and a microbus
6107,No lack of excuses to strike,2015-05-25 08:24:49,https://en.prothomalo.com/bangladesh/Transport-strikes-at-meagre-excuses,"madhukhali, faridpur",Faridpur,0,0,Bus,robbery and arrest of bus staff,Bangladesh,event,road accident,2015-05-25,08:24:49,May,5,Light rain,8,May,robbery and arrest of bus staff
6122,Madrasah teacher killed in Rajshahi bike crash,2014-11-01 10:09:55,https://en.prothomalo.com/bangladesh/Madrasah-teacher-killed-in-Rajshahi-bike-crash,shah makhdum airport area,Rajshahi,1,0,"Truck, Motorcycle",truck knocked down motorcycle,Bangladesh,event,road accident,2014-11-01,10:09:55,Nov,11,,10,Nov,truck knocked down motorcycle
6126,14 injured in Gulistan traffic crash,2014-11-17 13:20:14,https://en.prothomalo.com/bangladesh/14-injured-in-Gulistan-traffic-crash,toll plaza in front of mayor mohhad hanif flyover,Dhaka,0,14,Bus,rear-end collision,Bangladesh,event,road accident,2014-11-17,13:20:14,Nov,11,Squalls,13,Nov,rearend collision
6134,"3 killed in road crashes in Mirsharai, Savar",2014-12-05 22:41:59,https://en.prothomalo.com/bangladesh/3-killed-in-road-crashes-in-Mirsharai-Savar,"sufia road, nayarhat area of ashulia, dhaka-aricha highway",Dhaka,3,8,"Covered Van, Cng-Run Auto-Rickshaw, Bus, Three-Wheeler","collision between vehicles, bus rammed three-wheeler",Bangladesh,event,road accident,2014-12-05,22:41:59,Dec,12,Partly cloudy,22,Dec,collision between vehicles bus rammed threewheeler
6140,"Mother, son drown in Buriganga",2014-10-01 16:11:26,https://en.prothomalo.com/bangladesh/Mother-son-drown-in-Buriganga,river buriganga near sadarghat terminal,Dhaka,2,1,Launch And Boat,launch hit the boat,Bangladesh,event,road accident,2014-10-01,16:11:26,Oct,10,Mainly clear,16,Oct,launch hit the boat
6152,Munshiganj road crash kills 2,2014-10-26 10:35:40,https://en.prothomalo.com/bangladesh/Munshiganj-road-crash-kills-2-2,madhyam farazi kandi on the dhaka-chittagong highway,Munshiganj,2,25,,,Bangladesh,event,road accident,2014-10-26,10:35:40,Oct,10,Moderate rain,10,Oct,
6153,Munshiganj road crash kills 2,2014-10-26 10:35:40,https://en.prothomalo.com/bangladesh/Munshiganj-road-crash-kills-2,dhaka-chittagong highway,Munshiganj,2,25,,,Bangladesh,event,road accident,2014-10-26,10:35:40,Oct,10,Moderate rain,10,Oct,
6163,"Man killed, 10 hurt in Mymensingh road crash",2014-08-29 17:33:40,https://en.prothomalo.com/bangladesh/Man-killed-10-hurt-in-Mymensingh-road-crash,mymensingh-kishoreganj highway at sharshi,Mymensingh,1,10,"Bus, Truck",head-on collision,Bangladesh,event,road accident,2014-08-29,17:33:40,Aug,8,Light rain,17,Aug,head-on collision
6181,Steel mill explosion burns 4,2014-10-26 16:13:38,,shyampur,Dhaka,0,4,Other (Industrial),furnace exploded,Bangladesh,event,road accident,2014-10-26,16:13:38,Oct,10,Light rain,16,Oct,furnace exploded
6182,Cop killed in Tangail road crash,2014-09-08 17:09:37,,kurni,Tangail,1,7,"Bus, Police Vehicle",bus hitting a police vehicle,Bangladesh,event,road accident,2014-09-08,17:09:37,Sep,9,Dense rain,17,Sep,bus hitting a police vehicle
6185,Zaglul Ahmed Chowdhury laid to rest,2014-12-01 23:06:15,https://en.prothomalo.com/bangladesh/Zaglul-Ahmed-Chowdhury-laid-to-rest,dhaka,Dhaka,1,0,,,Bangladesh,event,road accident,2014-12-01,23:06:15,Dec,12,Partly cloudy,23,Dec,
6197,2 killed in Narsingdi road crash,2014-09-06 22:34:46,https://en.prothomalo.com/bangladesh/accident/2-killed-in-narsingdi-road-crash,dhaka-sylhet highway in shibpur upazila,Narsingdi,2,3,Other,,Bangladesh,event,road accident,2014-09-06,22:34:46,Sep,9,Partly cloudy,22,Sep,
6198,2 killed in Narsingdi road crash,2014-09-06 22:34:46,https://en.prothomalo.com/bangladesh/2-killed-in-Narsingdi-road-crash,dhaka-sylhet highway,Dhaka,2,3,Other,,Bangladesh,event,road accident,2014-09-06,22:34:46,Sep,9,Partly cloudy,22,Sep,
6201,"Twin boys, mother die as bus falls in ditch",2014-10-05 12:41:02,https://en.prothomalo.com/bangladesh/Twin-boys-mother-die-as-bus-falls-in-ditch,comilla-sylhet highway,Brahmanbaria,3,0,Microbus,plunged into water,Bangladesh,event,road accident,2014-10-05,12:41:02,Oct,10,Clear sky,12,Oct,plunged into water
6206,Truck runs over 2 siblings,2014-09-28 10:29:06,https://en.prothomalo.com/bangladesh/Truck-runs-over-2-siblings,satkhira town,Satkhira,2,1,Truck,truck ran over siblings,Bangladesh,event,road accident,2014-09-28,10:29:06,Sep,9,Precipitation within sight,10,Sep,truck ran over siblings
6212,7 bodies recovered after Padma boat capsize,2014-07-31 11:11:30,https://en.prothomalo.com/bangladesh/7-bodies-recovered-after-Padma-boat-capsize,river padma,Kushtia,7,0,,boat capsize,Bangladesh,event,road accident,2014-07-31,11:11:30,Jul,7,Moderate rain,11,Jul,boat capsize
6214,2 killed in Mirzapur collision,2014-08-24 13:02:22,https://en.prothomalo.com/bangladesh/2-killed-in-Mirzapur-collision,mirzapur upazila,Tangail,2,0,Passenger Bus And A Fish-Laden Pick-Up,collision,Bangladesh,event,road accident,2014-08-24,13:02:22,Aug,8,Moderate rain,13,Aug,collision
6232,3 killed in Comilla road crash,2014-07-27 18:33:43,https://en.prothomalo.com/bangladesh/3-killed-in-Comilla-road-crash-5,"nuritala, chandina upazila",Cumilla,3,2,"Bus, Pick-Up Van",bus rammed a pick-up van,Bangladesh,event,road accident,2014-07-27,18:33:43,Jul,7,Moderate rain,18,Jul,bus rammed a pickup van
6233,3 killed in Comilla road crash,2014-07-27 18:33:43,https://en.prothomalo.com/bangladesh/3-killed-in-Comilla-road-crash-4,"nuritala, chandina upazila, comilla",Cumilla,3,2,"Bus, Pick-Up Van",bus rammed a pick-up van,Bangladesh,event,road accident,2014-07-27,18:33:43,Jul,7,Moderate rain,18,Jul,bus rammed a pickup van
6234,3 killed in Comilla road crash,2014-07-27 18:33:43,https://en.prothomalo.com/bangladesh/3-killed-in-Comilla-road-crash-2,dhaka-chittagong highway at nuritala,Cumilla,3,2,"Bus, Pick-Up Van",bus rammed a pick-up van,Bangladesh,event,road accident,2014-07-27,18:33:43,Jul,7,Moderate rain,18,Jul,bus rammed a pickup van
6236,Clinker-laden coaster sinks in Meghna River,2014-08-26 11:31:14,https://en.prothomalo.com/bangladesh/Clinker-laden-coaster-sinks-in-Meghna-River,meghna river near old market area,Chandpur,0,0,Coaster And Oil-Laden Tanker,collision between coaster and oil-laden tanker,Bangladesh,event,road accident,2014-08-26,11:31:14,Aug,8,Moderate rain,11,Aug,collision between coaster and oilladen tanker
6237,2 traders killed in Magura road crash,2014-07-26 17:47:34,https://en.prothomalo.com/bangladesh/2-traders-killed-in-Magura-road-crash,kasundi,Magura,2,7,"Truck, Pick-Up",truck rammed into a pick-up,Bangladesh,event,road accident,2014-07-26,17:47:34,Jul,7,Light rain,17,Jul,truck rammed into a pickup
6238,6 killed in Nilphamari road crash,2014-06-21 14:51:53,https://en.prothomalo.com/bangladesh/6-killed-in-Nilphamari-road-crash,kishoreganj-taraganj highway at dharerbazar,Kishoreganj,6,10,Bus And Ambulance,bus smashed an ambulance,Bangladesh,event,road accident,2014-06-21,14:51:53,Jun,6,Light rain,14,Jun,bus smashed an ambulance
6241,4 killed in a Tangail road crash,2014-06-28 10:19:02,,dhaka-tangail highway at jokarchar,Tangail,4,0,Truck And Pick-Up Van,truck rammed into a pick-up van,Bangladesh,event,road accident,2014-06-28,10:19:02,Jun,6,Moderate rain,10,Jun,truck rammed into a pickup van
6242,Sundarbans in grave danger,2014-12-11 10:06:13,https://en.prothomalo.com/opinion/Sundarbans-in-grave-danger,"river shela, sundarbans",,0,0,Tanker,capsized,Bangladesh,event,road accident,2014-12-11,10:06:13,Dec,12,,10,Dec,unknown
6243,3 killed in M’singh as 2 trucks collide,2014-07-04 13:09:09,https://en.prothomalo.com/bangladesh/3-killed-in-M’singh-as-2-trucks-collide,meherabari,Mymensingh,3,1,Two Trucks,head-on collision,Bangladesh,event,road accident,2014-07-04,13:09:09,Jul,7,Light rain,13,Jul,head-on collision
6246,2 killed in Mymensingh road crash,2014-07-25 13:21:47,https://en.prothomalo.com/bangladesh/accident/xmi9mzllmi,netrakona-mymensingh highway at kashiganj,Mymensingh,2,10,"Bus, Private Car",bus rammed into a private car,Bangladesh,event,road accident,2014-07-25,13:21:47,Jul,7,Moderate rain,13,Jul,bus rammed into a private car
6247,2 killed in Mymensingh road crash,2014-07-25 13:21:47,https://en.prothomalo.com/bangladesh/2-killed-in-Mymensingh-road-crash-3,netrakona-mymensingh highway at kashiganj under tarakanda upazila,Mymensingh,2,10,Bus And Private Car,bus rammed into a private car,Bangladesh,event,road accident,2014-07-25,13:21:47,Jul,7,Moderate rain,13,Jul,bus rammed into a private car
6248,2 killed in Mymensingh road crash,2014-07-25 13:21:47,https://en.prothomalo.com/bangladesh/2-killed-in-Mymensingh-road-crash,netrakona-mymensingh highway at kashiganj,Mymensingh,2,10,Bus And Private Car,bus rammed into a private car,Bangladesh,event,road accident,2014-07-25,13:21:47,Jul,7,Moderate rain,13,Jul,bus rammed into a private car
6249,4 killed in M’singh road crash,2014-08-15 11:58:27,https://en.prothomalo.com/bangladesh/3-killed-in-M’singh-road-crash,dhaka-mymensingh highway at beltoli,Dhaka,4,2,Bus And Cng-Run Auto-Rickshaw,head-on collision,Bangladesh,event,road accident,2014-08-15,11:58:27,Aug,8,Light rain,11,Aug,head-on collision
6252,2 SUST students among 3 hurt in road crash,2014-07-12 18:16:21,https://en.prothomalo.com/bangladesh/2-SUST-students-among-3-hurt-in-road-crash,akhalia,Chattogram,0,3,Microbus And Auto-Rickshaw,microbus rammed into a cng-run auto-rickshaw,Bangladesh,event,road accident,2014-07-12,18:16:21,Jul,7,Light rain,18,Jul,microbus rammed into a cngrun autorickshaw
6262,Man killed in Panchagarh road crash,2014-06-20 10:57:54,https://en.prothomalo.com/bangladesh/Man-killed-in-Panchagarh-road-crash,dhaka-panchagarh highway,Panchagarh,1,0,Traffic,,Bangladesh,event,road accident,2014-06-20,10:57:54,Jun,6,,10,Jun,
6263,"Ferry sinks with 5 trucks, 2 pickups",2014-06-19 10:44:41,https://en.prothomalo.com/bangladesh/Ferry-sinks-with-5-trucks-2-pickups,madhumati river near kalna ferry ghat,,0,0,"Ferry, Paddy-Laden Trucks, Pickup-Vans",capsized,Bangladesh,event,road accident,2014-06-19,10:44:41,Jun,6,,10,Jun,unknown
6267,8 killed as two buses collide in Narsingdi,2014-08-06 22:07:18,https://en.prothomalo.com/bangladesh/8-killed-as-two-buses-collide-in-Narsingdi,dhaka-sylhet highway at amtala of shibpur,Narsingdi,8,60,Buses,collision and subsequent fire,Bangladesh,event,road accident,2014-08-06,22:07:18,Aug,8,Moderate rain,22,Aug,collision and subsequent fire
6268,Cultural affairs secretary injured in road crash,2014-06-20 18:12:58,https://en.prothomalo.com/bangladesh/Cultural-affairs-secretary-injured-in-road-crash,boraigram upazila,Natore,0,3,Other,,Bangladesh,event,road accident,2014-06-20,18:12:58,Jun,6,Heavy rain,18,Jun,
6286,'Jarip-10' to trace the sunken ferry,2014-08-05 13:36:16,https://en.prothomalo.com/bangladesh/Jarip-10-to-trace-the-sunken-ferry,river padma at mawa,Munshiganj,0,0,,sunken,Bangladesh,event,road accident,2014-08-05,13:36:16,Aug,8,Moderate rain,13,Aug,sunken
6288,24-hr bus strike on Dhaka-Barisal-Madaripur routes underway,2014-07-21 13:12:39,https://en.prothomalo.com/bangladesh/24-hr-bus-strike-on-Dhaka-Barisal-Madaripur-routes,dhaka-barisal and dhaka-madaripur highways,Dhaka,0,0,Bus,demand for compensation rate cut,Bangladesh,event,road accident,2014-07-21,13:12:39,Jul,7,Dense rain,13,Jul,demand for compensation rate cut
6290,Quader blames jaywalkers for traffic jams,2014-08-12 22:28:26,https://en.prothomalo.com/bangladesh/Quader-blames-jaywalkers-for-traffic-jams,dhaka,Dhaka,0,0,"Cars, Motorcycles, Trucks","jaywalking, reckless driving, misuse of stickers",Bangladesh,event,road accident,2014-08-12,22:28:26,Aug,8,Moderate rain,22,Aug,jaywalking reckless driving misuse of stickers
6295,3 killed in Tangail road crash,2014-05-20 18:59:07,https://en.prothomalo.com/bangladesh/3-killed-in-Tangail-road-crash-2,dhaka-tangail highway at postokamari,Tangail,3,3,"Truck, Pick-Up Van",truck rammed into a pick-up van,Bangladesh,event,road accident,2014-05-20,18:59:07,May,5,Partly cloudy,18,May,truck rammed into a pickup van
6296,3 killed in Tangail road crash,2014-05-20 18:59:07,https://en.prothomalo.com/bangladesh/3-killed-in-Tangail-road-crash,dhaka-tangail highway,Tangail,3,3,"Truck, Pick-Up Van",truck rammed into a pick-up van,Bangladesh,event,road accident,2014-05-20,18:59:07,May,5,Partly cloudy,18,May,truck rammed into a pickup van
6303,Will the state not take responsibility of Farzana?,2014-09-08 14:11:12,https://en.prothomalo.com/opinion/Will-the-state-not-take-responsibility-of-Farzana,"kurmitola bihari camp in pallabi, mirpur",Dhaka,9,0,,arson related to land grabbing conflict,Bangladesh,event,road accident,2014-09-08,14:11:12,Sep,9,Moderate rain,14,Sep,arson related to land grabbing conflict
6311,Severed body parts found at Agargaon,2014-05-02 10:37:21,https://en.prothomalo.com/bangladesh/Severed-body-parts-found-at-Agargaon,bangabandhu international conference centre,Dhaka,0,0,,,Bangladesh,event,road accident,2014-05-02,10:37:21,May,5,Light rain,10,May,
6327,Bodies of 3 workers arrive from Malaysia,2014-08-21 12:38:55,https://en.prothomalo.com/bangladesh/Bodies-of-3-workers-arrive-from-Malaysia,malaysia,,3,0,,flyover beam collapse,Bangladesh,event,road accident,2014-08-21,12:38:55,Aug,8,,12,Aug,flyover beam collapse
6338,Female UZ vice chair dies after road crash,2014-04-25 20:15:28,https://en.prothomalo.com/bangladesh/Female-UZ-vice-chair-dies-after-road-crash,dighalia,Khulna,1,0,,road accident,Bangladesh,event,road accident,2014-04-25,20:15:28,Apr,4,Moderate rain,20,Apr,road accident
6350,Demands for a ‘People’s Dhaka’,2015-04-24 13:54:10,,dhaka university campus,Dhaka,0,0,,"sexual harassment, arrogance of power",Bangladesh,event,road accident,2015-04-24,13:54:10,Apr,4,Heavy rain,13,Apr,sexual harassment arrogance of power
6353,10 die as 2 buses collide in Rajbari,2014-05-09 12:33:33,https://en.prothomalo.com/bangladesh/10-die-as-2-buses-collide-in-Rajbari,daulatdia-khulna highway at basantapur,Rajbari,10,23,Bus,head-on collision,Bangladesh,event,road accident,2014-05-09,12:33:33,May,5,Partly cloudy,12,May,head-on collision
6355,7 killed in Jessore road crash,2014-06-03 16:28:04,https://en.prothomalo.com/bangladesh/6-killed-in-Jessore-road-crash,jessore-khulna highway at abhaynagar upazila,Khulna,7,0,Traffic,traffic accident,Bangladesh,event,road accident,2014-06-03,16:28:04,Jun,6,Moderate rain,16,Jun,traffic accident
6362,Ferry capsize toll reaches 12,2014-05-15 23:51:15,https://en.prothomalo.com/bangladesh/Ferry-capsize-toll-reaches-12,river meghna,Munshiganj,12,50,,capsize,Bangladesh,event,road accident,2014-05-15,23:51:15,May,5,Moderate rain,23,May,capsize
6379,155 CC cameras in Dhaka closed for 4 years,2014-12-07 13:58:40,https://en.prothomalo.com/bangladesh/CC-cameras-closed-in-Dhaka,saarc fountain intersection,Dhaka,1,0,Bus,hit-and-run by a bus,Bangladesh,event,road accident,2014-12-07,13:58:40,Dec,12,Partly cloudy,13,Dec,hitandrun by a bus
6394,Mozena narrowly escapes road mishap,2014-05-09 22:28:54,https://en.prothomalo.com/bangladesh/Mozena-narrowly-escapes-road-mishap,gazipur,Gazipur,0,0,Car,loss of control and slid over a bend,Bangladesh,event,road accident,2014-05-09,22:28:54,May,5,Squalls,22,May,loss of control and slid over a bend
6403,UN concerned about Sundarbans oil spill,2014-12-11 09:22:43,https://en.prothomalo.com/bangladesh/UN-concerned-about-Sundarbans-oil-spill,sundarbans,Bagerhat,0,0,Tanker And Cargo Vessel,collision between tanker and cargo vessel,Bangladesh,event,road accident,2014-12-11,09:22:43,Dec,12,Partly cloudy,9,Dec,collision between tanker and cargo vessel
6439,Human trafficking unabated,2014-10-20 15:58:43,https://en.prothomalo.com/bangladesh/Human-trafficking-unabated,cox's bazar coast,,0,0,,human trafficking,Bangladesh,event,road accident,2014-10-20,15:58:43,Oct,10,,15,Oct,human trafficking
6441,Bodies of tourist couple found in Kaptai Lake,2014-03-22 11:37:41,https://en.prothomalo.com/bangladesh/Bodies-of-tourist-couple-found-in-Kaptai-Lake,rangamati dc bungalow,Rangamati,2,1,Engine Boat,boat capsize,Bangladesh,event,road accident,2014-03-22,11:37:41,Mar,3,,11,Mar,boat capsize
6463,7 die in ferry capsize,2014-05-03 22:58:10,https://en.prothomalo.com/bangladesh/7-die-in-ferry-capsize,kolagachia river,Patuakhali,7,20,,capsized amid stormy weather,Bangladesh,event,road accident,2014-05-03,22:58:10,May,5,Light rain,22,May,capsized amid stormy weather
6468,Tejturi Bazar burn victim dies,2014-04-11 11:44:39,https://en.prothomalo.com/bangladesh/Tejturi-Bazar-burn-victim-dies,tejturi bazar,Dhaka,1,11,Van,short circuit and flammable chemical materials,Bangladesh,event,road accident,2014-04-11,11:44:39,Apr,4,Mainly clear,11,Apr,short circuit and flammable chemical materials
6472,Pedestrian-unfriendly Dhaka,2014-11-30 15:38:51,https://en.prothomalo.com/opinion/Pedestrian-unfriendly-Dhaka,sonargaon intersection of kawran bazar,Dhaka,0,0,,obstruction of free pedestrian movement for vehicles,Bangladesh,event,road accident,2014-11-30,15:38:51,Nov,11,"rain, freezing",15,Nov,obstruction of free pedestrian movement for vehicles
6477,Galachipa Ferry Capsize: Ferry owners to be blamed,2014-05-05 20:26:23,https://en.prothomalo.com/opinion/Galachipa-Ferry-Capsize-Ferry-owners-to-be-blamed,galachipa,Patuakhali,12,0,,"design and technical flaws of the ferry, negligence of the authorities, and failure to consider storm risks",Bangladesh,event,road accident,2014-05-05,20:26:23,May,5,Heavy rain,20,May,design and technical flaws of the ferry negligence of the authorities and failure to consider storm risks
6504,Highway horrors,2014-07-08 20:01:57,https://en.prothomalo.com/bangladesh/Highway-horrors,dhaka-mymensingh highway,Dhaka,0,0,All Vehicles,poor road conditions,Bangladesh,event,road accident,2014-07-08,20:01:57,Jul,7,Moderate rain,20,Jul,poor road conditions
536,2 killed in Sirajganj road accident,2018-05-08 10:02:00,https://en.prothomalo.com/bangladesh/2-killed-in-Sirajganj-road-accident,hatikumrul-banpara highway at ramchar in ullahpara upazila,Sirajganj,2,3,Bus And Battery-Run Van,speeding bus ran over them,Bangladesh,event,road accident,2018-05-08,10:02:00,May,5,Light rain,10,May,speeding bus ran over them
698,Education academy DG killed in road accident,2017-05-13 18:10:13,https://en.prothomalo.com/bangladesh/Education-academy-DG-killed-in-road-accident,baroiarhat area,Chattogram,1,0,,,Bangladesh,event,road accident,2017-05-13,18:10:13,May,5,Light rain,18,May,
959,"Mother, son drown as boat sinks in Narail",2022-12-31 09:44:46,https://en.prothomalo.com/bangladesh/0cfpjhl0ws,nabaganga river in narail's kalia upazila,Narail,2,0,,capsized,Bangladesh,event,road accident,2022-12-31,09:44:46,Dec,12,,9,Dec,unknown
1002,2 killed in Satkhira road accident,2017-01-04 10:57:49,,nehalpur,Satkhira,2,3,Truck,plunged into a roadside ditch,Bangladesh,event,road accident,2017-01-04,10:57:49,Jan,1,Clear sky,10,Jan,plunged into a roadside ditch
1033,Man killed as concrete block falls off metro rail route,2022-05-31 09:09:06,https://en.prothomalo.com/bangladesh/accident/man-killed-as-concrete-block-falls-off-metro-rail-route,mirpur,Dhaka,1,0,,concrete block fell from under-construction metro rail track,Bangladesh,event,road accident,2022-05-31,09:09:06,May,5,Moderate rain,9,May,concrete block fell from underconstruction metro rail track
1034,Work of BRT project on Uttara part remains suspended,2022-08-16 16:15:51,https://en.prothomalo.com/bangladesh/city/q1v7t4x2fw,uttara,Dhaka,0,0,Bus,lack of safety measures during brt project work,Bangladesh,event,road accident,2022-08-16,16:15:51,Aug,8,Moderate rain,16,Aug,lack of safety measures during brt project work
1076,Panchagarh road crash kills 3 teenagers,2022-05-04 23:00:14,,talma-modelhat road at sadar upazila,Panchagarh,3,0,Motorcycle,crashed into a roadside tree,Bangladesh,event,road accident,2022-05-04,23:00:14,May,5,,23,May,crashed into a roadside tree
1080,No respite from road accidents?,2016-12-19 13:56:25,,dhaka-tangail highway at gazipur,Gazipur,6,9,"Bus, Public Transport Vehicle",head-on collision,Bangladesh,event,road accident,2016-12-19,13:56:25,Dec,12,Partly cloudy,13,Dec,head-on collision
1289,Khulna fuel traders call indefinite strike from 17 February,2022-02-06 13:19:25,https://en.prothomalo.com/bangladesh/local-news/khulna-fuel-traders-call-indefinite-strike-from-17-february,khulna division,Khulna,0,0,Truck (Tanker),,Bangladesh,event,road accident,2022-02-06,13:19:25,Feb,2,Haze,13,Feb,
1296,2 killed as speedboat hits trawler in Meghna river,2021-10-31 12:49:19,https://en.prothomalo.com/bangladesh/accident/2-killed-as-speedboat-hits-trawler-in-meghna-river,meghna river at marichakandi,Brahmanbaria,2,0,Speedboat And Trawler,collision between speedboat and trawler,Bangladesh,event,road accident,2021-10-31,12:49:19,Oct,10,Partly cloudy,12,Oct,collision between speedboat and trawler
1298,"Two drown, 3 missing as ferry sinks off Barishal coast

",2022-04-08 15:54:02,https://en.prothomalo.com/bangladesh/local-news/two-drown-3-missing-as-ferry-sinks-off-barishal-coast,gazaria river,Barishal,2,0,,ferry capsized,Bangladesh,event,road accident,2022-04-08,15:54:02,Apr,4,Mainly clear,15,Apr,ferry capsized
1605,Custodial death of Jesmin to have no impact on BD-US relations: Momen,2023-03-29 22:57:40,https://en.prothomalo.com/bangladesh/nhujpkrdae,rab custody,Naogaon,1,0,,custodial death,Bangladesh,event,road accident,2023-03-29,22:57:40,Mar,3,Squalls,22,Mar,custodial death
1685,"Accused driver in custody, police complete autopsy",2022-12-03 18:14:17,https://en.prothomalo.com/bangladesh/city/j0y4gyj0pb,dhaka university campus,Dhaka,1,0,Car,driver ran over a woman and dragged her,Bangladesh,event,road accident,2022-12-03,18:14:17,Dec,12,Clear sky,18,Dec,driver ran over a woman and dragged her
1774,"Imam killed in Rajshahi road crash

",2021-02-02 08:37:39,https://en.prothomalo.com/bangladesh/accident/imam-killed-in-rajshahi-road-crash,shayergacha area,Rajshahi,1,0,Bus,crushed under the wheels of a bus while crossing a road,Bangladesh,event,road accident,2021-02-02,08:37:39,Feb,2,,8,Feb,crushed under the wheels of a bus while crossing a road
1904,Four killed in separate road crashes in Dinajpur and Magura,2022-05-16 14:56:51,https://en.prothomalo.com/bangladesh/accident/three-killed-in-dinajpur-road-crash,mangalpur area,Dinajpur,3,0,"Truck, Motorcycle",truck hit motorbike,Bangladesh,event,road accident,2022-05-16,14:56:51,May,5,Light rain,14,May,truck hit motorbike
1930,ASI killed in Bhola road crash,2021-05-02 20:39:28,,kunjerhat area,Bhola,1,0,Motorcycle,investigation of a complaint,Bangladesh,event,road accident,2021-05-02,20:39:28,May,5,Light rain,20,May,investigation of a complaint
2046,University teacher among five killed in road crashes,2021-10-14 12:41:13,https://en.prothomalo.com/bangladesh/accident/university-teacher-among-five-killed-in-road-crashes,pirojpur-gopalganj regional highway near kabirajbari in nazirpur upazila,Pirojpur,2,0,"Bus, Battery-Run Auto-Rickshaw",bus hit auto-rickshaw,Bangladesh,event,road accident,2021-10-14,12:41:13,Oct,10,Moderate rain,12,Oct,bus hit autorickshaw
2506,Bicyclist killed by city truck ,2020-07-06 09:49:43,https://en.prothomalo.com/bangladesh/accident/bicyclist-killed-by-city-truck,banani,Dhaka,1,0,"Truck, Bicycle",speeding truck hit bicyclist,Bangladesh,event,road accident,2020-07-06,09:49:43,Jul,7,Light rain,9,Jul,speeding truck hit bicyclist
3047,RMG worker killed in factory wall collapse,2019-12-10 12:46:06,https://en.prothomalo.com/bangladesh/RMG-worker-killed-in-factory-wall-collapse,gouripur in ashulia,Dhaka,1,10,,wall collapse following a blast inside the factory,Bangladesh,event,road accident,2019-12-10,12:46:06,Dec,12,Clear sky,12,Dec,wall collapse following a blast inside the factory
3700,"2 killed, 30 injured in Rangpur road crash",2018-10-24 10:44:16,https://en.prothomalo.com/bangladesh/2-killed-30-injured-in-Rangpur-road-crash,rangpur-bogura highway at khetmadpur in pirganj upazila,Rangpur,2,30,Bus,overtaking,Bangladesh,event,road accident,2018-10-24,10:44:16,Oct,10,Partly cloudy,10,Oct,overtaking
3890,"3 killed, 20 injured in road crash",2018-09-21 10:40:30,https://en.prothomalo.com/bangladesh/3-killed-20-injured-in-road-crash,dhaka-rajshahi highway,Rajshahi,3,20,"Bus, Truck",bus hit a stationary truck,Bangladesh,event,road accident,2018-09-21,10:40:30,Sep,9,,10,Sep,bus hit a stationary truck
3896,5 killed in Tangail road crash,2018-06-28 11:07:10,https://en.prothomalo.com/bangladesh/5-killed-in-Tangail-road-crash,kalihati upazila headquarters,Tangail,5,29,Truck,overturned,Bangladesh,event,road accident,2018-06-28,11:07:10,Jun,6,Light rain,11,Jun,overturned
3944,Families of road crash victims get financial assistance from PM,2018-08-02 16:53:01,,capital,Dhaka,2,0,,,Bangladesh,event,road accident,2018-08-02,16:53:01,Aug,8,Heavy rain,16,Aug,
6198,2 killed in Narsingdi road crash,2014-09-06 22:34:46,https://en.prothomalo.com/bangladesh/2-killed-in-Narsingdi-road-crash,dhaka-sylhet highway,Dhaka,2,3,Other,,Bangladesh,event,road accident,2014-09-06,22:34:46,Sep,9,Partly cloudy,22,Sep,
6181,Steel mill explosion burns 4,2014-10-26 16:13:38,,shyampur,Dhaka,0,4,Other (Industrial),furnace exploded,Bangladesh,event,road accident,2014-10-26,16:13:38,Oct,10,Light rain,16,Oct,furnace exploded
6035,Auto-rickshaws banned on 22 highways,2015-08-07 21:30:31,https://en.prothomalo.com/bangladesh/Auto-rickshaws-ban-on-22-highways,"companyganj residence, noakhali",Noakhali,0,0,"Auto Rickshaw, Tempo, Other",to avoid accidents,Bangladesh,event,road accident,2015-08-07,21:30:31,Aug,8,Dense rain,21,Aug,to avoid accidents
6353,10 die as 2 buses collide in Rajbari,2014-05-09 12:33:33,https://en.prothomalo.com/bangladesh/10-die-as-2-buses-collide-in-Rajbari,daulatdia-khulna highway at basantapur,Rajbari,10,23,Bus,head-on collision,Bangladesh,event,road accident,2014-05-09,12:33:33,May,5,Partly cloudy,12,May,head-on collision
